getpwuid_r did not find a match for uid 501
Filtering the log data using "process == "sensemobile""
Timestamp               Ty Process[PID:TID]
2026-08-22 18:31:09.537 Df sensemobile[22550:10811] [com.apple.xpc:connection] [0x106005290] activating connection: mach=true listener=false peer=false name=com.apple.cfprefsd.daemon
2026-08-22 18:31:09.544 Df sensemobile[22550:10811] [com.apple.UserNotifications:Connections] [com.dogmomhq.sensemobile] Creating a user notification center
2026-08-22 18:31:09.566 A  sensemobile[22550:10847] (CoreFoundation) Loading Preferences From User Session CFPrefsD
2026-08-22 18:31:09.566 Df sensemobile[22550:10811] (libMobileGestalt.dylib) No persisted cache on this platform.
2026-08-22 18:31:09.572 Df sensemobile[22550:10848] [com.apple.BoardServices:XPCErrors] [C:1] Alloc com.apple.frontboard.systemappservices
2026-08-22 18:31:09.572 Df sensemobile[22550:10844] [com.apple.UIKit:BackgroundTask] Creating new assertion because there is no existing background assertion.
2026-08-22 18:31:09.572 Df sensemobile[22550:10844] [com.apple.UIKit:BackgroundTask] Creating new background assertion
2026-08-22 18:31:09.572 Df sensemobile[22550:10844] [com.apple.UIKit:BackgroundTask] Created new background assertion <BKSProcessAssertion: 0x600002107250>
2026-08-22 18:31:09.573 Df sensemobile[22550:10848] [com.apple.xpc:connection] [0x106406540] activating connection: mach=false listener=false peer=false name=(anonymous)
2026-08-22 18:31:09.572 Df sensemobile[22550:10844] [com.apple.runningboard:connection] Initializing connection
2026-08-22 18:31:09.573 Df sensemobile[22550:10844] [com.apple.runningboard:process] Removing all cached process handles
2026-08-22 18:31:09.587 Df sensemobile[22550:10844] [com.apple.runningboard:connection] Creating connection to com.apple.runningboard
2026-08-22 18:31:09.587 Df sensemobile[22550:10844] [com.apple.xpc:connection] [0x106005180] activating connection: mach=true listener=false peer=false name=com.apple.runningboard
2026-08-22 18:31:09.587 Df sensemobile[22550:10849] [com.apple.runningboard:connection] Sending handshake request attempt #1 to server
2026-08-22 18:31:09.588 Df sensemobile[22550:10811] [com.apple.UIKit:Application] Deactivation reason added: 10; deactivation reasons: 0 -> 1024; animating application lifecycle event: 0
2026-08-22 18:31:09.588 Df sensemobile[22550:10811] [com.apple.BoardServices:Injection] activating monitor for service com.apple.frontboard.open
2026-08-22 18:31:09.589 Df sensemobile[22550:10849] [com.apple.runningboard:connection] Handshake succeeded
2026-08-22 18:31:09.589 Df sensemobile[22550:10849] [com.apple.runningboard:connection] Identity resolved as app<com.dogmomhq.sensemobile((null))>
2026-08-22 18:31:09.589 Df sensemobile[22550:10811] [com.apple.BoardServices:Injection] activating monitor for service com.apple.frontboard.workspace-service
2026-08-22 18:31:09.589 Df sensemobile[22550:10811] [com.apple.FrontBoard:Common] FBSWorkspace registering source: com.apple.frontboard.systemappservices
2026-08-22 18:31:09.588 A  sensemobile[22550:10848] (RunningBoardServices) didChangeInheritances
2026-08-22 18:31:09.590 Df sensemobile[22550:10844] [com.apple.UIKit:BackgroundTask] Incrementing reference count for background assertion <BKSProcessAssertion: 0x600002107250>
2026-08-22 18:31:09.590 Df sensemobile[22550:10844] [com.apple.UIKit:BackgroundTask] Created background task <_UIBackgroundTaskInfo: 0x600001705f80>: taskID = 1, taskName = Launch Background Task for Coalescing, creationTime = 1019 (elapsed = 0).
2026-08-22 18:31:09.590 Df sensemobile[22550:10844] [com.apple.FrontBoard:SceneExtension] Realizing settings extension _UIApplicationSceneKeyboardSettings on FBSSceneSettings
2026-08-22 18:31:09.591 Df sensemobile[22550:10844] [com.apple.FrontBoard:SceneExtension] Realizing settings extension <_UISceneOcclusionSettings> on FBSSceneSettings
2026-08-22 18:31:09.591 Df sensemobile[22550:10811] [com.apple.FrontBoard:Common] FBSWorkspace connected to endpoint : <BSServiceConnectionEndpoint: 0x600000209820; target: com.apple.frontboard.systemappservices; service: com.apple.frontboard.workspace-service>
2026-08-22 18:31:09.591 Df sensemobile[22550:10844] [com.apple.FrontBoard:SceneExtension] Realizing settings extension <_UISceneInterfaceProtectionSettings> on FBSSceneSettings
2026-08-22 18:31:09.591 Df sensemobile[22550:10844] [com.apple.FrontBoard:SceneExtension] Realizing settings extension _UISceneLayoutPreferencesHostSettingsExtension on FBSSceneSettings
2026-08-22 18:31:09.591 Df sensemobile[22550:10811] [com.apple.FrontBoard:Common] <FBSWorkspaceScenesClient:0x600003000480 com.apple.frontboard.systemappservices> attempting immediate handshake from activate
2026-08-22 18:31:09.591 Df sensemobile[22550:10844] [com.apple.FrontBoard:SceneExtension] Realizing settings extension _UISceneSafeAreaSettingsExtension on FBSSceneSettings
2026-08-22 18:31:09.591 Df sensemobile[22550:10811] [com.apple.FrontBoard:Common] <FBSWorkspaceScenesClient:0x600003000480 com.apple.frontboard.systemappservices> sent handshake
2026-08-22 18:31:09.591 Df sensemobile[22550:10811] [com.apple.runningboard:general] Added observer for process assertions expiration warning: <_RBSExpirationWarningClient: 0x60000020f9e0>
2026-08-22 18:31:09.592 Df sensemobile[22550:10844] [com.apple.FrontBoard:SceneExtension] Realizing settings extension _UISceneLayoutPreferenceClientSettingsExtension on FBSSceneClientSettings
2026-08-22 18:31:09.592 Df sensemobile[22550:10844] [com.apple.FrontBoard:SceneExtension] Realizing settings extension <_UIHomeAffordanceHostSceneSettings> on FBSSceneSettings
2026-08-22 18:31:09.592 Df sensemobile[22550:10844] [com.apple.FrontBoard:SceneExtension] Realizing settings extension _UISystemShellSceneHostingEnvironmentSettings on FBSSceneSettings
2026-08-22 18:31:09.592 Df sensemobile[22550:10844] [com.apple.FrontBoard:SceneExtension] Realizing settings extension _UISceneRenderingEnvironmentSettings on FBSSceneSettings
2026-08-22 18:31:09.593 Df sensemobile[22550:10844] [com.apple.FrontBoard:SceneExtension] Realizing settings extension <_UISceneRenderingEnvironmentClientSettings> on FBSSceneClientSettings
2026-08-22 18:31:09.593 Df sensemobile[22550:10844] [com.apple.FrontBoard:SceneExtension] Realizing settings extension <_UISceneTransitioningHostSettings> on FBSSceneSettings
2026-08-22 18:31:09.593 Df sensemobile[22550:10844] [com.apple.FrontBoard:SceneExtension] Realizing settings extension <_UISceneFocusSystemSettings> on FBSSceneSettings
2026-08-22 18:31:09.594 Df sensemobile[22550:10844] [com.apple.FrontBoard:SceneExtension] Realizing settings extension _UISceneOrientationSettingsExtension on FBSSceneSettings
2026-08-22 18:31:09.594 Df sensemobile[22550:10844] [com.apple.FrontBoard:SceneExtension] Realizing settings extension _UISceneOrientationClientSettingsExtension on FBSSceneClientSettings
2026-08-22 18:31:09.594 Df sensemobile[22550:10844] [com.apple.FrontBoard:SceneExtension] Realizing settings extension _UISceneWindowingControlClientSettings on FBSSceneClientSettings
2026-08-22 18:31:09.594 Df sensemobile[22550:10844] [com.apple.FrontBoard:SceneExtension] Realizing settings extension <_UISceneHostingContentSizePreferenceClientSettings> on FBSSceneClientSettings
2026-08-22 18:31:09.594 Df sensemobile[22550:10844] [com.apple.FrontBoard:SceneExtension] Realizing settings extension _UISceneHostingTraitCollectionPropagationSettings on FBSSceneSettings
2026-08-22 18:31:09.594 Df sensemobile[22550:10844] [com.apple.FrontBoard:SceneExtension] Realizing settings extension <_UISceneHostingSheetPresentationSettings> on FBSSceneSettings
2026-08-22 18:31:09.594 Df sensemobile[22550:10811] [com.apple.UIKit:UIScreen] Evaluated capturing state as 0 on <UIScreen: 0x106507380> for initial
2026-08-22 18:31:09.595 Df sensemobile[22550:10844] [com.apple.FrontBoard:SceneExtension] Realizing settings extension <_UISceneHostingSheetPresentationClientSettings> on FBSSceneClientSettings
2026-08-22 18:31:09.595 Df sensemobile[22550:10811] [com.apple.UIKit:UIScreen] Evaluated capturing state as 0 on <UIScreen: 0x106507380> for CADisplay KVO
2026-08-22 18:31:09.595 Df sensemobile[22550:10844] [com.apple.FrontBoard:SceneExtension] Realizing settings extension <_UISceneHostingEventDeferringSettings> on FBSSceneSettings
2026-08-22 18:31:09.595 Df sensemobile[22550:10844] [com.apple.FrontBoard:SceneExtension] Realizing settings extension <UIKit__UITypedKeyValueSceneSettings> on FBSSceneSettings
2026-08-22 18:31:09.596 Df sensemobile[22550:10811] [com.apple.Accessibility:AXSupportCommon] Read CategoryName: per-app = 1, category name = (null)
2026-08-22 18:31:09.596 Df sensemobile[22550:10811] [com.apple.Accessibility:AXSupportCommon] Read CategoryName: per-app = 0, category name = (null)
2026-08-22 18:31:09.596 Df sensemobile[22550:10844] [com.apple.FrontBoard:SceneExtension] Realizing settings extension <UIKit__UITypedKeyValueSceneSettings> on FBSSceneClientSettings
2026-08-22 18:31:09.596 Df sensemobile[22550:10844] [com.apple.FrontBoard:SceneExtension] Realizing settings extension <_UISceneHostingViewControllerPreferencePropagationClientSettings> on FBSSceneClientSettings
2026-08-22 18:31:09.596 Df sensemobile[22550:10844] [com.apple.FrontBoard:SceneExtension] Realizing settings extension <_UISceneZoomTransitionSettings> on FBSSceneSettings
2026-08-22 18:31:09.596 Df sensemobile[22550:1084c] [com.apple.FrontBoard:SceneExtension] Realizing settings extension FBSSceneSettingsCore on FBSSceneSettings
2026-08-22 18:31:09.597 Df sensemobile[22550:1084c] [com.apple.FrontBoard:SceneExtension] Realizing settings extension FBSSceneClientSettingsCore on FBSSceneClientSettings
2026-08-22 18:31:09.604 Df sensemobile[22550:10811] [com.apple.dt.xctest:Default] Registering for test daemon availability notify post.
2026-08-22 18:31:09.604 Df sensemobile[22550:10811] [com.apple.dt.xctest:Default] notify_get_state check indicated test daemon not ready.
2026-08-22 18:31:09.604 Df sensemobile[22550:10811] [com.apple.dt.xctest:Default] notify_get_state check indicated test daemon not ready.
2026-08-22 18:31:09.604 Df sensemobile[22550:10811] [com.apple.dt.xctest:Default] notify_get_state check indicated test daemon not ready.
2026-08-22 18:31:09.605 Df sensemobile[22550:10811] [com.apple.UIKit:UpdateScheduler] Selected display: name=LCD (PurpleMain), id=1
2026-08-22 18:31:09.613 Df sensemobile[22550:1084c] [com.apple.FrontBoard:SceneExtension] UIMutableApplicationSceneSettings setting counterpart class: UIApplicationSceneSettings
2026-08-22 18:31:09.613 Df sensemobile[22550:1084c] [com.apple.FrontBoard:SceneExtension] UIMutableApplicationSceneClientSettings setting counterpart class: UIApplicationSceneClientSettings
2026-08-22 18:31:09.613 Df sensemobile[22550:1084c] [com.apple.FrontBoard:SceneExtension] Realizing settings extension FBSSceneTransitionContextCore on FBSSceneTransitionContext
2026-08-22 18:31:09.616 Df sensemobile[22550:10811] [com.apple.UIKit:Application] Deactivation reason added: 5; deactivation reasons: 1024 -> 1056; animating application lifecycle event: 1
2026-08-22 18:31:09.616 Df sensemobile[22550:10811] [com.apple.UIKit:InterfaceStyle] Not push traits update to screen for new style 1, <UIWindowScene: 0x106007d00> (9D03356D-3EEC-47CB-AA5D-74F192BD885B)
2026-08-22 18:31:09.617 Df sensemobile[22550:10811] [com.apple.UIKit:InterfaceStyle] Should send trait collection or coordinate space update, interface style 1 -> 1, <UIWindowScene: 0x106007d00> (9D03356D-3EEC-47CB-AA5D-74F192BD885B)
2026-08-22 18:31:09.617 Df sensemobile[22550:10811] [com.apple.UIKit:InterfaceStyle] Not push traits update to screen for new style 1, <UIWindowScene: 0x106007d00> (9D03356D-3EEC-47CB-AA5D-74F192BD885B)
2026-08-22 18:31:09.617 Df sensemobile[22550:10811] [com.apple.UIKit:HomeAffordanceObservation] Initializing: <_UIHomeAffordanceSceneNotifier: 0x600002910310>; with scene: <UIWindowScene: 0x106007d00>
2026-08-22 18:31:09.617 Df sensemobile[22550:10811] [com.apple.BacklightServices:scenes] 0x600000c10450 setDelegate:<0x600000c10d20 _UIBacklightEnvironment> hasDelegate:YES for environment:sceneID:com.dogmomhq.sensemobile-default
2026-08-22 18:31:09.618 Df sensemobile[22550:10811] [com.apple.UIKit:InterfaceStyle] Not push traits update to screen for new style 1, <UIWindowScene: 0x106007d00> (9D03356D-3EEC-47CB-AA5D-74F192BD885B)
2026-08-22 18:31:09.618 Df sensemobile[22550:10811] [com.apple.UIKit:EventDeferring] [0x6000029104d0] Initialized with scene: <UIWindowScene: 0x106007d00>; behavior: <_UIEventDeferringBehavior_iOS: 0x600000217c40>; availableForProcess: 1, systemShellManagesKeyboardFocus: 1
2026-08-22 18:31:09.618 Df sensemobile[22550:10811] [com.apple.BoardServices:XPCErrors] [C:2] Alloc com.apple.backboard.hid-services.xpc
2026-08-22 18:31:09.618 Df sensemobile[22550:10811] [com.apple.xpc:connection] [0x106406e00] activating connection: mach=false listener=false peer=false name=(anonymous)
2026-08-22 18:31:09.620 Df sensemobile[22550:10848] [com.apple.BackBoard:EventDelivery] BKSHIDEventObserver - connection activation
2026-08-22 18:31:09.620 Df sensemobile[22550:10811] [com.apple.BackBoard:EventDelivery] policyStatus:<BKSHIDEventDeliveryPolicyObserver: 0x600002604360; process scope; status: target> was:none
2026-08-22 18:31:09.620 Df sensemobile[22550:10811] [com.apple.UIKit:KeyWindow] Setting default evaluation strategy for UIUserInterfaceIdiomPhone to LastOneWins
2026-08-22 18:31:09.620 Df sensemobile[22550:10811] [com.apple.UIKit:KeyWindow] Scene target of keyboard event deferring environment did change: 1; scene: UIWindowScene: 0x106007d00; scene identity: com.apple.frontboard.systemappservices/FBSceneManager:sceneID%3Acom.dogmomhq.sensemobile-default
2026-08-22 18:31:09.620 Df sensemobile[22550:10811] [com.apple.UIKit:EventDeferring] [0x6000029104d0] Scene target of event deferring environments did update: scene: 0x106007d00; current systemShellManagesKeyboardFocus: 1; systemShellManagesKeyboardFocusForScene: 1; eligibleForRecordRemoval: 1;
2026-08-22 18:31:09.620 Df sensemobile[22550:10811] [com.apple.UIKit:KeyWindow] Scene became target of keyboard event deferring environment: UIWindowScene: 0x106007d00; scene identity: com.apple.frontboard.systemappservices/FBSceneManager:sceneID%3Acom.dogmomhq.sensemobile-default
2026-08-22 18:31:09.621 Df sensemobile[22550:10811] [com.apple.UIKit:KeyWindow] Stack[KeyWindow] 0x600000c14cf0: Taking no further action for migration from LastOneWins -> SystemShellManaged as there are no scenes
2026-08-22 18:31:09.621 Df sensemobile[22550:10811] [com.apple.UIKit:KeyWindow] Setting default evaluation strategy for UIUserInterfaceIdiomPhone to SystemShellManaged
2026-08-22 18:31:09.621 Df sensemobile[22550:10811] [com.apple.UIKit:KeyWindow] Key window needs update: 0; currentKeyWindowScene: 0x0; evaluatedKeyWindowScene: 0x106007d00; currentApplicationKeyWindow: 0x0; evaluatedApplicationKeyWindow: 0x0; reason: UIWindowScene: 0x106007d00: Window scene became target of keyboard environment
2026-08-22 18:31:09.621 Df sensemobile[22550:10811] [com.apple.UIKit:InterfaceStyle] Not push traits update to screen for new style 1, <UIWindowScene: 0x106007d00> (9D03356D-3EEC-47CB-AA5D-74F192BD885B)
2026-08-22 18:31:09.622 Df sensemobile[22550:10811] [com.apple.UIKit:InterfaceStyle] Not push traits update to screen for new style 1, <UIWindowScene: 0x106007d00> (9D03356D-3EEC-47CB-AA5D-74F192BD885B)
2026-08-22 18:31:09.623 Df sensemobile[22550:10811] [com.apple.UIKit:InterfaceStyle] Not push traits update to screen for new style 1, <UIWindowScene: 0x106007d00> (9D03356D-3EEC-47CB-AA5D-74F192BD885B)
2026-08-22 18:31:09.623 A  sensemobile[22550:10811] (libsystem_trace.dylib) Activity for state dumps
2026-08-22 18:31:09.623 F  sensemobile[22550:10811] [com.apple.runtime-issues:UIKit App Config] `UIScene` lifecycle will soon be required. Failure to adopt will result in an assert in the future.
2026-08-22 18:31:09.623 Df sensemobile[22550:10811] [com.apple.UIKit:InterfaceStyle] Not push traits update to screen for new style 1, <UIWindowScene: 0x106007d00> (9D03356D-3EEC-47CB-AA5D-74F192BD885B)
2026-08-22 18:31:09.624 Df sensemobile[22550:10811] [com.apple.UIKit:AppLifecycle] sceneOfRecord: sceneID: sceneID:com.dogmomhq.sensemobile-default  persistentID: 9D03356D-3EEC-47CB-AA5D-74F192BD885B
2026-08-22 18:31:09.624 Df sensemobile[22550:10811] [com.apple.UIKit:Application] Ignoring already applied deactivation reason: 5; deactivation reasons: 1056
2026-08-22 18:31:09.624 Df sensemobile[22550:10811] [com.apple.UIKit:Application] Deactivation reason added: 11; deactivation reasons: 1056 -> 3104; animating application lifecycle event: 1
2026-08-22 18:31:09.624 Df sensemobile[22550:10811] [com.apple.KeyboardArbiter:Client] startConnection
2026-08-22 18:31:09.624 Df sensemobile[22550:10811] [com.apple.xpc:connection] [0x106509d90] activating connection: mach=true listener=false peer=false name=com.apple.UIKit.KeyboardManagement.hosted
2026-08-22 18:31:09.625 Df sensemobile[22550:10811] (UIKitCore) You've implemented -[<UIApplicationDelegate> application:performFetchWithCompletionHandler:], but you still need to add "fetch" to the list of your supported UIBackgroundModes in your Info.plist.
2026-08-22 18:31:09.625 Df sensemobile[22550:10811] (UIKitCore) You've implemented -[<UIApplicationDelegate> application:didReceiveRemoteNotification:fetchCompletionHandler:], but you still need to add "remote-notification" to the list of your supported UIBackgroundModes in your Info.plist.
2026-08-22 18:31:09.626 Df sensemobile[22550:10811] _setUpFeatureFlags called with release level 2
2026-08-22 18:31:09.699 Df sensemobile[22550:10849] [com.apple.network:] networkd_settings_read_from_file initialized networkd settings by reading plist directly
2026-08-22 18:31:09.699 Df sensemobile[22550:10849] [com.apple.network:] networkd_settings_read_from_file initialized networkd settings by reading plist directly
2026-08-22 18:31:09.699 Df sensemobile[22550:10811] [com.apple.UIKit:Orientation] <UIWindowScene: 0x106007d00> (9D03356D-3EEC-47CB-AA5D-74F192BD885B) Scene updated orientation preferences: none -> ( Pu )
2026-08-22 18:31:09.702 Df sensemobile[22550:10847] [com.apple.CFNetwork:Default] Task <4BA986F2-65CE-4ADA-8A00-0000D0966559>.<1> resuming, timeouts(60.0, 604800.0) qos(0x19) voucher(<OS_voucher: 0x600002109ef0>) activity(00000000-0000-0000-0000-000000000000)
2026-08-22 18:31:09.702 Df sensemobile[22550:10811] [com.apple.UIKit:KeyWindow] Key window API is scene-level: YES
2026-08-22 18:31:09.703 Df sensemobile[22550:10811] [com.apple.UIKit:KeyWindow] UIWindowScene: 0x106007d00: Window became key in scene: UIWindow: 0x10650c170; contextId: 0xCFACEF24: reason: UIWindowScene: 0x106007d00: Window requested to become key in scene: 0x10650c170
2026-08-22 18:31:09.703 Df sensemobile[22550:10811] [com.apple.UIKit:KeyWindow] Key window needs update: 1; currentKeyWindowScene: 0x0; evaluatedKeyWindowScene: 0x106007d00; currentApplicationKeyWindow: 0x0; evaluatedApplicationKeyWindow: 0x10650c170; reason: UIWindowScene: 0x106007d00: Window requested to become key in scene: 0x10650c170
2026-08-22 18:31:09.703 A  sensemobile[22550:10847] (CoreFoundation) Loading Preferences From User Session CFPrefsD
2026-08-22 18:31:09.703 Df sensemobile[22550:10811] [com.apple.UIKit:KeyWindow] Window did become application key: UIWindow: 0x10650c170; contextId: 0xCFACEF24; scene identity: com.apple.frontboard.systemappservices/FBSceneManager:sceneID%3Acom.dogmomhq.sensemobile-default
2026-08-22 18:31:09.703 Df sensemobile[22550:10811] [com.apple.UIKit:EventDeferring] [0x6000029104d0] Begin local event deferring requested for token: 0x60000260da40; environments: 1; reason: UIWindowScene: 0x106007d00: Begin event deferring in keyboardFocus for window: 0x10650c170
2026-08-22 18:31:09.704 Df sensemobile[22550:10849] [com.apple.BackBoard:EventDelivery] BKSHIDEventDeliveryManager - connection activation
2026-08-22 18:31:09.705 Df sensemobile[22550:10811] [com.apple.UIKit:Application] Deactivation reason removed: 10; deactivation reasons: 3104 -> 2080; animating application lifecycle event: 1
2026-08-22 18:31:09.706 Df sensemobile[22550:10811] [com.apple.UIKit:Application] Deactivation reason added: 12; deactivation reasons: 2080 -> 6176; animating application lifecycle event: 1
2026-08-22 18:31:09.706 Df sensemobile[22550:10811] [com.apple.UIKit:Application] Deactivation reason removed: 11; deactivation reasons: 6176 -> 4128; animating application lifecycle event: 1
2026-08-22 18:31:09.707 Df sensemobile[22550:10811] [com.apple.FrontBoard:SceneExtension] Realizing settings extension <_UISceneIntelligenceSupportSettings> on FBSSceneSettings
2026-08-22 18:31:09.708 Df sensemobile[22550:10849] [com.apple.BackBoard:EventDelivery] policyStatus:<BKSHIDEventDeliveryPolicyObserver: 0x600002604360; token: com.apple.frontboard.systemappservices/FBSceneManager:sceneID%3Acom.dogmomhq.sensemobile-default; status: ancestor> was:target
2026-08-22 18:31:09.708 Df sensemobile[22550:10811] [com.apple.UIKit:InterfaceStyle] Not push traits update to screen for new style 1, <UIWindowScene: 0x106007d00> (9D03356D-3EEC-47CB-AA5D-74F192BD885B)
2026-08-22 18:31:09.709 Df sensemobile[22550:10856] [com.apple.UIIntelligenceSupport:xpc] establishing connection to agent
2026-08-22 18:31:09.710 Df sensemobile[22550:10856] [com.apple.xpc:session] [0x600002105bd0] Session created.
2026-08-22 18:31:09.710 Df sensemobile[22550:10856] [com.apple.xpc:session] [0x600002105bd0] Session created from connection [0x106005730]
2026-08-22 18:31:09.711 Df sensemobile[22550:10856] [com.apple.xpc:connection] [0x106005730] activating connection: mach=true listener=false peer=false name=com.apple.uiintelligencesupport.agent
2026-08-22 18:31:09.711 Df sensemobile[22550:10856] [com.apple.xpc:session] [0x600002105bd0] Session activated
2026-08-22 18:31:09.714 Df sensemobile[22550:10811] [com.apple.xpc:connection] [0x106009f90] activating connection: mach=true listener=false peer=false name=com.apple.lsd.mapdb
2026-08-22 18:31:09.724 A  sensemobile[22550:10856] (RunningBoardServices) didChangeInheritances
2026-08-22 18:31:09.726 Df sensemobile[22550:10811] [com.apple.network:activity] Create activity from XPC object <nw_activity 50:1 [5ACB4B31-47C7-405A-AAB4-B49771BC23D3] (reporting strategy default)>
2026-08-22 18:31:09.726 Df sensemobile[22550:10811] [com.apple.network:activity] Create activity from XPC object <nw_activity 50:2 [F74F58B4-9C7B-4ED5-B74A-702F99F5CDC7] (reporting strategy default)>
2026-08-22 18:31:09.726 Df sensemobile[22550:10811] [com.apple.network:activity] Set activity <nw_activity 50:1 [5ACB4B31-47C7-405A-AAB4-B49771BC23D3] (reporting strategy default)> as the global parent
2026-08-22 18:31:09.726 Df sensemobile[22550:10811] [com.apple.UIKit:BackgroundTask] Ending background task with UIBackgroundTaskIdentifier: 1
2026-08-22 18:31:09.727 Df sensemobile[22550:10811] [com.apple.UIKit:BackgroundTask] Ending task with identifier 1 and description: <_UIBackgroundTaskInfo: 0x600001705f80>: taskID = 1, taskName = Launch Background Task for Coalescing, creationTime = 1019 (elapsed = 0), _expireHandler: (null)
2026-08-22 18:31:09.727 Df sensemobile[22550:10811] [com.apple.UIKit:BackgroundTask] Decrementing reference count for assertion <BKSProcessAssertion: 0x600002107250> (used by background task with identifier 1: <_UIBackgroundTaskInfo: 0x600001705f80>: taskID = 1, taskName = Launch Background Task for Coalescing, creationTime = 1019 (elapsed = 0))
2026-08-22 18:31:09.727 Df sensemobile[22550:10811] [com.apple.UIKit:BackgroundTask] Will invalidate assertion: <BKSProcessAssertion: 0x600002107250> for task identifier: 1
2026-08-22 18:31:09.729 Df sensemobile[22550:10847] [com.apple.CFNetwork:Default] Initializing NSHTTPCookieStorage singleton
2026-08-22 18:31:09.729 Df sensemobile[22550:10847] [com.apple.CFNetwork:Default] Initializing CFHTTPCookieStorage singleton
2026-08-22 18:31:09.729 Df sensemobile[22550:10847] [com.apple.CFNetwork:Default] Creating default cookie storage with process/bundle identifier
2026-08-22 18:31:09.730 A  sensemobile[22550:10847] (libsystem_containermanager.dylib) container_system_group_path_for_identifier
2026-08-22 18:31:09.730 Df sensemobile[22550:10847] [com.apple.containermanager:xpc] Requesting container lookup; class = 13, identifier = com.apple.nsurlsessiond, group_identifier = systemgroup.com.apple.nsurlstoragedresources, create = 1, temp = 0, euid = 501, uid = 501
2026-08-22 18:31:09.730 A  sensemobile[22550:10847] (libsystem_containermanager.dylib) container_query_t
2026-08-22 18:31:09.730 Df sensemobile[22550:10847] [com.apple.containermanager:xpc] Query; euid = 501, uid = 501, class = 13, identifier = [com.apple.nsurlsessiond](1), flags = 900000003
2026-08-22 18:31:09.737 Df sensemobile[22550:10811] [com.apple.UIKit:EventDeferring] [0x6000029104d0] Scene target of event deferring environments did update: scene: 0x106007d00; current systemShellManagesKeyboardFocus: 1; systemShellManagesKeyboardFocusForScene: 1; eligibleForRecordRemoval: 1;
2026-08-22 18:31:09.737 Df sensemobile[22550:10811] [com.apple.UIKit:KeyWindow] Scene became target of keyboard event deferring environment: UIWindowScene: 0x106007d00; scene identity: com.apple.frontboard.systemappservices/FBSceneManager:sceneID%3Acom.dogmomhq.sensemobile-default
2026-08-22 18:31:09.737 Df sensemobile[22550:10811] [com.apple.UIKit:EventBus] Event Timing Profile for Touch: not found, path="/System/Library/EventTimingProfiles/Sim.Touch.plist"
2026-08-22 18:31:09.738 Df sensemobile[22550:10811] [com.apple.UIKit:EventBus] Event Timing Profile for Pencil: not found, path="/System/Library/EventTimingProfiles/Sim.Pencil.plist"
2026-08-22 18:31:09.739 Df sensemobile[22550:10811] [com.apple.UIKit:AppLifecycle] sceneOfRecord: sceneID: sceneID:com.dogmomhq.sensemobile-default  persistentID: 9D03356D-3EEC-47CB-AA5D-74F192BD885B
2026-08-22 18:31:09.739 Df sensemobile[22550:10811] [com.apple.UIKit:InterfaceStyle] Not push traits update to screen for new style 1, <UIWindowScene: 0x106007d00> (9D03356D-3EEC-47CB-AA5D-74F192BD885B)
2026-08-22 18:31:09.735 Df sensemobile[22550:10847] [com.apple.containermanager:unspecified] _container_query_get_result_at_index: success
2026-08-22 18:31:09.739 Df sensemobile[22550:10811] [com.apple.UIKit:UpdateScheduler] Target list changed: <CADisplay:LCD PurpleMain>
2026-08-22 18:31:09.739 A  sensemobile[22550:10847] (libsystem_containermanager.dylib) container_copy_object
2026-08-22 18:31:09.741 Df sensemobile[22550:10811] [com.apple.FrontBoard:SceneExtension] Realizing settings extension SBUISecureRenderingSettingsExtension on FBSSceneSettings
2026-08-22 18:31:09.741 Df sensemobile[22550:10847] [com.apple.containermanager:unspecified] container_system_group_path_for_identifier: success
2026-08-22 18:31:09.742 Df sensemobile[22550:10847] [com.apple.CFNetwork:Default] Initializing AlternativeServices Storage singleton
2026-08-22 18:31:09.742 Df sensemobile[22550:10847] [com.apple.FileURL:default] kExcludedFromBackupXattrName set on path: /Users/runner/Library/Developer/CoreSimulator/Devices/E7BD0281-5697-422C-B0CB-659D99F51028/data/Containers/Data/Application/5D9BF771-6E90-4996-9A76-FBB812C4DD36/Library/HTTPStorages/com.dogmomhq.sensemobile
2026-08-22 18:31:09.743 Df sensemobile[22550:10811] [com.apple.UIKit:InterfaceStyle] Not push traits update to screen for new style 1, <UIWindowScene: 0x106007d00> (9D03356D-3EEC-47CB-AA5D-74F192BD885B)
2026-08-22 18:31:09.744 Df sensemobile[22550:10811] [com.apple.UIKit:InterfaceStyle] Not push traits update to screen for new style 1, <UIWindowScene: 0x106007d00> (9D03356D-3EEC-47CB-AA5D-74F192BD885B)
2026-08-22 18:31:09.744 Df sensemobile[22550:10811] [com.apple.UIKit:AppLifecycle] sceneOfRecord: sceneID: sceneID:com.dogmomhq.sensemobile-default  persistentID: 9D03356D-3EEC-47CB-AA5D-74F192BD885B
2026-08-22 18:31:09.744 Df sensemobile[22550:10811] [com.apple.UIKit:Application] Deactivation reason removed: 12; deactivation reasons: 4128 -> 32; animating application lifecycle event: 1
2026-08-22 18:31:09.744 Df sensemobile[22550:10811] [com.apple.KeyboardArbiter:Client] Send setDeactivating: N (-DeactivationReason:SuspendedEventsOnly)
2026-08-22 18:31:09.745 Df sensemobile[22550:10811] [com.apple.UIKit:Application] Deactivation reason removed: 5; deactivation reasons: 32 -> 0; animating application lifecycle event: 0
2026-08-22 18:31:09.750 Df sensemobile[22550:10847] [com.apple.CFNetwork:Default] Connection 0: creating secure tcp or quic connection
2026-08-22 18:31:09.766 Df sensemobile[22550:10847] [com.apple.CFNetwork:Default] Connection 1: enabling TLS
2026-08-22 18:31:09.766 Df sensemobile[22550:10847] [com.apple.CFNetwork:Default] Connection 1: starting, TC(0x0)
2026-08-22 18:31:09.766 Df sensemobile[22550:10847] [com.apple.network:connection] [C1 99A6727D-EFD6-4882-8054-B653B34F43C2 Hostname#640130ae:443 quic-connection, url: https://u.expo.dev/ee740f0c-1158-49cb-86a6-b5ed2d72f8b6, definite, attribution: developer, context: com.apple.CFNetwork.NSURLSession.{FAA5C6F7-068D-470F-B87F-E9EF26D42510}{(null)}{Y}{2}{0x0} (private), proc: C9BCD2D3-D061-3D6C-B7F3-08CFAA8674E9, delegated upid: 0] start
2026-08-22 18:31:09.766 Df sensemobile[22550:10847] [com.apple.network:connection] [C1 Hostname#640130ae:443 initial parent-flow ((null))] event: path:start @0.000s
2026-08-22 18:31:09.769 Df sensemobile[22550:10847] [com.apple.network:connection] [C1 Hostname#640130ae:443 waiting parent-flow (satisfied (Path is satisfied), interface: en0)] event: path:satisfied @0.002s, uuid: 804DA1A4-26EB-4971-8103-06F4BA2FC56A
2026-08-22 18:31:09.776 Df sensemobile[22550:10847] [com.apple.network:connection] [C1 Hostname#640130ae:443 in_progress parent-flow (satisfied (Path is satisfied), interface: en0)] event: flow:start_connect @0.009s
2026-08-22 18:31:09.777 Df sensemobile[22550:10847] [com.apple.network:connection] nw_connection_report_state_with_handler_on_nw_queue [C1] reporting state preparing
2026-08-22 18:31:09.783 Df sensemobile[22550:10856] [com.apple.CFNetwork:Default] Garbage collection for alternative services
2026-08-22 18:31:09.787 Df sensemobile[22550:10847] [com.apple.network:connection] [C1 Hostname#640130ae:443 in_progress parent-flow (satisfied (Path is satisfied), interface: en0)] event: flow:start_child @0.021s
2026-08-22 18:31:09.788 Df sensemobile[22550:10847] [com.apple.network:connection] [C1.1 Hostname#640130ae:443 initial path ((null))] event: path:start @0.021s
2026-08-22 18:31:09.788 Df sensemobile[22550:10847] [com.apple.network:connection] [C1.1 Hostname#640130ae:443 waiting path (satisfied (Path is satisfied), interface: en0)] event: path:satisfied @0.021s, uuid: 804DA1A4-26EB-4971-8103-06F4BA2FC56A
2026-08-22 18:31:09.789 Df sensemobile[22550:10847] [com.apple.network:connection] [C1.1 Hostname#640130ae:443 in_progress transform (satisfied (Path is satisfied), interface: en0)] event: transform:start @0.022s
2026-08-22 18:31:09.789 Df sensemobile[22550:10847] [com.apple.network:connection] [C1.1.1 Hostname#640130ae:443 initial path ((null))] event: path:start @0.022s
2026-08-22 18:31:09.789 Df sensemobile[22550:10847] [com.apple.network:connection] [C1.1.1 Hostname#640130ae:443 waiting path (satisfied (Path is satisfied), interface: en0)] event: path:satisfied @0.022s, uuid: 7C995F4B-3AE4-4350-B93D-EAD0832C8BAC
2026-08-22 18:31:09.804 Df sensemobile[22550:10847] [com.apple.network:connection] [C1.1.1 Hostname#640130ae:443 in_progress resolver (satisfied (Path is satisfied), interface: en0)] event: resolver:start_dns @0.037s
2026-08-22 18:31:09.811 Df sensemobile[22550:10847] [com.apple.CFNetwork:Default] Task <4BA986F2-65CE-4ADA-8A00-0000D0966559>.<1> setting up Connection 1
2026-08-22 18:31:09.811 Df sensemobile[22550:10847] [com.apple.network:connection] nw_endpoint_resolver_update [C1.1.1 Hostname#640130ae:443 in_progress resolver (satisfied (Path is satisfied), interface: en0)] Adding endpoint handler for IPv4#f498306d:443
2026-08-22 18:31:09.814 Df sensemobile[22550:10847] [com.apple.network:connection] nw_endpoint_resolver_update [C1.1.1 Hostname#640130ae:443 in_progress resolver (satisfied (Path is satisfied), interface: en0)] Adding endpoint handler for IPv4#a74e1309:443
2026-08-22 18:31:09.814 Df sensemobile[22550:10847] [com.apple.network:connection] [C1.1.1 Hostname#640130ae:443 in_progress resolver (satisfied (Path is satisfied), interface: en0)] event: resolver:receive_dns @0.047s
2026-08-22 18:31:09.814 Df sensemobile[22550:10847] [com.apple.network:connection] [C1.1.1.1 IPv4#f498306d:443 initial path ((null))] event: path:start @0.047s
2026-08-22 18:31:09.814 Df sensemobile[22550:10847] [com.apple.network:connection] [C1.1.1.1 IPv4#f498306d:443 waiting path (satisfied (Path is satisfied), interface: en0)] event: path:satisfied @0.047s, uuid: B78E701B-A4FF-48D0-AB27-5324FC16F46C
2026-08-22 18:31:09.821 Df sensemobile[22550:10847] [com.apple.network:quic] quic_conn_initialize_inner [C1.1.1.1:2] [-b1e5055fe2db7cd6] created QUIC connection (spin bit enabled)
2026-08-22 18:31:09.822 Df sensemobile[22550:10847] [com.apple.network:connection] [C1.1.1.1 IPv4#f498306d:443 in_progress socket-flow (satisfied (Path is satisfied), interface: en0)] event: flow:start_connect @0.055s
2026-08-22 18:31:09.824 Df sensemobile[22550:10847] [com.apple.network:quic] quic_crypto_new_flow [C1.1.1.1:2] [-b1e5055fe2db7cd6] TLS stream is: [C2]
2026-08-22 18:31:09.824 Df sensemobile[22550:10847] [com.apple.network:connection] [C2 FC8774E2-E840-47E5-ADE6-72242947B767 IPv4#f498306d:443 quic-connection, url: https://u.expo.dev/ee740f0c-1158-49cb-86a6-b5ed2d72f8b6, tls, definite, attribution: developer, context: com.apple.CFNetwork.NSURLSession.{FAA5C6F7-068D-470F-B87F-E9EF26D42510}{(null)}{Y}{2}{0x0} (private), proc: C9BCD2D3-D061-3D6C-B7F3-08CFAA8674E9, delegated upid: 0] start
2026-08-22 18:31:09.824 Df sensemobile[22550:10847] [com.apple.network:connection] [C2 IPv4#f498306d:443 initial socket-flow (satisfied (Path is satisfied), interface: en0)] event: path:start @0.000s
2026-08-22 18:31:09.824 Df sensemobile[22550:10847] [com.apple.network:connection] [C2 IPv4#f498306d:443 waiting socket-flow (satisfied (Path is satisfied), interface: en0)] event: path:satisfied @0.000s, uuid: B78E701B-A4FF-48D0-AB27-5324FC16F46C
2026-08-22 18:31:09.825 Df sensemobile[22550:10847] [com.apple.network:connection] [C2 IPv4#f498306d:443 in_progress socket-flow (satisfied (Path is satisfied), interface: en0)] event: flow:start_connect @0.001s
2026-08-22 18:31:09.825 Df sensemobile[22550:10847] [com.apple.network:connection] nw_connection_report_state_with_handler_on_nw_queue [C2] reporting state preparing
2026-08-22 18:31:09.826 Df sensemobile[22550:10847] [com.apple.network:connection] nw_flow_connected [C2 IPv4#f498306d:443 in_progress socket-flow (satisfied (Path is satisfied), interface: en0)] Transport protocol connected (quic-connection)
2026-08-22 18:31:09.826 Df sensemobile[22550:10847] [com.apple.network:connection] [C2 IPv4#f498306d:443 in_progress socket-flow (satisfied (Path is satisfied), interface: en0)] event: flow:finish_transport @0.001s
2026-08-22 18:31:09.827 Df sensemobile[22550:10847] [com.apple.network:boringssl] boringssl_session_apply_protocol_options_for_transport_block_invoke_2(2323) [C2:1][0x10641b250] TLS configured [min_version(0x0304) max_version(0x0304) name(redacted) tickets(false) false_start(false) enforce_ev(false) enforce_ats(false) ats_non_pfs_ciphersuite_allowed(false) ech(false) pqtls(true), pake(false)]
2026-08-22 18:31:09.827 Df sensemobile[22550:10847] [com.apple.network:boringssl] boringssl_context_info_handler(2390) [C2:1][0x10641b250] Client handshake started
2026-08-22 18:31:09.828 Df sensemobile[22550:10847] [com.apple.network:boringssl] boringssl_context_info_handler(2407) [C2:1][0x10641b250] Client handshake state: TLS client enter_early_data
2026-08-22 18:31:09.828 Df sensemobile[22550:10847] [com.apple.network:boringssl] boringssl_context_info_handler(2407) [C2:1][0x10641b250] Client handshake state: TLS client read_server_hello
2026-08-22 18:31:09.829 Df sensemobile[22550:10847] [com.apple.network:connection] nw_socket_handle_socket_event [C1.1.1.1:2] Socket received CONNECTED event
2026-08-22 18:31:09.919 Df sensemobile[22550:10856] [com.apple.network:connection] [C1.1.2 Hostname#640130ae:443 initial path ((null))] event: path:start @0.152s
2026-08-22 18:31:09.920 Df sensemobile[22550:10856] [com.apple.network:connection] [C1.1.2 Hostname#640130ae:443 waiting path (satisfied (Path is satisfied), interface: en0)] event: path:satisfied @0.153s, uuid: 67D5C8FB-7372-4D0B-A081-02362942C804
2026-08-22 18:31:09.920 Df sensemobile[22550:10856] [com.apple.network:connection] [C1.1.2 Hostname#640130ae:443 in_progress resolver (satisfied (Path is satisfied), interface: en0)] event: resolver:start_dns @0.153s
2026-08-22 18:31:09.921 Df sensemobile[22550:10856] [com.apple.network:connection] nw_endpoint_resolver_update [C1.1.2 Hostname#640130ae:443 in_progress resolver (satisfied (Path is satisfied), interface: en0)] Adding endpoint handler for IPv4#f498306d:443
2026-08-22 18:31:09.921 Df sensemobile[22550:10856] [com.apple.network:connection] nw_endpoint_resolver_update [C1.1.2 Hostname#640130ae:443 in_progress resolver (satisfied (Path is satisfied), interface: en0)] Adding endpoint handler for IPv4#a74e1309:443
2026-08-22 18:31:09.921 Df sensemobile[22550:10856] [com.apple.network:connection] [C1.1.2 Hostname#640130ae:443 in_progress resolver (satisfied (Path is satisfied), interface: en0)] event: resolver:receive_dns @0.154s
2026-08-22 18:31:09.921 Df sensemobile[22550:10856] [com.apple.network:connection] [C1.1.2.1 IPv4#f498306d:443 initial path ((null))] event: path:start @0.154s
2026-08-22 18:31:09.921 Df sensemobile[22550:10856] [com.apple.network:connection] [C1.1.2.1 IPv4#f498306d:443 waiting path (satisfied (Path is satisfied), interface: en0)] event: path:satisfied @0.154s, uuid: 11340F9D-8A18-4DDA-A6AF-6207CF29EB46
2026-08-22 18:31:09.922 Df sensemobile[22550:10856] [com.apple.network:connection] [C1.1.2.1 IPv4#f498306d:443 in_progress socket-flow (satisfied (Path is satisfied), interface: en0)] event: flow:start_connect @0.155s
2026-08-22 18:31:09.934 Df sensemobile[22550:10856] [com.apple.network:connection] [C1.1.1.2 IPv4#a74e1309:443 initial path ((null))] event: path:start @0.167s
2026-08-22 18:31:09.934 Df sensemobile[22550:10856] [com.apple.network:connection] [C1.1.1.2 IPv4#a74e1309:443 waiting path (satisfied (Path is satisfied), interface: en0)] event: path:satisfied @0.167s, uuid: 2118884B-5073-42BE-874C-001187E418A4
2026-08-22 18:31:09.935 Df sensemobile[22550:10856] [com.apple.network:quic] quic_conn_initialize_inner [C1.1.1.2:2] [-9159d6be2f54f7da] created QUIC connection (spin bit enabled)
2026-08-22 18:31:09.935 Df sensemobile[22550:10856] [com.apple.network:connection] [C1.1.1.2 IPv4#a74e1309:443 in_progress socket-flow (satisfied (Path is satisfied), interface: en0)] event: flow:start_connect @0.168s
2026-08-22 18:31:09.935 Df sensemobile[22550:10856] [com.apple.network:quic] quic_crypto_new_flow [C1.1.1.2:2] [-9159d6be2f54f7da] TLS stream is: [C3]
2026-08-22 18:31:09.936 Df sensemobile[22550:10856] [com.apple.network:connection] [C3 0E3D96FC-23B7-4A3A-A639-3BA745E759C2 IPv4#a74e1309:443 quic-connection, url: https://u.expo.dev/ee740f0c-1158-49cb-86a6-b5ed2d72f8b6, tls, definite, attribution: developer, context: com.apple.CFNetwork.NSURLSession.{FAA5C6F7-068D-470F-B87F-E9EF26D42510}{(null)}{Y}{2}{0x0} (private), proc: C9BCD2D3-D061-3D6C-B7F3-08CFAA8674E9, delegated upid: 0] start
2026-08-22 18:31:09.936 Df sensemobile[22550:10856] [com.apple.network:connection] [C3 IPv4#a74e1309:443 initial socket-flow (satisfied (Path is satisfied), interface: en0)] event: path:start @0.000s
2026-08-22 18:31:09.936 Df sensemobile[22550:10856] [com.apple.network:connection] [C3 IPv4#a74e1309:443 waiting socket-flow (satisfied (Path is satisfied), interface: en0)] event: path:satisfied @0.000s, uuid: 2118884B-5073-42BE-874C-001187E418A4
2026-08-22 18:31:09.936 Df sensemobile[22550:10856] [com.apple.network:connection] [C3 IPv4#a74e1309:443 in_progress socket-flow (satisfied (Path is satisfied), interface: en0)] event: flow:start_connect @0.000s
2026-08-22 18:31:09.936 Df sensemobile[22550:10856] [com.apple.network:connection] nw_connection_report_state_with_handler_on_nw_queue [C3] reporting state preparing
2026-08-22 18:31:09.936 Df sensemobile[22550:10856] [com.apple.network:connection] nw_flow_connected [C3 IPv4#a74e1309:443 in_progress socket-flow (satisfied (Path is satisfied), interface: en0)] Transport protocol connected (quic-connection)
2026-08-22 18:31:09.936 Df sensemobile[22550:10856] [com.apple.network:connection] [C3 IPv4#a74e1309:443 in_progress socket-flow (satisfied (Path is satisfied), interface: en0)] event: flow:finish_transport @0.000s
2026-08-22 18:31:09.937 Df sensemobile[22550:10856] [com.apple.network:boringssl] boringssl_session_apply_protocol_options_for_transport_block_invoke_2(2323) [C3:1][0x106420c90] TLS configured [min_version(0x0304) max_version(0x0304) name(redacted) tickets(false) false_start(false) enforce_ev(false) enforce_ats(false) ats_non_pfs_ciphersuite_allowed(false) ech(false) pqtls(true), pake(false)]
2026-08-22 18:31:09.937 Df sensemobile[22550:10856] [com.apple.network:boringssl] boringssl_context_info_handler(2390) [C3:1][0x106420c90] Client handshake started
2026-08-22 18:31:09.937 Df sensemobile[22550:10856] [com.apple.network:boringssl] boringssl_context_info_handler(2407) [C3:1][0x106420c90] Client handshake state: TLS client enter_early_data
2026-08-22 18:31:09.937 Df sensemobile[22550:10856] [com.apple.network:boringssl] boringssl_context_info_handler(2407) [C3:1][0x106420c90] Client handshake state: TLS client read_server_hello
2026-08-22 18:31:09.937 Df sensemobile[22550:10856] [com.apple.network:connection] nw_socket_handle_socket_event [C1.1.1.2:2] Socket received CONNECTED event
2026-08-22 18:31:10.025 Df sensemobile[22550:10856] [com.apple.network:connection] [C1.1.2.2 IPv4#a74e1309:443 initial path ((null))] event: path:start @0.258s
2026-08-22 18:31:10.025 Df sensemobile[22550:10856] [com.apple.network:connection] [C1.1.2.2 IPv4#a74e1309:443 waiting path (satisfied (Path is satisfied), interface: en0)] event: path:satisfied @0.258s, uuid: 84F27198-38C7-4426-82D7-492DDE58B9DD
2026-08-22 18:31:10.029 Df sensemobile[22550:10856] [com.apple.network:connection] [C1.1.2.2 IPv4#a74e1309:443 in_progress socket-flow (satisfied (Path is satisfied), interface: en0)] event: flow:start_connect @0.262s
2026-08-22 18:31:10.752 A  sensemobile[22550:10847] (RunningBoardServices) didChangeInheritances
2026-08-22 18:31:10.781 Df sensemobile[22550:10856] [com.apple.xpc:connection] [0x106424e00] activating connection: mach=true listener=false peer=false name=com.apple.fontservicesd
2026-08-22 18:31:10.804 Df sensemobile[22550:10811] (UIKitCore) Unbalanced calls to begin/end appearance transitions for <UIViewController: 0x10640b5b0>.
2026-08-22 18:31:10.805 Df sensemobile[22550:10811] [com.apple.KeyboardArbiter:Client] startConnection
2026-08-22 18:31:10.805 Df sensemobile[22550:10811] [com.apple.Accessibility:AXCommon] Read Per-App on Init: Smart invert = (null)
2026-08-22 18:31:10.805 Df sensemobile[22550:10811] [com.apple.KeyboardArbiter:Client] handleKeyboardChange: set currentKeyboard:N (wasKeyboard:N)
2026-08-22 18:31:10.806 Df sensemobile[22550:10811] [com.apple.UIKit:KeyboardArbiterClientLog] isWritingToolsHandlingKeyboardTracking:Y (WT ready:Y, Arbiter ready:Y)
2026-08-22 18:31:10.831 Df sensemobile[22550:10848] [com.apple.FileURL:default] kExcludedFromBackupXattrName set on path: /Users/runner/Library/Developer/CoreSimulator/Devices/E7BD0281-5697-422C-B0CB-659D99F51028/data/Containers/Data/Application/5D9BF771-6E90-4996-9A76-FBB812C4DD36/Library/Application Support/com.dogmomhq.sensemobile/RCTAsyncLocalStorage_V1
2026-08-22 18:31:10.836 A  sensemobile[22550:10848] (Security) SecItemCopyMatching_ios
2026-08-22 18:31:10.838 Df sensemobile[22550:10848] [com.apple.securityd:secitemratelimit] Not internal release, disabling SIRL
2026-08-22 18:31:10.839 Df sensemobile[22550:10848] [com.apple.securityd:thread-local-client-debug] SecSecurityClientGet new thread!
2026-08-22 18:31:10.841 Df sensemobile[22550:10848] [com.apple.securityd:keychain] System Keychain Always Supported set via feature flag to disabled
2026-08-22 18:31:10.841 Df sensemobile[22550:10848] [com.apple.xpc:connection] [0x106462a00] activating connection: mach=true listener=false peer=false name=com.apple.securityd
2026-08-22 18:31:10.848 Df sensemobile[22550:10811] [com.apple.network:activity] <nw_activity 50:1 [5ACB4B31-47C7-405A-AAB4-B49771BC23D3] (global parent) (reporting strategy default) complete (reason success)> complete with reason 2 (success), duration 2142ms
2026-08-22 18:31:10.849 Df sensemobile[22550:10811] [com.apple.network:activity] <nw_activity 50:2 [F74F58B4-9C7B-4ED5-B74A-702F99F5CDC7] (reporting strategy default) complete (reason success)> complete with reason 2 (success), duration 2141ms
2026-08-22 18:31:10.849 Df sensemobile[22550:10811] [com.apple.network:activity] Unsetting the global parent activity <nw_activity 50:1 [5ACB4B31-47C7-405A-AAB4-B49771BC23D3] (global parent) (reporting strategy default) complete (reason success)>
2026-08-22 18:31:10.849 Df sensemobile[22550:10811] [com.apple.network:activity] Unset the global parent activity
2026-08-22 18:31:10.866 Df sensemobile[22550:10848] [com.apple.UserNotifications:Connections] [com.dogmomhq.sensemobile] Getting notification settings (async)
2026-08-22 18:31:10.867 Df sensemobile[22550:10847] [com.apple.xpc:connection] [0x10651c880] activating connection: mach=true listener=false peer=false name=com.apple.usernotifications.listener
2026-08-22 18:31:10.883 Df sensemobile[22550:1084c] [com.apple.UserNotifications:Connections] [com.dogmomhq.sensemobile] Got notification settings [ hasResult: 1 hasCompletionHandler: 1 ]
2026-08-22 18:31:10.886 Df sensemobile[22550:10858] [com.apple.coremedia:] <<< URLAsset >>> FigAssetCreateWithURL: Called for asset 0x60000175f300 by client [], url [0x60000293afb0] <https // redacted-LBKK56 // ???> createFlags 0x8 optionsDict (null)
2026-08-22 18:31:10.888 Df sensemobile[22550:10858] [com.apple.coremedia:playback-memory] <<< FigOSTransactionsUtilities >>> FigOSTransactionCreateWithProcessName: [Fig Transaction] Added transaction weak reference holder <0x600000275860>: 1787423470 URLAsset withURL 22550:sensemobile  5505628508680736871
2026-08-22 18:31:10.895 Df sensemobile[22550:10858] [com.apple.coremedia:] <<<< FigCustomURLHandling >>>> FigCustomURLLoaderCreate: newLoader: 0x600002929d50
2026-08-22 18:31:10.895 Df sensemobile[22550:10858] [com.apple.coremedia:] <<<< FigCustomURLHandling >>>> FigCustomURLHandlerCreate: newHandler: com.apple.avfoundation.customurl.cfurlconnection.0x600002c27700 options: {
    "CURLHOption_OKToLogURLs" = 0;
}
2026-08-22 18:31:10.895 Df sensemobile[22550:10858] [com.apple.coremedia:] <<<< FigCustomURLHandling >>>> curll_installHandler: 0x600002929d70: handler: 0x600002c27700 priority: 100
2026-08-22 18:31:10.895 Df sensemobile[22550:10858] [com.apple.coremedia:] <<<< FigCustomURLHandling >>>> FigCustomURLHandlerCreate: newHandler: com.apple.avfoundation.authkeychain.0x600002c27800 options: {
    "CURLHOption_OKToLogURLs" = 0;
}
2026-08-22 18:31:10.895 Df sensemobile[22550:10858] [com.apple.coremedia:] <<<< FigCustomURLHandling >>>> curll_installHandler: 0x600002929d70: handler: 0x600002c27800 priority: 800
2026-08-22 18:31:10.897 Df sensemobile[22550:10858] [com.apple.coremedia:] <<<< AVReadWriteDispatchQueue >>>> usesSerialQueue_block_invoke: Using read/write queue
2026-08-22 18:31:10.905 Df sensemobile[22550:10848] [com.apple.audio.caulk:alloc] Registered notify signal com.apple.caulk.alloc.rtdump (0)
2026-08-22 18:31:10.906 Df sensemobile[22550:10858] [com.apple.runningboard:connection] Creating side-channel connection to com.apple.runningboard
2026-08-22 18:31:10.906 Df sensemobile[22550:10858] [com.apple.xpc:connection] [0x106047680] activating connection: mach=true listener=false peer=false name=com.apple.runningboard
2026-08-22 18:31:10.907 Df sensemobile[22550:10858] [com.apple.runningboard:process] Hit the server for a process handle a7d664e00005816 that resolved to: [app<com.dogmomhq.sensemobile((null))>:22550]
2026-08-22 18:31:10.907 Df sensemobile[22550:10858] [com.apple.coremedia:] <<<< AVPlayer >>>> -[AVPlayer _runOnIvarAccessQueueOperationThatMayChangeCurrentItemWithPreflightBlock:modificationBlock:error:]_block_invoke_2: currentItem KVO: P/IZ will willChange AVPlayer.currentItem
2026-08-22 18:31:10.908 Df sensemobile[22550:10858] [com.apple.coremedia:] <<<< AVPlayer >>>> -[AVPlayer _runOnIvarAccessQueueOperationThatMayChangeCurrentItemWithPreflightBlock:modificationBlock:error:]_block_invoke: currentItem KVO: P/IZ did willChange AVPlayer.currentItem
2026-08-22 18:31:10.908 Df sensemobile[22550:10858] [com.apple.coremedia:] <<<< AVPlayer >>>> -[AVPlayer _setCurrentItem:]: currentItem KVO: P/IZ updating current item from (null) to I/NCV.01
2026-08-22 18:31:10.908 Df sensemobile[22550:10858] [com.apple.coremedia:] <<<< AVPlayer >>>> -[AVPlayer _runOnIvarAccessQueueOperationThatMayChangeCurrentItemWithPreflightBlock:modificationBlock:error:]_block_invoke: P/IZ setting timeControlStatus=0, reasonForWaitingToPlay=(null)
2026-08-22 18:31:10.909 Df sensemobile[22550:10858] [com.apple.coremedia:] <<<< AVPlayer >>>> -[AVPlayer _runOnIvarAccessQueueOperationThatMayChangeCurrentItemWithPreflightBlock:modificationBlock:error:]_block_invoke: currentItem KVO: P/IZ will didChange AVPlayer.currentItem
2026-08-22 18:31:10.909 Df sensemobile[22550:10858] [com.apple.coremedia:] <<<< AVPlayer >>>> -[AVPlayer _runOnIvarAccessQueueOperationThatMayChangeCurrentItemWithPreflightBlock:modificationBlock:error:]_block_invoke: currentItem KVO: P/IZ did didChange AVPlayer.currentItem
2026-08-22 18:31:10.909 Df sensemobile[22550:10811] [com.apple.coremedia:] <<<< AVAssetInspectorLoader >>>> -[AVFigAssetInspectorLoader loadValuesAsynchronouslyForKeys:keysForCollectionKeys:completionHandler:]: called (self: 0x60000293b020, keys: (
    streaming
), keysForCollectionKeys: (null), handler: non-nil)
2026-08-22 18:31:10.909 Df sensemobile[22550:10811] [com.apple.coremedia:] <<<< AVAssetInspectorLoader >>>> -[AVFigAssetInspectorLoader loadValuesAsynchronouslyForKeys:keysForCollectionKeys:completionHandler:]: Calling FigAssetLoadValuesAsyncForProperties for properties (
    "assetProperty_AssetType"
)
2026-08-22 18:31:10.909 Df sensemobile[22550:10811] [com.apple.coremedia:] <<<< AVAssetInspectorLoader >>>> -[AVFigAssetInspectorLoader loadValuesAsynchronouslyForKeys:keysForCollectionKeys:completionHandler:]: Batch 0x60000027b1e0: asset batch ID = 1 (err=0, alreadyLoaded=0)
2026-08-22 18:31:10.919 Df sensemobile[22550:10858] [com.apple.coremedia:] <<< URLAsset >>> FigAssetCreateWithURL: Called for asset 0x600001761040 by client [], url [0x600002938fc0] <https // redacted-5U5HFS // ???> createFlags 0x8 optionsDict (null)
2026-08-22 18:31:10.919 Df sensemobile[22550:10858] [com.apple.coremedia:playback-memory] <<< FigOSTransactionsUtilities >>> FigOSTransactionCreateWithProcessName: [Fig Transaction] Added transaction weak reference holder <0x60000027bd40>: 1787423470 URLAsset withURL 22550:sensemobile  11124465124385487776
2026-08-22 18:31:10.919 Df sensemobile[22550:10858] [com.apple.coremedia:] <<<< FigCustomURLHandling >>>> FigCustomURLLoaderCreate: newLoader: 0x600002939030
2026-08-22 18:31:10.919 Df sensemobile[22550:10858] [com.apple.coremedia:] <<<< FigCustomURLHandling >>>> FigCustomURLHandlerCreate: newHandler: com.apple.avfoundation.customurl.cfurlconnection.0x600002c30180 options: {
    "CURLHOption_OKToLogURLs" = 0;
}
2026-08-22 18:31:10.919 Df sensemobile[22550:10858] [com.apple.coremedia:] <<<< FigCustomURLHandling >>>> curll_installHandler: 0x600002939050: handler: 0x600002c30180 priority: 100
2026-08-22 18:31:10.919 Df sensemobile[22550:10858] [com.apple.coremedia:] <<<< FigCustomURLHandling >>>> FigCustomURLHandlerCreate: newHandler: com.apple.avfoundation.authkeychain.0x600002c30280 options: {
    "CURLHOption_OKToLogURLs" = 0;
}
2026-08-22 18:31:10.919 Df sensemobile[22550:10858] [com.apple.coremedia:] <<<< FigCustomURLHandling >>>> curll_installHandler: 0x600002939050: handler: 0x600002c30280 priority: 800
2026-08-22 18:31:10.920 Df sensemobile[22550:10858] [com.apple.coremedia:] <<<< AVPlayer >>>> -[AVPlayer _runOnIvarAccessQueueOperationThatMayChangeCurrentItemWithPreflightBlock:modificationBlock:error:]_block_invoke_2: currentItem KVO: P/KY will willChange AVPlayer.currentItem
2026-08-22 18:31:10.920 Df sensemobile[22550:10858] [com.apple.coremedia:] <<<< AVPlayer >>>> -[AVPlayer _runOnIvarAccessQueueOperationThatMayChangeCurrentItemWithPreflightBlock:modificationBlock:error:]_block_invoke: currentItem KVO: P/KY did willChange AVPlayer.currentItem
2026-08-22 18:31:10.920 Df sensemobile[22550:10858] [com.apple.coremedia:] <<<< AVPlayer >>>> -[AVPlayer _setCurrentItem:]: currentItem KVO: P/KY updating current item from (null) to I/PWT.01
2026-08-22 18:31:10.920 Df sensemobile[22550:10858] [com.apple.coremedia:] <<<< AVPlayer >>>> -[AVPlayer _runOnIvarAccessQueueOperationThatMayChangeCurrentItemWithPreflightBlock:modificationBlock:error:]_block_invoke: P/KY setting timeControlStatus=0, reasonForWaitingToPlay=(null)
2026-08-22 18:31:10.920 Df sensemobile[22550:10858] [com.apple.coremedia:] <<<< AVPlayer >>>> -[AVPlayer _runOnIvarAccessQueueOperationThatMayChangeCurrentItemWithPreflightBlock:modificationBlock:error:]_block_invoke: currentItem KVO: P/KY will didChange AVPlayer.currentItem
2026-08-22 18:31:10.920 Df sensemobile[22550:10858] [com.apple.coremedia:] <<<< AVPlayer >>>> -[AVPlayer _runOnIvarAccessQueueOperationThatMayChangeCurrentItemWithPreflightBlock:modificationBlock:error:]_block_invoke: currentItem KVO: P/KY did didChange AVPlayer.currentItem
2026-08-22 18:31:10.920 Df sensemobile[22550:10811] [com.apple.coremedia:] <<<< AVAssetInspectorLoader >>>> -[AVFigAssetInspectorLoader loadValuesAsynchronouslyForKeys:keysForCollectionKeys:completionHandler:]: called (self: 0x600002938a80, keys: (
    streaming
), keysForCollectionKeys: (null), handler: non-nil)
2026-08-22 18:31:10.920 Df sensemobile[22550:10811] [com.apple.coremedia:] <<<< AVAssetInspectorLoader >>>> -[AVFigAssetInspectorLoader loadValuesAsynchronouslyForKeys:keysForCollectionKeys:completionHandler:]: Calling FigAssetLoadValuesAsyncForProperties for properties (
    "assetProperty_AssetType"
)
2026-08-22 18:31:10.921 Df sensemobile[22550:10858] [com.apple.coremedia:] <<< URLAsset >>> FigAssetCreateWithURL: Called for asset 0x6000017627c0 by client [], url [0x600002939180] <https // redacted-MVP3CH // ???> createFlags 0x8 optionsDict (null)
2026-08-22 18:31:10.921 Df sensemobile[22550:10811] [com.apple.coremedia:] <<<< AVAssetInspectorLoader >>>> -[AVFigAssetInspectorLoader loadValuesAsynchronouslyForKeys:keysForCollectionKeys:completionHandler:]: Batch 0x60000026b180: asset batch ID = 1 (err=0, alreadyLoaded=0)
2026-08-22 18:31:10.921 Df sensemobile[22550:10858] [com.apple.coremedia:playback-memory] <<< FigOSTransactionsUtilities >>> FigOSTransactionCreateWithProcessName: [Fig Transaction] Added transaction weak reference holder <0x600000276420>: 1787423470 URLAsset withURL 22550:sensemobile  3987940594302392511
2026-08-22 18:31:10.921 Df sensemobile[22550:10858] [com.apple.coremedia:] <<<< FigCustomURLHandling >>>> FigCustomURLLoaderCreate: newLoader: 0x60000292a370
2026-08-22 18:31:10.921 Df sensemobile[22550:10858] [com.apple.coremedia:] <<<< FigCustomURLHandling >>>> FigCustomURLHandlerCreate: newHandler: com.apple.avfoundation.customurl.cfurlconnection.0x600002c34500 options: {
    "CURLHOption_OKToLogURLs" = 0;
}
2026-08-22 18:31:10.921 Df sensemobile[22550:10858] [com.apple.coremedia:] <<<< FigCustomURLHandling >>>> curll_installHandler: 0x60000292a390: handler: 0x600002c34500 priority: 100
2026-08-22 18:31:10.921 Df sensemobile[22550:10858] [com.apple.coremedia:] <<<< FigCustomURLHandling >>>> FigCustomURLHandlerCreate: newHandler: com.apple.avfoundation.authkeychain.0x600002c34600 options: {
    "CURLHOption_OKToLogURLs" = 0;
}
2026-08-22 18:31:10.921 Df sensemobile[22550:10858] [com.apple.coremedia:] <<<< FigCustomURLHandling >>>> curll_installHandler: 0x60000292a390: handler: 0x600002c34600 priority: 800
2026-08-22 18:31:10.921 Df sensemobile[22550:10858] [com.apple.coremedia:] <<<< AVPlayer >>>> -[AVPlayer _runOnIvarAccessQueueOperationThatMayChangeCurrentItemWithPreflightBlock:modificationBlock:error:]_block_invoke_2: currentItem KVO: P/KW will willChange AVPlayer.currentItem
2026-08-22 18:31:10.921 Df sensemobile[22550:10858] [com.apple.coremedia:] <<<< AVPlayer >>>> -[AVPlayer _runOnIvarAccessQueueOperationThatMayChangeCurrentItemWithPreflightBlock:modificationBlock:error:]_block_invoke: currentItem KVO: P/KW did willChange AVPlayer.currentItem
2026-08-22 18:31:10.921 Df sensemobile[22550:10858] [com.apple.coremedia:] <<<< AVPlayer >>>> -[AVPlayer _setCurrentItem:]: currentItem KVO: P/KW updating current item from (null) to I/RWH.01
2026-08-22 18:31:10.922 Df sensemobile[22550:10858] [com.apple.coremedia:] <<<< AVPlayer >>>> -[AVPlayer _runOnIvarAccessQueueOperationThatMayChangeCurrentItemWithPreflightBlock:modificationBlock:error:]_block_invoke: P/KW setting timeControlStatus=0, reasonForWaitingToPlay=(null)
2026-08-22 18:31:10.922 Df sensemobile[22550:10858] [com.apple.coremedia:] <<<< AVPlayer >>>> -[AVPlayer _runOnIvarAccessQueueOperationThatMayChangeCurrentItemWithPreflightBlock:modificationBlock:error:]_block_invoke: currentItem KVO: P/KW will didChange AVPlayer.currentItem
2026-08-22 18:31:10.922 Df sensemobile[22550:10858] [com.apple.coremedia:] <<<< AVPlayer >>>> -[AVPlayer _runOnIvarAccessQueueOperationThatMayChangeCurrentItemWithPreflightBlock:modificationBlock:error:]_block_invoke: currentItem KVO: P/KW did didChange AVPlayer.currentItem
2026-08-22 18:31:10.922 Df sensemobile[22550:10811] [com.apple.coremedia:] <<<< AVAssetInspectorLoader >>>> -[AVFigAssetInspectorLoader loadValuesAsynchronouslyForKeys:keysForCollectionKeys:completionHandler:]: called (self: 0x600002938930, keys: (
    streaming
), keysForCollectionKeys: (null), handler: non-nil)
2026-08-22 18:31:10.922 Df sensemobile[22550:10811] [com.apple.coremedia:] <<<< AVAssetInspectorLoader >>>> -[AVFigAssetInspectorLoader loadValuesAsynchronouslyForKeys:keysForCollectionKeys:completionHandler:]: Calling FigAssetLoadValuesAsyncForProperties for properties (
    "assetProperty_AssetType"
)
2026-08-22 18:31:10.922 Df sensemobile[22550:10858] [com.apple.coremedia:] <<< URLAsset >>> FigAssetCreateWithURL: Called for asset 0x600001756240 by client [], url [0x60000292a840] <https // redacted-A92KHV // ???> createFlags 0x8 optionsDict (null)
2026-08-22 18:31:10.923 Df sensemobile[22550:10858] [com.apple.coremedia:playback-memory] <<< FigOSTransactionsUtilities >>> FigOSTransactionCreateWithProcessName: [Fig Transaction] Added transaction weak reference holder <0x600000276e00>: 1787423470 URLAsset withURL 22550:sensemobile  3984467447697497526
2026-08-22 18:31:10.922 Df sensemobile[22550:10811] [com.apple.coremedia:] <<<< AVAssetInspectorLoader >>>> -[AVFigAssetInspectorLoader loadValuesAsynchronouslyForKeys:keysForCollectionKeys:completionHandler:]: Batch 0x600000272c20: asset batch ID = 1 (err=0, alreadyLoaded=0)
2026-08-22 18:31:10.923 Df sensemobile[22550:10858] [com.apple.coremedia:] <<<< FigCustomURLHandling >>>> FigCustomURLLoaderCreate: newLoader: 0x60000292a920
2026-08-22 18:31:10.923 Df sensemobile[22550:10858] [com.apple.coremedia:] <<<< FigCustomURLHandling >>>> FigCustomURLHandlerCreate: newHandler: com.apple.avfoundation.customurl.cfurlconnection.0x600002c34b00 options: {
    "CURLHOption_OKToLogURLs" = 0;
}
2026-08-22 18:31:10.923 Df sensemobile[22550:10858] [com.apple.coremedia:] <<<< FigCustomURLHandling >>>> curll_installHandler: 0x60000292a940: handler: 0x600002c34b00 priority: 100
2026-08-22 18:31:10.923 Df sensemobile[22550:10858] [com.apple.coremedia:] <<<< FigCustomURLHandling >>>> FigCustomURLHandlerCreate: newHandler: com.apple.avfoundation.authkeychain.0x600002c34c00 options: {
    "CURLHOption_OKToLogURLs" = 0;
}
2026-08-22 18:31:10.923 Df sensemobile[22550:10858] [com.apple.coremedia:] <<<< FigCustomURLHandling >>>> curll_installHandler: 0x60000292a940: handler: 0x600002c34c00 priority: 800
2026-08-22 18:31:10.924 Df sensemobile[22550:108d5] [com.apple.network:activity] Create activity <nw_activity 17:1>
2026-08-22 18:31:10.924 Df sensemobile[22550:108d6] [com.apple.network:activity] Create activity <nw_activity 17:1>
2026-08-22 18:31:10.924 Df sensemobile[22550:108d4] [com.apple.network:activity] Create activity <nw_activity 17:1>
2026-08-22 18:31:10.924 Df sensemobile[22550:108d6] [com.apple.network:activity] Activated <nw_activity 17:1 [026BAECF-A4F2-4CCE-B1C8-F7C482E56CBD] (reporting strategy default)>
2026-08-22 18:31:10.924 Df sensemobile[22550:108d5] [com.apple.network:activity] Activated <nw_activity 17:1 [9662F4B0-CE8F-4D78-9D50-E5313E5FAB87] (reporting strategy default)>
2026-08-22 18:31:10.924 Df sensemobile[22550:108d4] [com.apple.network:activity] Activated <nw_activity 17:1 [5E12E662-79B0-443B-A50C-F0C56BF86EE2] (reporting strategy default)>
2026-08-22 18:31:10.924 Df sensemobile[22550:10858] [com.apple.coremedia:] <<<< AVPlayer >>>> -[AVPlayer _runOnIvarAccessQueueOperationThatMayChangeCurrentItemWithPreflightBlock:modificationBlock:error:]_block_invoke_2: currentItem KVO: P/ZR will willChange AVPlayer.currentItem
2026-08-22 18:31:10.924 Df sensemobile[22550:10858] [com.apple.coremedia:] <<<< AVPlayer >>>> -[AVPlayer _runOnIvarAccessQueueOperationThatMayChangeCurrentItemWithPreflightBlock:modificationBlock:error:]_block_invoke: currentItem KVO: P/ZR did willChange AVPlayer.currentItem
2026-08-22 18:31:10.924 Df sensemobile[22550:10858] [com.apple.coremedia:] <<<< AVPlayer >>>> -[AVPlayer _setCurrentItem:]: currentItem KVO: P/ZR updating current item from (null) to I/ZIU.01
2026-08-22 18:31:10.925 Df sensemobile[22550:108d6] [com.apple.coremedia:] <<< CFByteFlume >>> FigByteFlumeCreateWithHTTP: [0x1065303b0] Created CFHTTP byte flume 0x106530390 for url 0x600002939180
2026-08-22 18:31:10.925 Df sensemobile[22550:108d4] [com.apple.coremedia:] <<< CFByteFlume >>> FigByteFlumeCreateWithHTTP: [0x10652ee40] Created CFHTTP byte flume 0x10652ee20 for url 0x60000293afb0
2026-08-22 18:31:10.925 Df sensemobile[22550:108d6] [com.apple.network:activity] Create activity <nw_activity 17:2>
2026-08-22 18:31:10.925 Df sensemobile[22550:108d4] [com.apple.network:activity] Create activity <nw_activity 17:2>
2026-08-22 18:31:10.925 Df sensemobile[22550:108d5] [com.apple.coremedia:] <<< CFByteFlume >>> FigByteFlumeCreateWithHTTP: [0x106464200] Created CFHTTP byte flume 0x1064641e0 for url 0x600002938fc0
2026-08-22 18:31:10.925 Df sensemobile[22550:10858] [com.apple.coremedia:] <<<< AVPlayer >>>> -[AVPlayer _runOnIvarAccessQueueOperationThatMayChangeCurrentItemWithPreflightBlock:modificationBlock:error:]_block_invoke: P/ZR setting timeControlStatus=0, reasonForWaitingToPlay=(null)
2026-08-22 18:31:10.925 Df sensemobile[22550:108d5] [com.apple.network:activity] Create activity <nw_activity 17:2>
2026-08-22 18:31:10.925 Df sensemobile[22550:108d6] [com.apple.coremedia:] HTTPRequest figHttpRequestSetupNSURLSessionTask: <0x106530f30> Created NSURLSessionDataTask: LocalDataTask <1044AB36-655B-4D1E-B66F-5ADEDF8A82A1>.<1> with networkServiceType: 8
2026-08-22 18:31:10.925 Df sensemobile[22550:108d4] [com.apple.coremedia:] HTTPRequest figHttpRequestSetupNSURLSessionTask: <0x10604a120> Created NSURLSessionDataTask: LocalDataTask <A49D2C4F-DEE3-45CA-B7BD-AFEE4AE7A461>.<2> with networkServiceType: 8
2026-08-22 18:31:10.925 Df sensemobile[22550:108d5] [com.apple.coremedia:] HTTPRequest figHttpRequestSetupNSURLSessionTask: <0x1064665a0> Created NSURLSessionDataTask: LocalDataTask <3DE3046F-3B28-4B9C-B52E-CEBFAD778F76>.<3> with networkServiceType: 8
2026-08-22 18:31:10.925 Df sensemobile[22550:108d6] [com.apple.network:activity] Activated <nw_activity 17:2 [65E74E71-9205-4539-A634-8EA1AF5B0C3F] (reporting strategy default)> with parent <nw_activity 17:1 [026BAECF-A4F2-4CCE-B1C8-F7C482E56CBD] (reporting strategy default)>
2026-08-22 18:31:10.925 Df sensemobile[22550:108d4] [com.apple.network:activity] Activated <nw_activity 17:2 [5639F0A9-4D96-450A-BAA2-BE4C4D05AB78] (reporting strategy default)> with parent <nw_activity 17:1 [5E12E662-79B0-443B-A50C-F0C56BF86EE2] (reporting strategy default)>
2026-08-22 18:31:10.926 Df sensemobile[22550:108d5] [com.apple.network:activity] Activated <nw_activity 17:2 [B10AA75E-9CF5-4441-ADC4-84EC564F2827] (reporting strategy default)> with parent <nw_activity 17:1 [9662F4B0-CE8F-4D78-9D50-E5313E5FAB87] (reporting strategy default)>
2026-08-22 18:31:10.925 Df sensemobile[22550:10858] [com.apple.coremedia:] <<<< AVPlayer >>>> -[AVPlayer _runOnIvarAccessQueueOperationThatMayChangeCurrentItemWithPreflightBlock:modificationBlock:error:]_block_invoke: currentItem KVO: P/ZR will didChange AVPlayer.currentItem
2026-08-22 18:31:10.926 Df sensemobile[22550:10858] [com.apple.coremedia:] <<<< AVPlayer >>>> -[AVPlayer _runOnIvarAccessQueueOperationThatMayChangeCurrentItemWithPreflightBlock:modificationBlock:error:]_block_invoke: currentItem KVO: P/ZR did didChange AVPlayer.currentItem
2026-08-22 18:31:10.926 Df sensemobile[22550:108d4] [com.apple.CFNetwork:Default] Task <A49D2C4F-DEE3-45CA-B7BD-AFEE4AE7A461>.<2> resuming, timeouts(300.0, 604800.0) qos(0x0) voucher((null)) activity(5639F0A9-4D96-450A-BAA2-BE4C4D05AB78)
2026-08-22 18:31:10.926 Df sensemobile[22550:108d6] [com.apple.CFNetwork:Default] Task <1044AB36-655B-4D1E-B66F-5ADEDF8A82A1>.<1> resuming, timeouts(300.0, 604800.0) qos(0x0) voucher((null)) activity(65E74E71-9205-4539-A634-8EA1AF5B0C3F)
2026-08-22 18:31:10.926 Df sensemobile[22550:108d5] [com.apple.CFNetwork:Default] Task <3DE3046F-3B28-4B9C-B52E-CEBFAD778F76>.<3> resuming, timeouts(300.0, 604800.0) qos(0x0) voucher((null)) activity(B10AA75E-9CF5-4441-ADC4-84EC564F2827)
2026-08-22 18:31:10.926 Df sensemobile[22550:108d4] [com.apple.coremedia:] <<< CFByteFlume >>> FigCFHTTPCreateOpenRequest: [0x10652ee40] request httpRequestID:2 httpRequest: 0x10604a120 session ref: 0x60000262de60 opened for offset: 0, bytes: 2
2026-08-22 18:31:10.926 Df sensemobile[22550:108d5] [com.apple.coremedia:] <<< CFByteFlume >>> FigCFHTTPCreateOpenRequest: [0x106464200] request httpRequestID:3 httpRequest: 0x1064665a0 session ref: 0x600002630ae0 opened for offset: 0, bytes: 2
2026-08-22 18:31:10.926 Df sensemobile[22550:108d6] [com.apple.coremedia:] <<< CFByteFlume >>> FigCFHTTPCreateOpenRequest: [0x1065303b0] request httpRequestID:1 httpRequest: 0x106530f30 session ref: 0x60000262a2e0 opened for offset: 0, bytes: 2
2026-08-22 18:31:10.927 Df sensemobile[22550:10811] [com.apple.coremedia:] <<<< AVAssetInspectorLoader >>>> -[AVFigAssetInspectorLoader loadValuesAsynchronouslyForKeys:keysForCollectionKeys:completionHandler:]: called (self: 0x60000296e060, keys: (
    streaming
), keysForCollectionKeys: (null), handler: non-nil)
2026-08-22 18:31:10.927 Df sensemobile[22550:10811] [com.apple.coremedia:] <<<< AVAssetInspectorLoader >>>> -[AVFigAssetInspectorLoader loadValuesAsynchronouslyForKeys:keysForCollectionKeys:completionHandler:]: Calling FigAssetLoadValuesAsyncForProperties for properties (
    "assetProperty_AssetType"
)
2026-08-22 18:31:10.927 Df sensemobile[22550:108d7] [com.apple.network:activity] Create activity <nw_activity 17:1>
2026-08-22 18:31:10.928 Df sensemobile[22550:108d7] [com.apple.network:activity] Activated <nw_activity 17:1 [0F49FF06-F510-4A5C-8126-9CAB6EE8BAA0] (reporting strategy default)>
2026-08-22 18:31:10.928 Df sensemobile[22550:108d7] [com.apple.coremedia:] <<< CFByteFlume >>> FigByteFlumeCreateWithHTTP: [0x1065311b0] Created CFHTTP byte flume 0x106531190 for url 0x60000292a840
2026-08-22 18:31:10.928 Df sensemobile[22550:108d7] [com.apple.network:activity] Create activity <nw_activity 17:2>
2026-08-22 18:31:10.928 Df sensemobile[22550:108d7] [com.apple.coremedia:] HTTPRequest figHttpRequestSetupNSURLSessionTask: <0x106532180> Created NSURLSessionDataTask: LocalDataTask <415DB1C4-D2E8-48A7-8146-ABE9BA730762>.<4> with networkServiceType: 8
2026-08-22 18:31:10.928 Df sensemobile[22550:108d7] [com.apple.network:activity] Activated <nw_activity 17:2 [49E494C5-4F3F-4F2D-BD6A-699F67DA948B] (reporting strategy default)> with parent <nw_activity 17:1 [0F49FF06-F510-4A5C-8126-9CAB6EE8BAA0] (reporting strategy default)>
2026-08-22 18:31:10.928 Df sensemobile[22550:108d7] [com.apple.CFNetwork:Default] Task <415DB1C4-D2E8-48A7-8146-ABE9BA730762>.<4> resuming, timeouts(300.0, 604800.0) qos(0x0) voucher((null)) activity(49E494C5-4F3F-4F2D-BD6A-699F67DA948B)
2026-08-22 18:31:10.928 Df sensemobile[22550:108d7] [com.apple.coremedia:] <<< CFByteFlume >>> FigCFHTTPCreateOpenRequest: [0x1065311b0] request httpRequestID:4 httpRequest: 0x106532180 session ref: 0x600002629440 opened for offset: 0, bytes: 2
2026-08-22 18:31:10.928 Df sensemobile[22550:10811] [com.apple.coremedia:] <<<< AVAssetInspectorLoader >>>> -[AVFigAssetInspectorLoader loadValuesAsynchronouslyForKeys:keysForCollectionKeys:completionHandler:]: Batch 0x600000277220: asset batch ID = 1 (err=0, alreadyLoaded=0)
2026-08-22 18:31:10.930 Df sensemobile[22550:10858] [com.apple.coremedia:] <<< URLAsset >>> FigAssetCreateWithURL: Called for asset 0x600001770500 by client [], url [0x60000262ad60] <file // redacted-BJDAOI // ???> createFlags 0x8 optionsDict (null)
2026-08-22 18:31:10.930 Df sensemobile[22550:10858] [com.apple.coremedia:playback-memory] <<< FigOSTransactionsUtilities >>> FigOSTransactionCreateWithProcessName: [Fig Transaction] Added transaction weak reference holder <0x6000002794c0>: 1787423470 URLAsset withURL 22550:sensemobile  2844101630561181599
2026-08-22 18:31:10.931 Df sensemobile[22550:10858] [com.apple.coremedia:] <<<< FigCustomURLHandling >>>> FigCustomURLLoaderCreate: newLoader: 0x60000296eed0
2026-08-22 18:31:10.931 Df sensemobile[22550:10858] [com.apple.coremedia:] <<<< FigCustomURLHandling >>>> FigCustomURLHandlerCreate: newHandler: com.apple.avfoundation.customurl.cfurlconnection.0x600002c3a280 options: {
    "CURLHOption_OKToLogURLs" = 0;
}
2026-08-22 18:31:10.931 Df sensemobile[22550:10858] [com.apple.coremedia:] <<<< FigCustomURLHandling >>>> curll_installHandler: 0x60000296eef0: handler: 0x600002c3a280 priority: 100
2026-08-22 18:31:10.931 Df sensemobile[22550:10858] [com.apple.coremedia:] <<<< FigCustomURLHandling >>>> FigCustomURLHandlerCreate: newHandler: com.apple.avfoundation.authkeychain.0x600002c3a380 options: {
    "CURLHOption_OKToLogURLs" = 0;
}
2026-08-22 18:31:10.931 Df sensemobile[22550:10858] [com.apple.coremedia:] <<<< FigCustomURLHandling >>>> curll_installHandler: 0x60000296eef0: handler: 0x600002c3a380 priority: 800
2026-08-22 18:31:10.931 Df sensemobile[22550:10858] [com.apple.coremedia:] <<<< AVPlayer >>>> -[AVPlayer _runOnIvarAccessQueueOperationThatMayChangeCurrentItemWithPreflightBlock:modificationBlock:error:]_block_invoke_2: currentItem KVO: P/RS will willChange AVPlayer.currentItem
2026-08-22 18:31:10.931 Df sensemobile[22550:10858] [com.apple.coremedia:] <<<< AVPlayer >>>> -[AVPlayer _runOnIvarAccessQueueOperationThatMayChangeCurrentItemWithPreflightBlock:modificationBlock:error:]_block_invoke: currentItem KVO: P/RS did willChange AVPlayer.currentItem
2026-08-22 18:31:10.931 Df sensemobile[22550:10858] [com.apple.coremedia:] <<<< AVPlayer >>>> -[AVPlayer _setCurrentItem:]: currentItem KVO: P/RS updating current item from (null) to I/QPK.01
2026-08-22 18:31:10.932 Df sensemobile[22550:10858] [com.apple.coremedia:] <<<< AVPlayer >>>> -[AVPlayer _runOnIvarAccessQueueOperationThatMayChangeCurrentItemWithPreflightBlock:modificationBlock:error:]_block_invoke: P/RS setting timeControlStatus=0, reasonForWaitingToPlay=(null)
2026-08-22 18:31:10.932 Df sensemobile[22550:10858] [com.apple.coremedia:] <<<< AVPlayer >>>> -[AVPlayer _runOnIvarAccessQueueOperationThatMayChangeCurrentItemWithPreflightBlock:modificationBlock:error:]_block_invoke: currentItem KVO: P/RS will didChange AVPlayer.currentItem
2026-08-22 18:31:10.932 Df sensemobile[22550:10858] [com.apple.coremedia:] <<<< AVPlayer >>>> -[AVPlayer _runOnIvarAccessQueueOperationThatMayChangeCurrentItemWithPreflightBlock:modificationBlock:error:]_block_invoke: currentItem KVO: P/RS did didChange AVPlayer.currentItem
2026-08-22 18:31:10.932 Df sensemobile[22550:10811] [com.apple.coremedia:] <<<< AVAssetInspectorLoader >>>> -[AVFigAssetInspectorLoader loadValuesAsynchronouslyForKeys:keysForCollectionKeys:completionHandler:]: called (self: 0x60000296efb0, keys: (
    streaming
), keysForCollectionKeys: (null), handler: non-nil)
2026-08-22 18:31:10.932 Df sensemobile[22550:10811] [com.apple.coremedia:] <<<< AVAssetInspectorLoader >>>> -[AVFigAssetInspectorLoader loadValuesAsynchronouslyForKeys:keysForCollectionKeys:completionHandler:]: Calling FigAssetLoadValuesAsyncForProperties for properties (
    "assetProperty_AssetType"
)
2026-08-22 18:31:10.932 Df sensemobile[22550:10811] [com.apple.coremedia:] <<<< AVAssetInspectorLoader >>>> -[AVFigAssetInspectorLoader loadValuesAsynchronouslyForKeys:keysForCollectionKeys:completionHandler:]: Batch 0x6000002800c0: asset batch ID = 1 (err=0, alreadyLoaded=0)
2026-08-22 18:31:10.933 Df sensemobile[22550:10858] [com.apple.coremedia:] <<< URLAsset >>> FigAssetCreateWithURL: Called for asset 0x600001770e80 by client [], url [0x60000262abe0] <file // redacted-YEYMBM // ???> createFlags 0x8 optionsDict (null)
2026-08-22 18:31:10.933 Df sensemobile[22550:10858] [com.apple.coremedia:playback-memory] <<< FigOSTransactionsUtilities >>> FigOSTransactionCreateWithProcessName: [Fig Transaction] Added transaction weak reference holder <0x60000027cd60>: 1787423470 URLAsset withURL 22550:sensemobile  14645175974727505465
2026-08-22 18:31:10.933 Df sensemobile[22550:10858] [com.apple.coremedia:] <<<< FigCustomURLHandling >>>> FigCustomURLLoaderCreate: newLoader: 0x600002938620
2026-08-22 18:31:10.933 Df sensemobile[22550:10858] [com.apple.coremedia:] <<<< FigCustomURLHandling >>>> FigCustomURLHandlerCreate: newHandler: com.apple.avfoundation.customurl.cfurlconnection.0x600002c31a00 options: {
    "CURLHOption_OKToLogURLs" = 0;
}
2026-08-22 18:31:10.933 Df sensemobile[22550:10858] [com.apple.coremedia:] <<<< FigCustomURLHandling >>>> curll_installHandler: 0x600002938640: handler: 0x600002c31a00 priority: 100
2026-08-22 18:31:10.933 Df sensemobile[22550:10858] [com.apple.coremedia:] <<<< FigCustomURLHandling >>>> FigCustomURLHandlerCreate: newHandler: com.apple.avfoundation.authkeychain.0x600002c35c00 options: {
    "CURLHOption_OKToLogURLs" = 0;
}
2026-08-22 18:31:10.933 Df sensemobile[22550:10858] [com.apple.coremedia:] <<<< FigCustomURLHandling >>>> curll_installHandler: 0x600002938640: handler: 0x600002c35c00 priority: 800
2026-08-22 18:31:10.933 Df sensemobile[22550:10858] [com.apple.coremedia:] <<<< AVPlayer >>>> -[AVPlayer _runOnIvarAccessQueueOperationThatMayChangeCurrentItemWithPreflightBlock:modificationBlock:error:]_block_invoke_2: currentItem KVO: P/WO will willChange AVPlayer.currentItem
2026-08-22 18:31:10.933 Df sensemobile[22550:108db] [com.apple.coremedia:] <<<< AVAssetInspectorLoader >>>> handleFigAssetLoadingNotification: Received kFigAssetNotification_BatchPropertyLoadComplete (payload: {
    "assetPayload_BatchID" = 1;
})
2026-08-22 18:31:10.933 Df sensemobile[22550:10858] [com.apple.coremedia:] <<<< AVPlayer >>>> -[AVPlayer _runOnIvarAccessQueueOperationThatMayChangeCurrentItemWithPreflightBlock:modificationBlock:error:]_block_invoke: currentItem KVO: P/WO did willChange AVPlayer.currentItem
2026-08-22 18:31:10.933 Df sensemobile[22550:108db] [com.apple.coremedia:] <<<< AVAssetInspectorLoader >>>> handleFigAssetLoadingNotification_block_invoke: Batch 0x6000002800c0: Marking asset batch ID 1 as complete
2026-08-22 18:31:10.934 Df sensemobile[22550:10858] [com.apple.coremedia:] <<<< AVPlayer >>>> -[AVPlayer _setCurrentItem:]: currentItem KVO: P/WO updating current item from (null) to I/HQE.01
2026-08-22 18:31:10.934 Df sensemobile[22550:108db] [com.apple.coremedia:] <<<< AVAssetInspectorLoader >>>> -[AVFigAssetInspectorLoader _invokeCompletionHandlerForLoadingBatches:]: Batch 0x6000002800c0: dispatching completion handler
2026-08-22 18:31:10.934 Df sensemobile[22550:10858] [com.apple.coremedia:] <<<< AVPlayer >>>> -[AVPlayer _runOnIvarAccessQueueOperationThatMayChangeCurrentItemWithPreflightBlock:modificationBlock:error:]_block_invoke: P/WO setting timeControlStatus=0, reasonForWaitingToPlay=(null)
2026-08-22 18:31:10.934 Df sensemobile[22550:10858] [com.apple.coremedia:] <<<< AVPlayer >>>> -[AVPlayer _runOnIvarAccessQueueOperationThatMayChangeCurrentItemWithPreflightBlock:modificationBlock:error:]_block_invoke: currentItem KVO: P/WO will didChange AVPlayer.currentItem
2026-08-22 18:31:10.934 Df sensemobile[22550:10858] [com.apple.coremedia:] <<<< AVPlayer >>>> -[AVPlayer _runOnIvarAccessQueueOperationThatMayChangeCurrentItemWithPreflightBlock:modificationBlock:error:]_block_invoke: currentItem KVO: P/WO did didChange AVPlayer.currentItem
2026-08-22 18:31:10.934 Df sensemobile[22550:10811] [com.apple.coremedia:] <<<< AVAssetInspectorLoader >>>> -[AVFigAssetInspectorLoader loadValuesAsynchronouslyForKeys:keysForCollectionKeys:completionHandler:]: called (self: 0x60000296f410, keys: (
    streaming
), keysForCollectionKeys: (null), handler: non-nil)
2026-08-22 18:31:10.935 Df sensemobile[22550:10811] [com.apple.coremedia:] <<<< AVAssetInspectorLoader >>>> -[AVFigAssetInspectorLoader loadValuesAsynchronouslyForKeys:keysForCollectionKeys:completionHandler:]: Calling FigAssetLoadValuesAsyncForProperties for properties (
    "assetProperty_AssetType"
)
2026-08-22 18:31:10.935 Df sensemobile[22550:10858] [com.apple.coremedia:] <<< URLAsset >>> FigAssetCreateWithURL: Called for asset 0x60000176e900 by client [], url [0x600002631b00] <file // redacted-RR98I0 // ???> createFlags 0x8 optionsDict (null)
2026-08-22 18:31:10.935 Df sensemobile[22550:10858] [com.apple.coremedia:playback-memory] <<< FigOSTransactionsUtilities >>> FigOSTransactionCreateWithProcessName: [Fig Transaction] Added transaction weak reference holder <0x600000284380>: 1787423470 URLAsset withURL 22550:sensemobile  7180926954114569123
2026-08-22 18:31:10.935 Df sensemobile[22550:10811] [com.apple.coremedia:] <<<< AVAssetInspectorLoader >>>> -[AVFigAssetInspectorLoader loadValuesAsynchronouslyForKeys:keysForCollectionKeys:completionHandler:]: Batch 0x600000280260: asset batch ID = 1 (err=0, alreadyLoaded=0)
2026-08-22 18:31:10.935 Df sensemobile[22550:10858] [com.apple.coremedia:] <<<< FigCustomURLHandling >>>> FigCustomURLLoaderCreate: newLoader: 0x60000293aca0
2026-08-22 18:31:10.935 Df sensemobile[22550:108db] [com.apple.coremedia:] <<<< AVAssetInspectorLoader >>>> handleFigAssetLoadingNotification: Received kFigAssetNotification_BatchPropertyLoadComplete (payload: {
    "assetPayload_BatchID" = 1;
})
2026-08-22 18:31:10.935 Df sensemobile[22550:108db] [com.apple.coremedia:] <<<< AVAssetInspectorLoader >>>> handleFigAssetLoadingNotification_block_invoke: Batch 0x600000280260: Marking asset batch ID 1 as complete
2026-08-22 18:31:10.935 Df sensemobile[22550:108db] [com.apple.coremedia:] <<<< AVAssetInspectorLoader >>>> -[AVFigAssetInspectorLoader _invokeCompletionHandlerForLoadingBatches:]: Batch 0x600000280260: dispatching completion handler
2026-08-22 18:31:10.935 Df sensemobile[22550:10858] [com.apple.coremedia:] <<<< FigCustomURLHandling >>>> FigCustomURLHandlerCreate: newHandler: com.apple.avfoundation.customurl.cfurlconnection.0x600002c35d80 options: {
    "CURLHOption_OKToLogURLs" = 0;
}
2026-08-22 18:31:10.935 Df sensemobile[22550:10858] [com.apple.coremedia:] <<<< FigCustomURLHandling >>>> curll_installHandler: 0x60000293acc0: handler: 0x600002c35d80 priority: 100
2026-08-22 18:31:10.935 Df sensemobile[22550:10856] [com.apple.CFNetwork:Default] Task <3819803A-4D00-4FCB-A549-ED3AD8D84CF2>.<1> resuming, timeouts(0.0, 604800.0) qos(0x19) voucher((null)) activity(00000000-0000-0000-0000-000000000000)
2026-08-22 18:31:10.935 Df sensemobile[22550:10858] [com.apple.coremedia:] <<<< FigCustomURLHandling >>>> FigCustomURLHandlerCreate: newHandler: com.apple.avfoundation.authkeychain.0x600002c32200 options: {
    "CURLHOption_OKToLogURLs" = 0;
}
2026-08-22 18:31:10.935 Df sensemobile[22550:10858] [com.apple.coremedia:] <<<< FigCustomURLHandling >>>> curll_installHandler: 0x60000293acc0: handler: 0x600002c32200 priority: 800
2026-08-22 18:31:10.935 Df sensemobile[22550:10858] [com.apple.coremedia:] <<<< AVPlayer >>>> -[AVPlayer _runOnIvarAccessQueueOperationThatMayChangeCurrentItemWithPreflightBlock:modificationBlock:error:]_block_invoke_2: currentItem KVO: P/SV will willChange AVPlayer.currentItem
2026-08-22 18:31:10.936 Df sensemobile[22550:10858] [com.apple.coremedia:] <<<< AVPlayer >>>> -[AVPlayer _runOnIvarAccessQueueOperationThatMayChangeCurrentItemWithPreflightBlock:modificationBlock:error:]_block_invoke: currentItem KVO: P/SV did willChange AVPlayer.currentItem
2026-08-22 18:31:10.936 Df sensemobile[22550:10858] [com.apple.coremedia:] <<<< AVPlayer >>>> -[AVPlayer _setCurrentItem:]: currentItem KVO: P/SV updating current item from (null) to I/XAW.01
2026-08-22 18:31:10.936 Df sensemobile[22550:10858] [com.apple.coremedia:] <<<< AVPlayer >>>> -[AVPlayer _runOnIvarAccessQueueOperationThatMayChangeCurrentItemWithPreflightBlock:modificationBlock:error:]_block_invoke: P/SV setting timeControlStatus=0, reasonForWaitingToPlay=(null)
2026-08-22 18:31:10.936 Df sensemobile[22550:10858] [com.apple.coremedia:] <<<< AVPlayer >>>> -[AVPlayer _runOnIvarAccessQueueOperationThatMayChangeCurrentItemWithPreflightBlock:modificationBlock:error:]_block_invoke: currentItem KVO: P/SV will didChange AVPlayer.currentItem
2026-08-22 18:31:10.936 Df sensemobile[22550:10858] [com.apple.coremedia:] <<<< AVPlayer >>>> -[AVPlayer _runOnIvarAccessQueueOperationThatMayChangeCurrentItemWithPreflightBlock:modificationBlock:error:]_block_invoke: currentItem KVO: P/SV did didChange AVPlayer.currentItem
2026-08-22 18:31:10.936 Df sensemobile[22550:10811] [com.apple.coremedia:] <<<< AVAssetInspectorLoader >>>> -[AVFigAssetInspectorLoader loadValuesAsynchronouslyForKeys:keysForCollectionKeys:completionHandler:]: called (self: 0x60000293abc0, keys: (
    streaming
), keysForCollectionKeys: (null), handler: non-nil)
2026-08-22 18:31:10.936 Df sensemobile[22550:10811] [com.apple.coremedia:] <<<< AVAssetInspectorLoader >>>> -[AVFigAssetInspectorLoader loadValuesAsynchronouslyForKeys:keysForCollectionKeys:completionHandler:]: Calling FigAssetLoadValuesAsyncForProperties for properties (
    "assetProperty_AssetType"
)
2026-08-22 18:31:10.937 Df sensemobile[22550:108db] [com.apple.coremedia:] <<<< AVAssetInspectorLoader >>>> handleFigAssetLoadingNotification: Received kFigAssetNotification_BatchPropertyLoadComplete (payload: {
    "assetPayload_BatchID" = 1;
})
2026-08-22 18:31:10.936 Df sensemobile[22550:10811] [com.apple.coremedia:] <<<< AVAssetInspectorLoader >>>> -[AVFigAssetInspectorLoader loadValuesAsynchronouslyForKeys:keysForCollectionKeys:completionHandler:]: Batch 0x600000280800: asset batch ID = 1 (err=0, alreadyLoaded=0)
2026-08-22 18:31:10.937 Df sensemobile[22550:108db] [com.apple.coremedia:] <<<< AVAssetInspectorLoader >>>> handleFigAssetLoadingNotification_block_invoke: Batch 0x600000280800: Marking asset batch ID 1 as complete
2026-08-22 18:31:10.937 Df sensemobile[22550:108db] [com.apple.coremedia:] <<<< AVAssetInspectorLoader >>>> -[AVFigAssetInspectorLoader _invokeCompletionHandlerForLoadingBatches:]: Batch 0x600000280800: dispatching completion handler
2026-08-22 18:31:10.937 Df sensemobile[22550:10858] [com.apple.coremedia:] <<< URLAsset >>> FigAssetCreateWithURL: Called for asset 0x600001771580 by client [], url [0x60000262b4e0] <file // redacted-AYGAAQ // ???> createFlags 0x8 optionsDict (null)
2026-08-22 18:31:10.937 Df sensemobile[22550:10858] [com.apple.coremedia:playback-memory] <<< FigOSTransactionsUtilities >>> FigOSTransactionCreateWithProcessName: [Fig Transaction] Added transaction weak reference holder <0x60000027d960>: 1787423470 URLAsset withURL 22550:sensemobile  12947165635103371861
2026-08-22 18:31:10.937 Df sensemobile[22550:10858] [com.apple.coremedia:] <<<< FigCustomURLHandling >>>> FigCustomURLLoaderCreate: newLoader: 0x60000296f5d0
2026-08-22 18:31:10.937 Df sensemobile[22550:10858] [com.apple.coremedia:] <<<< FigCustomURLHandling >>>> FigCustomURLHandlerCreate: newHandler: com.apple.avfoundation.customurl.cfurlconnection.0x600002c3bd80 options: {
    "CURLHOption_OKToLogURLs" = 0;
}
2026-08-22 18:31:10.937 Df sensemobile[22550:10858] [com.apple.coremedia:] <<<< FigCustomURLHandling >>>> curll_installHandler: 0x60000296f5f0: handler: 0x600002c3bd80 priority: 100
2026-08-22 18:31:10.937 Df sensemobile[22550:10858] [com.apple.coremedia:] <<<< FigCustomURLHandling >>>> FigCustomURLHandlerCreate: newHandler: com.apple.avfoundation.authkeychain.0x600002c3be80 options: {
    "CURLHOption_OKToLogURLs" = 0;
}
2026-08-22 18:31:10.937 Df sensemobile[22550:10858] [com.apple.coremedia:] <<<< FigCustomURLHandling >>>> curll_installHandler: 0x60000296f5f0: handler: 0x600002c3be80 priority: 800
2026-08-22 18:31:10.938 Df sensemobile[22550:10858] [com.apple.coremedia:] <<<< AVPlayer >>>> -[AVPlayer _runOnIvarAccessQueueOperationThatMayChangeCurrentItemWithPreflightBlock:modificationBlock:error:]_block_invoke_2: currentItem KVO: P/TY will willChange AVPlayer.currentItem
2026-08-22 18:31:10.938 Df sensemobile[22550:10858] [com.apple.coremedia:] <<<< AVPlayer >>>> -[AVPlayer _runOnIvarAccessQueueOperationThatMayChangeCurrentItemWithPreflightBlock:modificationBlock:error:]_block_invoke: currentItem KVO: P/TY did willChange AVPlayer.currentItem
2026-08-22 18:31:10.938 Df sensemobile[22550:10858] [com.apple.coremedia:] <<<< AVPlayer >>>> -[AVPlayer _setCurrentItem:]: currentItem KVO: P/TY updating current item from (null) to I/DDF.01
2026-08-22 18:31:10.938 Df sensemobile[22550:10858] [com.apple.coremedia:] <<<< AVPlayer >>>> -[AVPlayer _runOnIvarAccessQueueOperationThatMayChangeCurrentItemWithPreflightBlock:modificationBlock:error:]_block_invoke: P/TY setting timeControlStatus=0, reasonForWaitingToPlay=(null)
2026-08-22 18:31:10.938 Df sensemobile[22550:10858] [com.apple.coremedia:] <<<< AVPlayer >>>> -[AVPlayer _runOnIvarAccessQueueOperationThatMayChangeCurrentItemWithPreflightBlock:modificationBlock:error:]_block_invoke: currentItem KVO: P/TY will didChange AVPlayer.currentItem
2026-08-22 18:31:10.939 Df sensemobile[22550:10858] [com.apple.coremedia:] <<<< AVPlayer >>>> -[AVPlayer _runOnIvarAccessQueueOperationThatMayChangeCurrentItemWithPreflightBlock:modificationBlock:error:]_block_invoke: currentItem KVO: P/TY did didChange AVPlayer.currentItem
2026-08-22 18:31:10.939 Df sensemobile[22550:10811] [com.apple.coremedia:] <<<< AVAssetInspectorLoader >>>> -[AVFigAssetInspectorLoader loadValuesAsynchronouslyForKeys:keysForCollectionKeys:completionHandler:]: called (self: 0x60000296ed10, keys: (
    streaming
), keysForCollectionKeys: (null), handler: non-nil)
2026-08-22 18:31:10.939 Df sensemobile[22550:10811] [com.apple.coremedia:] <<<< AVAssetInspectorLoader >>>> -[AVFigAssetInspectorLoader loadValuesAsynchronouslyForKeys:keysForCollectionKeys:completionHandler:]: Calling FigAssetLoadValuesAsyncForProperties for properties (
    "assetProperty_AssetType"
)
2026-08-22 18:31:10.939 Df sensemobile[22550:10811] [com.apple.coremedia:] <<<< AVAssetInspectorLoader >>>> -[AVFigAssetInspectorLoader loadValuesAsynchronouslyForKeys:keysForCollectionKeys:completionHandler:]: Batch 0x600000281100: asset batch ID = 1 (err=0, alreadyLoaded=0)
2026-08-22 18:31:10.939 Df sensemobile[22550:108db] [com.apple.coremedia:] <<<< AVAssetInspectorLoader >>>> handleFigAssetLoadingNotification: Received kFigAssetNotification_BatchPropertyLoadComplete (payload: {
    "assetPayload_BatchID" = 1;
})
2026-08-22 18:31:10.939 Df sensemobile[22550:10858] [com.apple.coremedia:] <<< URLAsset >>> FigAssetCreateWithURL: Called for asset 0x600001769fc0 by client [], url [0x60000262cba0] <file // redacted-FMBRR9 // ???> createFlags 0x8 optionsDict (null)
2026-08-22 18:31:10.939 Df sensemobile[22550:108db] [com.apple.coremedia:] <<<< AVAssetInspectorLoader >>>> handleFigAssetLoadingNotification_block_invoke: Batch 0x600000281100: Marking asset batch ID 1 as complete
2026-08-22 18:31:10.939 Df sensemobile[22550:10858] [com.apple.coremedia:playback-memory] <<< FigOSTransactionsUtilities >>> FigOSTransactionCreateWithProcessName: [Fig Transaction] Added transaction weak reference holder <0x600000284160>: 1787423470 URLAsset withURL 22550:sensemobile  14238065902492686378
2026-08-22 18:31:10.939 Df sensemobile[22550:108db] [com.apple.coremedia:] <<<< AVAssetInspectorLoader >>>> -[AVFigAssetInspectorLoader _invokeCompletionHandlerForLoadingBatches:]: Batch 0x600000281100: dispatching completion handler
2026-08-22 18:31:10.939 Df sensemobile[22550:10858] [com.apple.coremedia:] <<<< FigCustomURLHandling >>>> FigCustomURLLoaderCreate: newLoader: 0x60000296f8e0
2026-08-22 18:31:10.939 Df sensemobile[22550:10858] [com.apple.coremedia:] <<<< FigCustomURLHandling >>>> FigCustomURLHandlerCreate: newHandler: com.apple.avfoundation.customurl.cfurlconnection.0x600002c32380 options: {
    "CURLHOption_OKToLogURLs" = 0;
}
2026-08-22 18:31:10.940 Df sensemobile[22550:10858] [com.apple.coremedia:] <<<< FigCustomURLHandling >>>> curll_installHandler: 0x60000296f900: handler: 0x600002c32380 priority: 100
2026-08-22 18:31:10.940 Df sensemobile[22550:10858] [com.apple.coremedia:] <<<< FigCustomURLHandling >>>> FigCustomURLHandlerCreate: newHandler: com.apple.avfoundation.authkeychain.0x600002c3c200 options: {
    "CURLHOption_OKToLogURLs" = 0;
}
2026-08-22 18:31:10.940 Df sensemobile[22550:10858] [com.apple.coremedia:] <<<< FigCustomURLHandling >>>> curll_installHandler: 0x60000296f900: handler: 0x600002c3c200 priority: 800
2026-08-22 18:31:10.940 Df sensemobile[22550:10858] [com.apple.coremedia:] <<<< AVPlayer >>>> -[AVPlayer _runOnIvarAccessQueueOperationThatMayChangeCurrentItemWithPreflightBlock:modificationBlock:error:]_block_invoke_2: currentItem KVO: P/TO will willChange AVPlayer.currentItem
2026-08-22 18:31:10.941 Df sensemobile[22550:10858] [com.apple.coremedia:] <<<< AVPlayer >>>> -[AVPlayer _runOnIvarAccessQueueOperationThatMayChangeCurrentItemWithPreflightBlock:modificationBlock:error:]_block_invoke: currentItem KVO: P/TO did willChange AVPlayer.currentItem
2026-08-22 18:31:10.941 Df sensemobile[22550:10858] [com.apple.coremedia:] <<<< AVPlayer >>>> -[AVPlayer _setCurrentItem:]: currentItem KVO: P/TO updating current item from (null) to I/HZN.01
2026-08-22 18:31:10.941 Df sensemobile[22550:10858] [com.apple.coremedia:] <<<< AVPlayer >>>> -[AVPlayer _runOnIvarAccessQueueOperationThatMayChangeCurrentItemWithPreflightBlock:modificationBlock:error:]_block_invoke: P/TO setting timeControlStatus=0, reasonForWaitingToPlay=(null)
2026-08-22 18:31:10.941 Df sensemobile[22550:10858] [com.apple.coremedia:] <<<< AVPlayer >>>> -[AVPlayer _runOnIvarAccessQueueOperationThatMayChangeCurrentItemWithPreflightBlock:modificationBlock:error:]_block_invoke: currentItem KVO: P/TO will didChange AVPlayer.currentItem
2026-08-22 18:31:10.941 Df sensemobile[22550:10858] [com.apple.coremedia:] <<<< AVPlayer >>>> -[AVPlayer _runOnIvarAccessQueueOperationThatMayChangeCurrentItemWithPreflightBlock:modificationBlock:error:]_block_invoke: currentItem KVO: P/TO did didChange AVPlayer.currentItem
2026-08-22 18:31:10.941 Df sensemobile[22550:10811] [com.apple.coremedia:] <<<< AVAssetInspectorLoader >>>> -[AVFigAssetInspectorLoader loadValuesAsynchronouslyForKeys:keysForCollectionKeys:completionHandler:]: called (self: 0x60000292b330, keys: (
    streaming
), keysForCollectionKeys: (null), handler: non-nil)
2026-08-22 18:31:10.941 Df sensemobile[22550:10811] [com.apple.coremedia:] <<<< AVAssetInspectorLoader >>>> -[AVFigAssetInspectorLoader loadValuesAsynchronouslyForKeys:keysForCollectionKeys:completionHandler:]: Calling FigAssetLoadValuesAsyncForProperties for properties (
    "assetProperty_AssetType"
)
2026-08-22 18:31:10.942 Df sensemobile[22550:10811] [com.apple.coremedia:] <<<< AVAssetInspectorLoader >>>> -[AVFigAssetInspectorLoader loadValuesAsynchronouslyForKeys:keysForCollectionKeys:completionHandler:]: Batch 0x600000284c40: asset batch ID = 1 (err=0, alreadyLoaded=0)
2026-08-22 18:31:10.942 Df sensemobile[22550:108db] [com.apple.coremedia:] <<<< AVAssetInspectorLoader >>>> handleFigAssetLoadingNotification: Received kFigAssetNotification_BatchPropertyLoadComplete (payload: {
    "assetPayload_BatchID" = 1;
})
2026-08-22 18:31:10.942 Df sensemobile[22550:10858] [com.apple.coremedia:] <<< URLAsset >>> FigAssetCreateWithURL: Called for asset 0x60000176f740 by client [], url [0x600002632280] <file // redacted-ZSMLDU // ???> createFlags 0x8 optionsDict (null)
2026-08-22 18:31:10.942 Df sensemobile[22550:10858] [com.apple.coremedia:playback-memory] <<< FigOSTransactionsUtilities >>> FigOSTransactionCreateWithProcessName: [Fig Transaction] Added transaction weak reference holder <0x600000284fa0>: 1787423470 URLAsset withURL 22550:sensemobile  19599810069579389
2026-08-22 18:31:10.942 Df sensemobile[22550:108db] [com.apple.coremedia:] <<<< AVAssetInspectorLoader >>>> handleFigAssetLoadingNotification_block_invoke: Batch 0x600000284c40: Marking asset batch ID 1 as complete
2026-08-22 18:31:10.943 Df sensemobile[22550:108db] [com.apple.coremedia:] <<<< AVAssetInspectorLoader >>>> -[AVFigAssetInspectorLoader _invokeCompletionHandlerForLoadingBatches:]: Batch 0x600000284c40: dispatching completion handler
2026-08-22 18:31:10.943 Df sensemobile[22550:10858] [com.apple.coremedia:] <<<< FigCustomURLHandling >>>> FigCustomURLLoaderCreate: newLoader: 0x60000296fb80
2026-08-22 18:31:10.943 Df sensemobile[22550:10858] [com.apple.coremedia:] <<<< FigCustomURLHandling >>>> FigCustomURLHandlerCreate: newHandler: com.apple.avfoundation.customurl.cfurlconnection.0x600002c33100 options: {
    "CURLHOption_OKToLogURLs" = 0;
}
2026-08-22 18:31:10.943 Df sensemobile[22550:10858] [com.apple.coremedia:] <<<< FigCustomURLHandling >>>> curll_installHandler: 0x60000296fba0: handler: 0x600002c33100 priority: 100
2026-08-22 18:31:10.943 Df sensemobile[22550:10858] [com.apple.coremedia:] <<<< FigCustomURLHandling >>>> FigCustomURLHandlerCreate: newHandler: com.apple.avfoundation.authkeychain.0x600002c37780 options: {
    "CURLHOption_OKToLogURLs" = 0;
}
2026-08-22 18:31:10.943 Df sensemobile[22550:10858] [com.apple.coremedia:] <<<< FigCustomURLHandling >>>> curll_installHandler: 0x60000296fba0: handler: 0x600002c37780 priority: 800
2026-08-22 18:31:10.943 Df sensemobile[22550:10858] [com.apple.coremedia:] <<<< AVPlayer >>>> -[AVPlayer _runOnIvarAccessQueueOperationThatMayChangeCurrentItemWithPreflightBlock:modificationBlock:error:]_block_invoke_2: currentItem KVO: P/CB will willChange AVPlayer.currentItem
2026-08-22 18:31:10.943 Df sensemobile[22550:10858] [com.apple.coremedia:] <<<< AVPlayer >>>> -[AVPlayer _runOnIvarAccessQueueOperationThatMayChangeCurrentItemWithPreflightBlock:modificationBlock:error:]_block_invoke: currentItem KVO: P/CB did willChange AVPlayer.currentItem
2026-08-22 18:31:10.944 Df sensemobile[22550:10858] [com.apple.coremedia:] <<<< AVPlayer >>>> -[AVPlayer _setCurrentItem:]: currentItem KVO: P/CB updating current item from (null) to I/QNX.01
2026-08-22 18:31:10.944 Df sensemobile[22550:10858] [com.apple.coremedia:] <<<< AVPlayer >>>> -[AVPlayer _runOnIvarAccessQueueOperationThatMayChangeCurrentItemWithPreflightBlock:modificationBlock:error:]_block_invoke: P/CB setting timeControlStatus=0, reasonForWaitingToPlay=(null)
2026-08-22 18:31:10.944 Df sensemobile[22550:10858] [com.apple.coremedia:] <<<< AVPlayer >>>> -[AVPlayer _runOnIvarAccessQueueOperationThatMayChangeCurrentItemWithPreflightBlock:modificationBlock:error:]_block_invoke: currentItem KVO: P/CB will didChange AVPlayer.currentItem
2026-08-22 18:31:10.944 Df sensemobile[22550:10858] [com.apple.coremedia:] <<<< AVPlayer >>>> -[AVPlayer _runOnIvarAccessQueueOperationThatMayChangeCurrentItemWithPreflightBlock:modificationBlock:error:]_block_invoke: currentItem KVO: P/CB did didChange AVPlayer.currentItem
2026-08-22 18:31:10.944 Df sensemobile[22550:10811] [com.apple.coremedia:] <<<< AVAssetInspectorLoader >>>> -[AVFigAssetInspectorLoader loadValuesAsynchronouslyForKeys:keysForCollectionKeys:completionHandler:]: called (self: 0x600002938e00, keys: (
    streaming
), keysForCollectionKeys: (null), handler: non-nil)
2026-08-22 18:31:10.944 Df sensemobile[22550:10811] [com.apple.coremedia:] <<<< AVAssetInspectorLoader >>>> -[AVFigAssetInspectorLoader loadValuesAsynchronouslyForKeys:keysForCollectionKeys:completionHandler:]: Calling FigAssetLoadValuesAsyncForProperties for properties (
    "assetProperty_AssetType"
)
2026-08-22 18:31:10.944 Df sensemobile[22550:10811] [com.apple.coremedia:] <<<< AVAssetInspectorLoader >>>> -[AVFigAssetInspectorLoader loadValuesAsynchronouslyForKeys:keysForCollectionKeys:completionHandler:]: Batch 0x600000285680: asset batch ID = 1 (err=0, alreadyLoaded=0)
2026-08-22 18:31:10.945 Df sensemobile[22550:10858] [com.apple.coremedia:] <<< URLAsset >>> FigAssetCreateWithURL: Called for asset 0x600001772f40 by client [], url [0x600002625b60] <file // redacted-DFAFMT // ???> createFlags 0x8 optionsDict (null)
2026-08-22 18:31:10.945 Df sensemobile[22550:108db] [com.apple.coremedia:] <<<< AVAssetInspectorLoader >>>> handleFigAssetLoadingNotification: Received kFigAssetNotification_BatchPropertyLoadComplete (payload: {
    "assetPayload_BatchID" = 1;
})
2026-08-22 18:31:10.945 Df sensemobile[22550:10858] [com.apple.coremedia:playback-memory] <<< FigOSTransactionsUtilities >>> FigOSTransactionCreateWithProcessName: [Fig Transaction] Added transaction weak reference holder <0x60000027efe0>: 1787423470 URLAsset withURL 22550:sensemobile  3191522240013794939
2026-08-22 18:31:10.945 Df sensemobile[22550:108db] [com.apple.coremedia:] <<<< AVAssetInspectorLoader >>>> handleFigAssetLoadingNotification_block_invoke: Batch 0x600000285680: Marking asset batch ID 1 as complete
2026-08-22 18:31:10.945 Df sensemobile[22550:108db] [com.apple.coremedia:] <<<< AVAssetInspectorLoader >>>> -[AVFigAssetInspectorLoader _invokeCompletionHandlerForLoadingBatches:]: Batch 0x600000285680: dispatching completion handler
2026-08-22 18:31:10.945 Df sensemobile[22550:10858] [com.apple.coremedia:] <<<< FigCustomURLHandling >>>> FigCustomURLLoaderCreate: newLoader: 0x60000292b3a0
2026-08-22 18:31:10.945 Df sensemobile[22550:10858] [com.apple.coremedia:] <<<< FigCustomURLHandling >>>> FigCustomURLHandlerCreate: newHandler: com.apple.avfoundation.customurl.cfurlconnection.0x600002c37b00 options: {
    "CURLHOption_OKToLogURLs" = 0;
}
2026-08-22 18:31:10.945 Df sensemobile[22550:10858] [com.apple.coremedia:] <<<< FigCustomURLHandling >>>> curll_installHandler: 0x60000292b3c0: handler: 0x600002c37b00 priority: 100
2026-08-22 18:31:10.945 Df sensemobile[22550:10858] [com.apple.coremedia:] <<<< FigCustomURLHandling >>>> FigCustomURLHandlerCreate: newHandler: com.apple.avfoundation.authkeychain.0x600002c37c00 options: {
    "CURLHOption_OKToLogURLs" = 0;
}
2026-08-22 18:31:10.945 Df sensemobile[22550:10858] [com.apple.coremedia:] <<<< FigCustomURLHandling >>>> curll_installHandler: 0x60000292b3c0: handler: 0x600002c37c00 priority: 800
2026-08-22 18:31:10.945 Df sensemobile[22550:10858] [com.apple.coremedia:] <<<< AVPlayer >>>> -[AVPlayer _runOnIvarAccessQueueOperationThatMayChangeCurrentItemWithPreflightBlock:modificationBlock:error:]_block_invoke_2: currentItem KVO: P/FU will willChange AVPlayer.currentItem
2026-08-22 18:31:10.945 Df sensemobile[22550:10858] [com.apple.coremedia:] <<<< AVPlayer >>>> -[AVPlayer _runOnIvarAccessQueueOperationThatMayChangeCurrentItemWithPreflightBlock:modificationBlock:error:]_block_invoke: currentItem KVO: P/FU did willChange AVPlayer.currentItem
2026-08-22 18:31:10.945 Df sensemobile[22550:10858] [com.apple.coremedia:] <<<< AVPlayer >>>> -[AVPlayer _setCurrentItem:]: currentItem KVO: P/FU updating current item from (null) to I/YHA.01
2026-08-22 18:31:10.946 Df sensemobile[22550:10858] [com.apple.coremedia:] <<<< AVPlayer >>>> -[AVPlayer _runOnIvarAccessQueueOperationThatMayChangeCurrentItemWithPreflightBlock:modificationBlock:error:]_block_invoke: P/FU setting timeControlStatus=0, reasonForWaitingToPlay=(null)
2026-08-22 18:31:10.946 Df sensemobile[22550:10858] [com.apple.coremedia:] <<<< AVPlayer >>>> -[AVPlayer _runOnIvarAccessQueueOperationThatMayChangeCurrentItemWithPreflightBlock:modificationBlock:error:]_block_invoke: currentItem KVO: P/FU will didChange AVPlayer.currentItem
2026-08-22 18:31:10.946 Df sensemobile[22550:10858] [com.apple.coremedia:] <<<< AVPlayer >>>> -[AVPlayer _runOnIvarAccessQueueOperationThatMayChangeCurrentItemWithPreflightBlock:modificationBlock:error:]_block_invoke: currentItem KVO: P/FU did didChange AVPlayer.currentItem
2026-08-22 18:31:10.946 Df sensemobile[22550:10811] [com.apple.coremedia:] <<<< AVAssetInspectorLoader >>>> -[AVFigAssetInspectorLoader loadValuesAsynchronouslyForKeys:keysForCollectionKeys:completionHandler:]: called (self: 0x6000029579c0, keys: (
    streaming
), keysForCollectionKeys: (null), handler: non-nil)
2026-08-22 18:31:10.946 Df sensemobile[22550:10811] [com.apple.coremedia:] <<<< AVAssetInspectorLoader >>>> -[AVFigAssetInspectorLoader loadValuesAsynchronouslyForKeys:keysForCollectionKeys:completionHandler:]: Calling FigAssetLoadValuesAsyncForProperties for properties (
    "assetProperty_AssetType"
)
2026-08-22 18:31:10.946 Df sensemobile[22550:10811] [com.apple.coremedia:] <<<< AVAssetInspectorLoader >>>> -[AVFigAssetInspectorLoader loadValuesAsynchronouslyForKeys:keysForCollectionKeys:completionHandler:]: Batch 0x60000027f000: asset batch ID = 1 (err=0, alreadyLoaded=0)
2026-08-22 18:31:10.946 Df sensemobile[22550:10858] [com.apple.coremedia:] <<< URLAsset >>> FigAssetCreateWithURL: Called for asset 0x600001774400 by client [], url [0x600002632ca0] <file // redacted-H+6VUZ // ???> createFlags 0x8 optionsDict (null)
2026-08-22 18:31:10.946 Df sensemobile[22550:108db] [com.apple.coremedia:] <<<< AVAssetInspectorLoader >>>> handleFigAssetLoadingNotification: Received kFigAssetNotification_BatchPropertyLoadComplete (payload: {
    "assetPayload_BatchID" = 1;
})
2026-08-22 18:31:10.946 Df sensemobile[22550:10858] [com.apple.coremedia:playback-memory] <<< FigOSTransactionsUtilities >>> FigOSTransactionCreateWithProcessName: [Fig Transaction] Added transaction weak reference holder <0x600000285ac0>: 1787423470 URLAsset withURL 22550:sensemobile  3368475298685107381
2026-08-22 18:31:10.946 Df sensemobile[22550:108db] [com.apple.coremedia:] <<<< AVAssetInspectorLoader >>>> handleFigAssetLoadingNotification_block_invoke: Batch 0x60000027f000: Marking asset batch ID 1 as complete
2026-08-22 18:31:10.946 Df sensemobile[22550:10858] [com.apple.coremedia:] <<<< FigCustomURLHandling >>>> FigCustomURLLoaderCreate: newLoader: 0x600002957f00
2026-08-22 18:31:10.947 Df sensemobile[22550:108db] [com.apple.coremedia:] <<<< AVAssetInspectorLoader >>>> -[AVFigAssetInspectorLoader _invokeCompletionHandlerForLoadingBatches:]: Batch 0x60000027f000: dispatching completion handler
2026-08-22 18:31:10.947 Df sensemobile[22550:10858] [com.apple.coremedia:] <<<< FigCustomURLHandling >>>> FigCustomURLHandlerCreate: newHandler: com.apple.avfoundation.customurl.cfurlconnection.0x600002c40580 options: {
    "CURLHOption_OKToLogURLs" = 0;
}
2026-08-22 18:31:10.947 Df sensemobile[22550:10858] [com.apple.coremedia:] <<<< FigCustomURLHandling >>>> curll_installHandler: 0x600002957f20: handler: 0x600002c40580 priority: 100
2026-08-22 18:31:10.947 Df sensemobile[22550:10858] [com.apple.coremedia:] <<<< FigCustomURLHandling >>>> FigCustomURLHandlerCreate: newHandler: com.apple.avfoundation.authkeychain.0x600002c40680 options: {
    "CURLHOption_OKToLogURLs" = 0;
}
2026-08-22 18:31:10.947 Df sensemobile[22550:10858] [com.apple.coremedia:] <<<< FigCustomURLHandling >>>> curll_installHandler: 0x600002957f20: handler: 0x600002c40680 priority: 800
2026-08-22 18:31:10.947 Df sensemobile[22550:10858] [com.apple.coremedia:] <<<< AVPlayer >>>> -[AVPlayer _runOnIvarAccessQueueOperationThatMayChangeCurrentItemWithPreflightBlock:modificationBlock:error:]_block_invoke_2: currentItem KVO: P/HA will willChange AVPlayer.currentItem
2026-08-22 18:31:10.947 Df sensemobile[22550:10858] [com.apple.coremedia:] <<<< AVPlayer >>>> -[AVPlayer _runOnIvarAccessQueueOperationThatMayChangeCurrentItemWithPreflightBlock:modificationBlock:error:]_block_invoke: currentItem KVO: P/HA did willChange AVPlayer.currentItem
2026-08-22 18:31:10.947 Df sensemobile[22550:10858] [com.apple.coremedia:] <<<< AVPlayer >>>> -[AVPlayer _setCurrentItem:]: currentItem KVO: P/HA updating current item from (null) to I/KVM.01
2026-08-22 18:31:10.947 Df sensemobile[22550:10858] [com.apple.coremedia:] <<<< AVPlayer >>>> -[AVPlayer _runOnIvarAccessQueueOperationThatMayChangeCurrentItemWithPreflightBlock:modificationBlock:error:]_block_invoke: P/HA setting timeControlStatus=0, reasonForWaitingToPlay=(null)
2026-08-22 18:31:10.947 Df sensemobile[22550:10858] [com.apple.coremedia:] <<<< AVPlayer >>>> -[AVPlayer _runOnIvarAccessQueueOperationThatMayChangeCurrentItemWithPreflightBlock:modificationBlock:error:]_block_invoke: currentItem KVO: P/HA will didChange AVPlayer.currentItem
2026-08-22 18:31:10.947 Df sensemobile[22550:10858] [com.apple.coremedia:] <<<< AVPlayer >>>> -[AVPlayer _runOnIvarAccessQueueOperationThatMayChangeCurrentItemWithPreflightBlock:modificationBlock:error:]_block_invoke: currentItem KVO: P/HA did didChange AVPlayer.currentItem
2026-08-22 18:31:10.947 Df sensemobile[22550:10811] [com.apple.coremedia:] <<<< AVAssetInspectorLoader >>>> -[AVFigAssetInspectorLoader loadValuesAsynchronouslyForKeys:keysForCollectionKeys:completionHandler:]: called (self: 0x600002939ab0, keys: (
    streaming
), keysForCollectionKeys: (null), handler: non-nil)
2026-08-22 18:31:10.947 Df sensemobile[22550:10811] [com.apple.coremedia:] <<<< AVAssetInspectorLoader >>>> -[AVFigAssetInspectorLoader loadValuesAsynchronouslyForKeys:keysForCollectionKeys:completionHandler:]: Calling FigAssetLoadValuesAsyncForProperties for properties (
    "assetProperty_AssetType"
)
2026-08-22 18:31:10.948 Df sensemobile[22550:10811] [com.apple.coremedia:] <<<< AVAssetInspectorLoader >>>> -[AVFigAssetInspectorLoader loadValuesAsynchronouslyForKeys:keysForCollectionKeys:completionHandler:]: Batch 0x600000282520: asset batch ID = 1 (err=0, alreadyLoaded=0)
2026-08-22 18:31:10.948 Df sensemobile[22550:108db] [com.apple.coremedia:] <<<< AVAssetInspectorLoader >>>> handleFigAssetLoadingNotification: Received kFigAssetNotification_BatchPropertyLoadComplete (payload: {
    "assetPayload_BatchID" = 1;
})
2026-08-22 18:31:10.948 Df sensemobile[22550:108db] [com.apple.coremedia:] <<<< AVAssetInspectorLoader >>>> handleFigAssetLoadingNotification_block_invoke: Batch 0x600000282520: Marking asset batch ID 1 as complete
2026-08-22 18:31:10.948 Df sensemobile[22550:108db] [com.apple.coremedia:] <<<< AVAssetInspectorLoader >>>> -[AVFigAssetInspectorLoader _invokeCompletionHandlerForLoadingBatches:]: Batch 0x600000282520: dispatching completion handler
2026-08-22 18:31:10.949 Df sensemobile[22550:108e2] [com.apple.coremedia:player] <<<< FigPlayerSurrogate >>>> FigPlayerSurrogateCreateWithOptions: new player 0x600003704240 P/SV
2026-08-22 18:31:10.949 Df sensemobile[22550:108e3] [com.apple.coremedia:player] <<<< FigPlayerSurrogate >>>> FigPlayerSurrogateCreateWithOptions: new player 0x60000370d200 P/WO
2026-08-22 18:31:10.949 Df sensemobile[22550:108e4] [com.apple.coremedia:player] <<<< FigPlayerSurrogate >>>> FigPlayerSurrogateCreateWithOptions: new player 0x60000370cd80 P/RS
2026-08-22 18:31:10.946 Df sensemobile[22550:10856] [com.apple.CFNetwork:Default] Connection 0: creating secure tcp or quic connection
2026-08-22 18:31:10.950 Df sensemobile[22550:108e6] [com.apple.coremedia:player] <<<< FigPlayerSurrogate >>>> FigPlayerSurrogateCreateWithOptions: new player 0x60000375a4c0 P/TY
2026-08-22 18:31:10.950 Df sensemobile[22550:108e7] [com.apple.coremedia:player] <<<< FigPlayerSurrogate >>>> FigPlayerSurrogateCreateWithOptions: new player 0x600003704300 P/TO
2026-08-22 18:31:10.951 Df sensemobile[22550:108e8] [com.apple.coremedia:player] <<<< FigPlayerSurrogate >>>> FigPlayerSurrogateCreateWithOptions: new player 0x60000370c3c0 P/FU
2026-08-22 18:31:10.951 Df sensemobile[22550:108e5] [com.apple.CFNetwork:Default] Task <9D2CDE74-41C0-4B3C-AD5A-200E8387367F>.<2> resuming, timeouts(0.0, 604800.0) qos(0x19) voucher((null)) activity(00000000-0000-0000-0000-000000000000)
2026-08-22 18:31:10.951 Df sensemobile[22550:108e5] [com.apple.CFNetwork:Default] Task <829DB8AB-0842-4052-8DDA-D9BD22542DB0>.<3> resuming, timeouts(0.0, 604800.0) qos(0x19) voucher((null)) activity(00000000-0000-0000-0000-000000000000)
2026-08-22 18:31:10.951 Df sensemobile[22550:10856] [com.apple.CFNetwork:Default] Connection 4: enabling TLS
2026-08-22 18:31:10.951 Df sensemobile[22550:10856] [com.apple.CFNetwork:Default] Connection 4: starting, TC(0x0)
2026-08-22 18:31:10.951 Df sensemobile[22550:108e5] [com.apple.CFNetwork:Default] Task <16315DB4-C261-4DC7-9167-6070417A507F>.<4> resuming, timeouts(0.0, 604800.0) qos(0x19) voucher((null)) activity(00000000-0000-0000-0000-000000000000)
2026-08-22 18:31:10.952 Df sensemobile[22550:108e5] [com.apple.CFNetwork:Default] Task <DBD20355-4B5D-4307-94F6-48E699211B7B>.<5> resuming, timeouts(0.0, 604800.0) qos(0x19) voucher((null)) activity(00000000-0000-0000-0000-000000000000)
2026-08-22 18:31:10.952 Df sensemobile[22550:10856] [com.apple.network:connection] [C4 7D7531CA-38BF-404B-939D-C0848DDBD05F Hostname#af5e4034:443 quic-connection, url: https://web-production-c6ec6.up.railway.app/api/tiers, definite, attribution: developer, context: com.apple.CFNetwork.NSURLSession.{1A6E9449-D3A3-4362-AB9E-E89A283A1742}{(null)}{Y}{2}{0x0} (private), proc: C9BCD2D3-D061-3D6C-B7F3-08CFAA8674E9, delegated upid: 0] start
2026-08-22 18:31:10.952 Df sensemobile[22550:10856] [com.apple.network:connection] [C4 Hostname#af5e4034:443 initial parent-flow ((null))] event: path:start @0.000s
2026-08-22 18:31:10.952 Df sensemobile[22550:10856] [com.apple.network:connection] [C4 Hostname#af5e4034:443 waiting parent-flow (satisfied (Path is satisfied), interface: en0)] event: path:satisfied @0.000s, uuid: B16D27EA-0DCA-4DBD-906E-AA4D8D940D2C
2026-08-22 18:31:10.952 Df sensemobile[22550:10856] [com.apple.network:connection] [C4 Hostname#af5e4034:443 in_progress parent-flow (satisfied (Path is satisfied), interface: en0)] event: flow:start_connect @0.000s
2026-08-22 18:31:10.952 Df sensemobile[22550:10856] [com.apple.network:connection] nw_connection_report_state_with_handler_on_nw_queue [C4] reporting state preparing
2026-08-22 18:31:10.953 Df sensemobile[22550:10856] [com.apple.network:connection] [C4 Hostname#af5e4034:443 in_progress parent-flow (satisfied (Path is satisfied), interface: en0)] event: flow:start_child @0.000s
2026-08-22 18:31:10.953 Df sensemobile[22550:10856] [com.apple.network:connection] [C4.1 Hostname#af5e4034:443 initial path ((null))] event: path:start @0.001s
2026-08-22 18:31:10.953 Df sensemobile[22550:10856] [com.apple.network:connection] [C4.1 Hostname#af5e4034:443 waiting path (satisfied (Path is satisfied), interface: en0)] event: path:satisfied @0.001s, uuid: B16D27EA-0DCA-4DBD-906E-AA4D8D940D2C
2026-08-22 18:31:10.953 Df sensemobile[22550:10856] [com.apple.network:connection] [C4.1 Hostname#af5e4034:443 in_progress transform (satisfied (Path is satisfied), interface: en0)] event: transform:start @0.001s
2026-08-22 18:31:10.954 Df sensemobile[22550:10856] [com.apple.network:connection] [C4.1.1 Hostname#af5e4034:443 initial path ((null))] event: path:start @0.002s
2026-08-22 18:31:10.954 Df sensemobile[22550:10856] [com.apple.network:connection] [C4.1.1 Hostname#af5e4034:443 waiting path (satisfied (Path is satisfied), interface: en0)] event: path:satisfied @0.002s, uuid: F5206D93-0F7E-47BB-9C9D-271D7BDD0B71
2026-08-22 18:31:10.954 Df sensemobile[22550:10856] [com.apple.network:connection] [C4.1.1 Hostname#af5e4034:443 in_progress resolver (satisfied (Path is satisfied), interface: en0)] event: resolver:start_dns @0.002s
2026-08-22 18:31:10.955 Df sensemobile[22550:10856] [com.apple.CFNetwork:Default] Task <3819803A-4D00-4FCB-A549-ED3AD8D84CF2>.<1> setting up Connection 4
2026-08-22 18:31:10.956 Df sensemobile[22550:10856] [com.apple.CFNetwork:Default] Task <9D2CDE74-41C0-4B3C-AD5A-200E8387367F>.<2> waiting for setup of Connection 4
2026-08-22 18:31:10.957 Df sensemobile[22550:10856] [com.apple.CFNetwork:Default] Task <829DB8AB-0842-4052-8DDA-D9BD22542DB0>.<3> waiting for setup of Connection 4
2026-08-22 18:31:10.957 Df sensemobile[22550:108ea] [com.apple.CFNetwork:Default] Task <79C94B99-2386-404E-96AA-6AF896994EF3>.<6> resuming, timeouts(0.0, 604800.0) qos(0x19) voucher((null)) activity(00000000-0000-0000-0000-000000000000)
2026-08-22 18:31:10.957 Df sensemobile[22550:10856] [com.apple.CFNetwork:Default] Task <16315DB4-C261-4DC7-9167-6070417A507F>.<4> waiting for setup of Connection 4
2026-08-22 18:31:10.957 Df sensemobile[22550:108ea] [com.apple.CFNetwork:Default] Task <27B68D4C-BDA3-427C-9911-4F3671257BBE>.<7> resuming, timeouts(0.0, 604800.0) qos(0x19) voucher((null)) activity(00000000-0000-0000-0000-000000000000)
2026-08-22 18:31:10.957 Df sensemobile[22550:108e1] [com.apple.CFNetwork:Summary] Task <DBD20355-4B5D-4307-94F6-48E699211B7B>.<5> summary for task success {transaction_duration_ms=5, response_status=200, cache_hit=true}
2026-08-22 18:31:10.957 Df sensemobile[22550:108e1] [com.apple.CoreAnalytics:client] No XPC connection in Simulator
2026-08-22 18:31:10.957 Df sensemobile[22550:108e1] [com.apple.CFNetwork:Default] Task <DBD20355-4B5D-4307-94F6-48E699211B7B>.<5> finished successfully
2026-08-22 18:31:10.957 Df sensemobile[22550:10856] [com.apple.CFNetwork:Default] Task <79C94B99-2386-404E-96AA-6AF896994EF3>.<6> waiting for setup of Connection 4
2026-08-22 18:31:10.958 Df sensemobile[22550:10856] [com.apple.CFNetwork:Default] Task <27B68D4C-BDA3-427C-9911-4F3671257BBE>.<7> waiting for setup of Connection 4
2026-08-22 18:31:10.958 Df sensemobile[22550:108e2] [com.apple.coremedia:player] <<<< FigPlayerSurrogate >>>> surrogatePlayer_setActionAtEndOnRealPlayerOnQ: [0x60000375a4c0|P/TY] actionAtEnd Stop
2026-08-22 18:31:10.958 Df sensemobile[22550:108e2] [com.apple.coremedia:player] <<<< FigPlayerSurrogate >>>> FigPlayerSurrogateCreateWithOptions: new player 0x60000375b300 P/CB
2026-08-22 18:31:10.960 Df sensemobile[22550:108e2] [com.apple.coremedia:player] <<<< FigPlayerSurrogate >>>> surrogatePlayer_CreatePlaybackItemFromAsset: [0x60000375a4c0] P/TY Created new item 0x600003d06c10 I/DDF.01
2026-08-22 18:31:10.960 Df sensemobile[22550:10811] [com.apple.coremedia:] <<<< AVPlayerItem >>>> -[AVPlayerItem _updateItemIdentifierForCoordinatedPlayback]_block_invoke: <I/DDF.01|0x60000000a9d0> setting coordination identifier to (null)
2026-08-22 18:31:10.960 Df sensemobile[22550:108e2] [com.apple.coremedia:player] <<<< FigPlayerSurrogate >>>> surrogatePlayer_setActionAtEndOnRealPlayerOnQ: [0x60000375b300|P/CB] actionAtEnd Stop
2026-08-22 18:31:10.961 Df sensemobile[22550:108e2] [com.apple.coremedia:player] <<<< FigPlayerSurrogate >>>> surrogatePlayer_CreatePlaybackItemFromAsset: [0x60000375b300] P/CB Created new item 0x600003d2d860 I/QNX.01
2026-08-22 18:31:10.961 Df sensemobile[22550:10811] [com.apple.coremedia:] <<<< AVPlayerItem >>>> -[AVPlayerItem _updateItemIdentifierForCoordinatedPlayback]_block_invoke: <I/QNX.01|0x6000000072d0> setting coordination identifier to (null)
2026-08-22 18:31:10.961 Df sensemobile[22550:108e2] [com.apple.coremedia:player] <<<< FigPlayerSurrogate >>>> surrogatePlayer_AddToPlayQueue: [0x60000375b300] P/CB add 0x600003d2d860 I/QNX.01 after 0x0
2026-08-22 18:31:10.961 Df sensemobile[22550:108e2] [com.apple.coremedia:player] <<<< FigPlayerSurrogate >>>> surrogatePlaybackItem_addToPlayQueueInternal: [0x60000375b300] P/CB adding item 0x600003d2d860(0x0) I/QNX.01 to play queue after item 0x0(0x0)
2026-08-22 18:31:10.961 Df sensemobile[22550:108e2] [com.apple.coremedia:player] <<<< FigPlayerSurrogate >>>> surrogatePlaybackItem_addToPlayQueueInternal: [0x60000375b300] P/CB play queue now: [item 0x600003d2d860 I/QNX.01]
2026-08-22 18:31:10.961 Df sensemobile[22550:108db] [com.apple.coremedia:player] <<<< FigPlayerSurrogate >>>> surrogatePlayer_initiateLoadingOfItemAssetTypeOnQ: [0x60000375b300] P/CB preparing item 0x600003d2d860(0x0) I/QNX.01 for loading
2026-08-22 18:31:10.961 Df sensemobile[22550:108e8] [com.apple.coremedia:player] <<<< FigPlayerSurrogate >>>> surrogatePlayer_setActionAtEndOnRealPlayerOnQ: [0x60000370cd80|P/RS] actionAtEnd Stop
2026-08-22 18:31:10.961 Df sensemobile[22550:108db] [com.apple.coremedia:player] <<<< FigPlayerSurrogate >>>> surrogatePlayer_initiateLoadingOfItemAssetTypeOnQ: [0x60000375b300] P/CB load ok 0x600003d2d860(0x0) I/QNX.01 already loaded
2026-08-22 18:31:10.961 Df sensemobile[22550:108e8] [com.apple.coremedia:player] <<<< FigPlayerSurrogate >>>> surrogatePlayer_CreatePlaybackItemFromAsset: [0x60000370cd80] P/RS Created new item 0x600003d2d950 I/QPK.01
2026-08-22 18:31:10.962 Df sensemobile[22550:108db] [com.apple.coremedia:player] <<<< FigPlayerSurrogate >>>> surrogatePlayer_respondToLoadingOfItemAssetTypeOnQ: [0x60000375b300|P/CB] for item <0x600003d2d860|I/QNX.01> enqueueing = 0
2026-08-22 18:31:10.962 Df sensemobile[22550:10811] [com.apple.coremedia:] <<<< AVPlayerItem >>>> -[AVPlayerItem _updateItemIdentifierForCoordinatedPlayback]_block_invoke: <I/QPK.01|0x600000006b90> setting coordination identifier to (null)
2026-08-22 18:31:10.962 Df sensemobile[22550:108e8] [com.apple.coremedia:player] <<<< FigPlayerSurrogate >>>> surrogatePlayer_AddToPlayQueue: [0x60000370cd80] P/RS add 0x600003d2d950 I/QPK.01 after 0x0
2026-08-22 18:31:10.962 Df sensemobile[22550:108e8] [com.apple.coremedia:player] <<<< FigPlayerSurrogate >>>> surrogatePlaybackItem_addToPlayQueueInternal: [0x60000370cd80] P/RS adding item 0x600003d2d950(0x0) I/QPK.01 to play queue after item 0x0(0x0)
2026-08-22 18:31:10.962 Df sensemobile[22550:108e8] [com.apple.coremedia:player] <<<< FigPlayerSurrogate >>>> surrogatePlaybackItem_addToPlayQueueInternal: [0x60000370cd80] P/RS play queue now: [item 0x600003d2d950 I/QPK.01]
2026-08-22 18:31:10.962 Df sensemobile[22550:108e2] [com.apple.coremedia:player] <<<< FigPlayerSurrogate >>>> surrogatePlayer_setActionAtEndOnRealPlayerOnQ: [0x60000370c3c0|P/FU] actionAtEnd Stop
2026-08-22 18:31:10.962 Df sensemobile[22550:108ec] [com.apple.coremedia:player] <<<< FigPlayerSurrogate >>>> surrogatePlayer_initiateLoadingOfItemAssetTypeOnQ: [0x60000370cd80] P/RS preparing item 0x600003d2d950(0x0) I/QPK.01 for loading
2026-08-22 18:31:10.962 Df sensemobile[22550:108ec] [com.apple.coremedia:player] <<<< FigPlayerSurrogate >>>> surrogatePlayer_initiateLoadingOfItemAssetTypeOnQ: [0x60000370cd80] P/RS load ok 0x600003d2d950(0x0) I/QPK.01 already loaded
2026-08-22 18:31:10.962 Df sensemobile[22550:108e2] [com.apple.coremedia:player] <<<< FigPlayerSurrogate >>>> surrogatePlayer_CreatePlaybackItemFromAsset: [0x60000370c3c0] P/FU Created new item 0x600003d023a0 I/YHA.01
2026-08-22 18:31:10.962 Df sensemobile[22550:108ec] [com.apple.coremedia:player] <<<< FigPlayerSurrogate >>>> surrogatePlayer_respondToLoadingOfItemAssetTypeOnQ: [0x60000370cd80|P/RS] for item <0x600003d2d950|I/QPK.01> enqueueing = 0
2026-08-22 18:31:10.963 Df sensemobile[22550:10811] [com.apple.coremedia:] <<<< AVPlayerItem >>>> -[AVPlayerItem _updateItemIdentifierForCoordinatedPlayback]_block_invoke: <I/YHA.01|0x60000000a530> setting coordination identifier to (null)
2026-08-22 18:31:10.963 Df sensemobile[22550:108e2] [com.apple.coremedia:player] <<<< FigPlayerSurrogate >>>> surrogatePlayer_AddToPlayQueue: [0x60000370c3c0] P/FU add 0x600003d023a0 I/YHA.01 after 0x0
2026-08-22 18:31:10.963 Df sensemobile[22550:108e2] [com.apple.coremedia:player] <<<< FigPlayerSurrogate >>>> surrogatePlaybackItem_addToPlayQueueInternal: [0x60000370c3c0] P/FU adding item 0x600003d023a0(0x0) I/YHA.01 to play queue after item 0x0(0x0)
2026-08-22 18:31:10.963 Df sensemobile[22550:108e2] [com.apple.coremedia:player] <<<< FigPlayerSurrogate >>>> surrogatePlaybackItem_addToPlayQueueInternal: [0x60000370c3c0] P/FU play queue now: [item 0x600003d023a0 I/YHA.01]
2026-08-22 18:31:10.963 Df sensemobile[22550:108ed] [com.apple.coremedia:player] <<<< FigPlayerSurrogate >>>> surrogatePlayer_initiateLoadingOfItemAssetTypeOnQ: [0x60000370c3c0] P/FU preparing item 0x600003d023a0(0x0) I/YHA.01 for loading
2026-08-22 18:31:10.963 Df sensemobile[22550:108e2] [com.apple.coremedia:player] <<<< FigPlayerSurrogate >>>> surrogatePlayer_setActionAtEndOnRealPlayerOnQ: [0x600003704240|P/SV] actionAtEnd Stop
2026-08-22 18:31:10.963 Df sensemobile[22550:108e2] [com.apple.coremedia:player] <<<< FigPlayerSurrogate >>>> surrogatePlayer_CreatePlaybackItemFromAsset: [0x600003704240] P/SV Created new item 0x600003d06580 I/XAW.01
2026-08-22 18:31:10.963 Df sensemobile[22550:108ed] [com.apple.coremedia:player] <<<< FigPlayerSurrogate >>>> surrogatePlayer_initiateLoadingOfItemAssetTypeOnQ: [0x60000370c3c0] P/FU load ok 0x600003d023a0(0x0) I/YHA.01 already loaded
2026-08-22 18:31:10.963 Df sensemobile[22550:108ed] [com.apple.coremedia:player] <<<< FigPlayerSurrogate >>>> surrogatePlayer_respondToLoadingOfItemAssetTypeOnQ: [0x60000370c3c0|P/FU] for item <0x600003d023a0|I/YHA.01> enqueueing = 0
2026-08-22 18:31:10.964 Df sensemobile[22550:10811] [com.apple.coremedia:] <<<< AVPlayerItem >>>> -[AVPlayerItem _updateItemIdentifierForCoordinatedPlayback]_block_invoke: <I/XAW.01|0x60000000a8c0> setting coordination identifier to (null)
2026-08-22 18:31:10.964 Df sensemobile[22550:108e2] [com.apple.coremedia:player] <<<< FigPlayerSurrogate >>>> surrogatePlayer_AddToPlayQueue: [0x600003704240] P/SV add 0x600003d06580 I/XAW.01 after 0x0
2026-08-22 18:31:10.964 Df sensemobile[22550:108e2] [com.apple.coremedia:player] <<<< FigPlayerSurrogate >>>> surrogatePlaybackItem_addToPlayQueueInternal: [0x600003704240] P/SV adding item 0x600003d06580(0x0) I/XAW.01 to play queue after item 0x0(0x0)
2026-08-22 18:31:10.964 Df sensemobile[22550:108e2] [com.apple.coremedia:player] <<<< FigPlayerSurrogate >>>> surrogatePlaybackItem_addToPlayQueueInternal: [0x600003704240] P/SV play queue now: [item 0x600003d06580 I/XAW.01]
2026-08-22 18:31:10.964 Df sensemobile[22550:108e8] [com.apple.coremedia:player] <<<< FigPlayerSurrogate >>>> surrogatePlayer_setActionAtEndOnRealPlayerOnQ: [0x60000370d200|P/WO] actionAtEnd Stop
2026-08-22 18:31:10.964 Df sensemobile[22550:108ee] [com.apple.coremedia:player] <<<< FigPlayerSurrogate >>>> surrogatePlayer_initiateLoadingOfItemAssetTypeOnQ: [0x600003704240] P/SV preparing item 0x600003d06580(0x0) I/XAW.01 for loading
2026-08-22 18:31:10.964 Df sensemobile[22550:108ee] [com.apple.coremedia:player] <<<< FigPlayerSurrogate >>>> surrogatePlayer_initiateLoadingOfItemAssetTypeOnQ: [0x600003704240] P/SV load ok 0x600003d06580(0x0) I/XAW.01 already loaded
2026-08-22 18:31:10.964 Df sensemobile[22550:108ee] [com.apple.coremedia:player] <<<< FigPlayerSurrogate >>>> surrogatePlayer_respondToLoadingOfItemAssetTypeOnQ: [0x600003704240|P/SV] for item <0x600003d06580|I/XAW.01> enqueueing = 0
2026-08-22 18:31:10.964 Df sensemobile[22550:108e8] [com.apple.coremedia:player] <<<< FigPlayerSurrogate >>>> surrogatePlayer_CreatePlaybackItemFromAsset: [0x60000370d200] P/WO Created new item 0x600003d2d680 I/HQE.01
2026-08-22 18:31:10.964 Df sensemobile[22550:10811] [com.apple.coremedia:] <<<< AVPlayerItem >>>> -[AVPlayerItem _updateItemIdentifierForCoordinatedPlayback]_block_invoke: <I/HQE.01|0x600000006d40> setting coordination identifier to (null)
2026-08-22 18:31:10.965 Df sensemobile[22550:108e8] [com.apple.coremedia:player] <<<< FigPlayerSurrogate >>>> surrogatePlayer_AddToPlayQueue: [0x60000370d200] P/WO add 0x600003d2d680 I/HQE.01 after 0x0
2026-08-22 18:31:10.965 Df sensemobile[22550:108e8] [com.apple.coremedia:player] <<<< FigPlayerSurrogate >>>> surrogatePlaybackItem_addToPlayQueueInternal: [0x60000370d200] P/WO adding item 0x600003d2d680(0x0) I/HQE.01 to play queue after item 0x0(0x0)
2026-08-22 18:31:10.965 Df sensemobile[22550:108e8] [com.apple.coremedia:player] <<<< FigPlayerSurrogate >>>> surrogatePlaybackItem_addToPlayQueueInternal: [0x60000370d200] P/WO play queue now: [item 0x600003d2d680 I/HQE.01]
2026-08-22 18:31:10.965 Df sensemobile[22550:108ef] [com.apple.coremedia:player] <<<< FigPlayerSurrogate >>>> surrogatePlayer_initiateLoadingOfItemAssetTypeOnQ: [0x60000370d200] P/WO preparing item 0x600003d2d680(0x0) I/HQE.01 for loading
2026-08-22 18:31:10.965 Df sensemobile[22550:108ef] [com.apple.coremedia:player] <<<< FigPlayerSurrogate >>>> surrogatePlayer_initiateLoadingOfItemAssetTypeOnQ: [0x60000370d200] P/WO load ok 0x600003d2d680(0x0) I/HQE.01 already loaded
2026-08-22 18:31:10.965 Df sensemobile[22550:108ef] [com.apple.coremedia:player] <<<< FigPlayerSurrogate >>>> surrogatePlayer_respondToLoadingOfItemAssetTypeOnQ: [0x60000370d200|P/WO] for item <0x600003d2d680|I/HQE.01> enqueueing = 0
2026-08-22 18:31:10.965 Df sensemobile[22550:108e8] [com.apple.coremedia:player] <<<< FigPlayerSurrogate >>>> surrogatePlayer_setActionAtEndOnRealPlayerOnQ: [0x600003704300|P/TO] actionAtEnd Stop
2026-08-22 18:31:10.965 Df sensemobile[22550:108e8] [com.apple.coremedia:player] <<<< FigPlayerSurrogate >>>> surrogatePlayer_CreatePlaybackItemFromAsset: [0x600003704300] P/TO Created new item 0x600003d062b0 I/HZN.01
2026-08-22 18:31:10.962 Df sensemobile[22550:10856] [com.apple.network:connection] nw_endpoint_resolver_update [C4.1.1 Hostname#af5e4034:443 in_progress resolver (satisfied (Path is satisfied), interface: en0)] Adding endpoint handler for IPv4#c85a94eb:443
2026-08-22 18:31:10.966 Df sensemobile[22550:10811] [com.apple.coremedia:] <<<< AVPlayerItem >>>> -[AVPlayerItem _updateItemIdentifierForCoordinatedPlayback]_block_invoke: <I/HZN.01|0x60000000eb10> setting coordination identifier to (null)
2026-08-22 18:31:10.966 Df sensemobile[22550:108e8] [com.apple.coremedia:player] <<<< FigPlayerSurrogate >>>> FigPlayerSurrogateCreateWithOptions: new player 0x60000375b3c0 P/HA
2026-08-22 18:31:10.966 Df sensemobile[22550:108e2] [com.apple.coremedia:player] <<<< FigPlayerSurrogate >>>> surrogatePlayer_AddToPlayQueue: [0x600003704300] P/TO add 0x600003d062b0 I/HZN.01 after 0x0
2026-08-22 18:31:10.966 Df sensemobile[22550:108e2] [com.apple.coremedia:player] <<<< FigPlayerSurrogate >>>> surrogatePlaybackItem_addToPlayQueueInternal: [0x600003704300] P/TO adding item 0x600003d062b0(0x0) I/HZN.01 to play queue after item 0x0(0x0)
2026-08-22 18:31:10.966 Df sensemobile[22550:108e2] [com.apple.coremedia:player] <<<< FigPlayerSurrogate >>>> surrogatePlaybackItem_addToPlayQueueInternal: [0x600003704300] P/TO play queue now: [item 0x600003d062b0 I/HZN.01]
2026-08-22 18:31:10.966 Df sensemobile[22550:108f0] [com.apple.coremedia:player] <<<< FigPlayerSurrogate >>>> surrogatePlayer_initiateLoadingOfItemAssetTypeOnQ: [0x600003704300] P/TO preparing item 0x600003d062b0(0x0) I/HZN.01 for loading
2026-08-22 18:31:10.966 Df sensemobile[22550:108f0] [com.apple.coremedia:player] <<<< FigPlayerSurrogate >>>> surrogatePlayer_initiateLoadingOfItemAssetTypeOnQ: [0x600003704300] P/TO load ok 0x600003d062b0(0x0) I/HZN.01 already loaded
2026-08-22 18:31:10.967 Df sensemobile[22550:108f0] [com.apple.coremedia:player] <<<< FigPlayerSurrogate >>>> surrogatePlayer_respondToLoadingOfItemAssetTypeOnQ: [0x600003704300|P/TO] for item <0x600003d062b0|I/HZN.01> enqueueing = 0
2026-08-22 18:31:10.967 Df sensemobile[22550:108e2] [com.apple.coremedia:player] <<<< FigPlayerSurrogate >>>> surrogatePlayer_setActionAtEndOnRealPlayerOnQ: [0x60000375b3c0|P/HA] actionAtEnd Stop
2026-08-22 18:31:10.967 Df sensemobile[22550:108e2] [com.apple.coremedia:player] <<<< FigPlayerSurrogate >>>> surrogatePlayer_CreatePlaybackItemFromAsset: [0x60000375b3c0] P/HA Created new item 0x600003d2d2c0 I/KVM.01
2026-08-22 18:31:10.967 Df sensemobile[22550:10811] [com.apple.coremedia:] <<<< AVPlayerItem >>>> -[AVPlayerItem _updateItemIdentifierForCoordinatedPlayback]_block_invoke: <I/KVM.01|0x60000000ae70> setting coordination identifier to (null)
2026-08-22 18:31:10.967 Df sensemobile[22550:108e2] [com.apple.coremedia:player] <<<< FigPlayerSurrogate >>>> surrogatePlayer_AddToPlayQueue: [0x60000375b3c0] P/HA add 0x600003d2d2c0 I/KVM.01 after 0x0
2026-08-22 18:31:10.967 Df sensemobile[22550:108e2] [com.apple.coremedia:player] <<<< FigPlayerSurrogate >>>> surrogatePlaybackItem_addToPlayQueueInternal: [0x60000375b3c0] P/HA adding item 0x600003d2d2c0(0x0) I/KVM.01 to play queue after item 0x0(0x0)
2026-08-22 18:31:10.967 Df sensemobile[22550:108e2] [com.apple.coremedia:player] <<<< FigPlayerSurrogate >>>> surrogatePlaybackItem_addToPlayQueueInternal: [0x60000375b3c0] P/HA play queue now: [item 0x600003d2d2c0 I/KVM.01]
2026-08-22 18:31:10.968 Df sensemobile[22550:108f1] [com.apple.coremedia:player] <<<< FigPlayerSurrogate >>>> surrogatePlayer_initiateLoadingOfItemAssetTypeOnQ: [0x60000375b3c0] P/HA preparing item 0x600003d2d2c0(0x0) I/KVM.01 for loading
2026-08-22 18:31:10.968 Df sensemobile[22550:108f1] [com.apple.coremedia:player] <<<< FigPlayerSurrogate >>>> surrogatePlayer_initiateLoadingOfItemAssetTypeOnQ: [0x60000375b3c0] P/HA load ok 0x600003d2d2c0(0x0) I/KVM.01 already loaded
2026-08-22 18:31:10.968 Df sensemobile[22550:108f1] [com.apple.coremedia:player] <<<< FigPlayerSurrogate >>>> surrogatePlayer_respondToLoadingOfItemAssetTypeOnQ: [0x60000375b3c0|P/HA] for item <0x600003d2d2c0|I/KVM.01> enqueueing = 0
2026-08-22 18:31:10.968 Df sensemobile[22550:1084c] [com.apple.xpc:connection] [0x106469fa0] activating connection: mach=true listener=false peer=false name=com.apple.accessibility.mediaaccessibilityd
2026-08-22 18:31:10.966 Df sensemobile[22550:10856] [com.apple.network:connection] [C4.1.1 Hostname#af5e4034:443 in_progress resolver (satisfied (Path is satisfied), interface: en0)] event: resolver:receive_dns @0.013s
2026-08-22 18:31:10.972 Df sensemobile[22550:10856] [com.apple.CFNetwork:Default] Connection 0: creating secure tcp or quic connection
2026-08-22 18:31:10.972 Df sensemobile[22550:108f0] [com.apple.coremedia:] <<<< FigPlayerResourceArbiter >>>> FigPlayerResourceArbiterCreate: 0x60000293b100: [DeviceBudget: 18446744073709551615] [Budget: 18446744073709551615] [StepCost: 0] {
 Groups: 
}
2026-08-22 18:31:10.973 Df sensemobile[22550:108f0] [com.apple.coremedia:] <<<< FigPlayerResourceArbiter >>>> FigPlayerResourceArbiterRegisterConsumer: 0x60000293b100: Registered new consumer: 1, group (null) consumer name F-com.apple.avfoundation.AVPlayer.22550-4 (P/TO)
2026-08-22 18:31:10.973 Df sensemobile[22550:108ed] [com.apple.coremedia:] <<<< FigPlayerResourceArbiter >>>> FigPlayerResourceArbiterRegisterConsumer: 0x60000293b100: Registered new consumer: 2, group (null) consumer name F-com.apple.avfoundation.AVPlayer.22550-6 (P/FU)
2026-08-22 18:31:10.973 Df sensemobile[22550:10856] [com.apple.CFNetwork:Default] Task <1044AB36-655B-4D1E-B66F-5ADEDF8A82A1>.<1> waiting for setup of Connection 5
2026-08-22 18:31:10.973 Df sensemobile[22550:108ee] [com.apple.coremedia:] <<<< FigPlayerResourceArbiter >>>> FigPlayerResourceArbiterRegisterConsumer: 0x60000293b100: Registered new consumer: 3, group (null) consumer name F-com.apple.avfoundation.AVPlayer.22550-2 (P/SV)
2026-08-22 18:31:10.973 Df sensemobile[22550:108db] [com.apple.coremedia:] <<<< FigPlayerResourceArbiter >>>> FigPlayerResourceArbiterRegisterConsumer: 0x60000293b100: Registered new consumer: 4, group (null) consumer name F-com.apple.avfoundation.AVPlayer.22550-5 (P/CB)
2026-08-22 18:31:10.973 Df sensemobile[22550:108f1] [com.apple.coremedia:] <<<< FigPlayerResourceArbiter >>>> FigPlayerResourceArbiterRegisterConsumer: 0x60000293b100: Registered new consumer: 5, group (null) consumer name F-com.apple.avfoundation.AVPlayer.22550-7 (P/HA)
2026-08-22 18:31:10.973 Df sensemobile[22550:10856] [com.apple.CFNetwork:Default] Task <3DE3046F-3B28-4B9C-B52E-CEBFAD778F76>.<3> waiting for setup of Connection 5
2026-08-22 18:31:10.973 Df sensemobile[22550:108ec] [com.apple.coremedia:] <<<< FigPlayerResourceArbiter >>>> FigPlayerResourceArbiterRegisterConsumer: 0x60000293b100: Registered new consumer: 6, group (null) consumer name F-com.apple.avfoundation.AVPlayer.22550-1 (P/RS)
2026-08-22 18:31:10.973 Df sensemobile[22550:108ef] [com.apple.coremedia:] <<<< FigPlayerResourceArbiter >>>> FigPlayerResourceArbiterRegisterConsumer: 0x60000293b100: Registered new consumer: 7, group (null) consumer name F-com.apple.avfoundation.AVPlayer.22550-8 (P/WO)
2026-08-22 18:31:10.973 Df sensemobile[22550:108f1] [com.apple.coremedia:player] <<<< FigFilePlayer >>>> FigPlayerFileCreateWithOptions: returning player(0x1078a1000) P/HA, err=0
2026-08-22 18:31:10.973 Df sensemobile[22550:108ec] [com.apple.coremedia:player] <<<< FigFilePlayer >>>> FigPlayerFileCreateWithOptions: returning player(0x1080afe00) P/RS, err=0
2026-08-22 18:31:10.973 Df sensemobile[22550:108ef] [com.apple.coremedia:player] <<<< FigFilePlayer >>>> FigPlayerFileCreateWithOptions: returning player(0x10886b800) P/WO, err=0
2026-08-22 18:31:10.973 Df sensemobile[22550:108ed] [com.apple.coremedia:player] <<<< FigFilePlayer >>>> FigPlayerFileCreateWithOptions: returning player(0x108862000) P/FU, err=0
2026-08-22 18:31:10.973 Df sensemobile[22550:108f0] [com.apple.coremedia:player] <<<< FigFilePlayer >>>> FigPlayerFileCreateWithOptions: returning player(0x1080c3600) P/TO, err=0
2026-08-22 18:31:10.973 Df sensemobile[22550:108ee] [com.apple.coremedia:player] <<<< FigFilePlayer >>>> FigPlayerFileCreateWithOptions: returning player(0x10784d000) P/SV, err=0
2026-08-22 18:31:10.973 Df sensemobile[22550:108db] [com.apple.coremedia:player] <<<< FigFilePlayer >>>> FigPlayerFileCreateWithOptions: returning player(0x107899e00) P/CB, err=0
2026-08-22 18:31:10.973 Df sensemobile[22550:108e1] [com.apple.coremedia:] <<<< FigPlayerResourceArbiter >>>> FigPlayerResourceArbiterRegisterConsumer: 0x60000293b100: Registered new consumer: 8, group (null) consumer name F-com.apple.avfoundation.AVPlayer.22550-3 (P/TY)
2026-08-22 18:31:10.973 Df sensemobile[22550:10856] [com.apple.CFNetwork:Default] Task <415DB1C4-D2E8-48A7-8146-ABE9BA730762>.<4> waiting for setup of Connection 5
2026-08-22 18:31:10.974 Df sensemobile[22550:108e1] [com.apple.coremedia:player] <<<< FigFilePlayer >>>> FigPlayerFileCreateWithOptions: returning player(0x10786f400) P/TY, err=0
2026-08-22 18:31:10.974 Df sensemobile[22550:10856] [com.apple.CFNetwork:Default] Connection 5: enabling TLS
2026-08-22 18:31:10.974 Df sensemobile[22550:10856] [com.apple.CFNetwork:Default] Connection 5: starting, TC(0x1f4)
2026-08-22 18:31:10.974 Df sensemobile[22550:10856] [com.apple.network:connection] [C5 A290CCF6-AD75-45B4-A98C-FD4C0278A0BE Hostname#5a2924c5:443 quic-connection, url hash: f7a629fc, definite, attribution: developer, context: com.apple.CFNetwork.NSURLSession.{44DADEFC-25ED-46DC-8C7E-1EB693E7453E}{(null)}{Y}{3}{0x0} (sensitive), proc: C9BCD2D3-D061-3D6C-B7F3-08CFAA8674E9, delegated upid: 0, traffic class: 500] start
2026-08-22 18:31:10.974 Df sensemobile[22550:10856] [com.apple.network:connection] [C5 Hostname#5a2924c5:443 initial parent-flow ((null))] event: path:start @0.000s
2026-08-22 18:31:10.974 Df sensemobile[22550:10856] [com.apple.network:connection] [C5 Hostname#5a2924c5:443 waiting parent-flow (satisfied (Path is satisfied), interface: en0)] event: path:satisfied @0.000s, uuid: 973A2DBE-C12F-446B-952E-B1F7933171C5
2026-08-22 18:31:10.975 Df sensemobile[22550:108ec] [com.apple.coremedia:player] <<<< FigFilePlayer >>>> playerfig_stopResetDisturbReprepareAndResumeWithTransaction: [0x1080afe00] P/RS called for reason: DecodeMultipleAudioTracksChanged
2026-08-22 18:31:10.975 Df sensemobile[22550:108ee] [com.apple.coremedia:player] <<<< FigFilePlayer >>>> playerfig_stopResetDisturbReprepareAndResumeWithTransaction: [0x10784d000] P/SV called for reason: DecodeMultipleAudioTracksChanged
2026-08-22 18:31:10.975 Df sensemobile[22550:108f0] [com.apple.coremedia:player] <<<< FigFilePlayer >>>> playerfig_stopResetDisturbReprepareAndResumeWithTransaction: [0x1080c3600] P/TO called for reason: DecodeMultipleAudioTracksChanged
2026-08-22 18:31:10.975 Df sensemobile[22550:108ed] [com.apple.coremedia:player] <<<< FigFilePlayer >>>> playerfig_stopResetDisturbReprepareAndResumeWithTransaction: [0x108862000] P/FU called for reason: DecodeMultipleAudioTracksChanged
2026-08-22 18:31:10.975 Df sensemobile[22550:108db] [com.apple.coremedia:player] <<<< FigFilePlayer >>>> playerfig_stopResetDisturbReprepareAndResumeWithTransaction: [0x107899e00] P/CB called for reason: DecodeMultipleAudioTracksChanged
2026-08-22 18:31:10.975 Df sensemobile[22550:108ef] [com.apple.coremedia:player] <<<< FigFilePlayer >>>> playerfig_stopResetDisturbReprepareAndResumeWithTransaction: [0x10886b800] P/WO called for reason: DecodeMultipleAudioTracksChanged
2026-08-22 18:31:10.975 Df sensemobile[22550:108f1] [com.apple.coremedia:player] <<<< FigFilePlayer >>>> playerfig_stopResetDisturbReprepareAndResumeWithTransaction: [0x1078a1000] P/HA called for reason: DecodeMultipleAudioTracksChanged
2026-08-22 18:31:10.975 Df sensemobile[22550:10856] [com.apple.network:connection] [C5 Hostname#5a2924c5:443 in_progress parent-flow (satisfied (Path is satisfied), interface: en0)] event: flow:start_connect @0.000s
2026-08-22 18:31:10.975 Df sensemobile[22550:108e1] [com.apple.coremedia:player] <<<< FigFilePlayer >>>> playerfig_stopResetDisturbReprepareAndResumeWithTransaction: [0x10786f400] P/TY called for reason: DecodeMultipleAudioTracksChanged
2026-08-22 18:31:10.975 Df sensemobile[22550:10856] [com.apple.network:connection] nw_connection_report_state_with_handler_on_nw_queue [C5] reporting state preparing
2026-08-22 18:31:10.975 Df sensemobile[22550:10856] [com.apple.network:connection] [C5 Hostname#5a2924c5:443 in_progress parent-flow (satisfied (Path is satisfied), interface: en0)] event: flow:start_child @0.001s
2026-08-22 18:31:10.975 Df sensemobile[22550:10856] [com.apple.network:connection] [C5.1 Hostname#5a2924c5:443 initial path ((null))] event: path:start @0.001s
2026-08-22 18:31:10.976 Df sensemobile[22550:10856] [com.apple.network:connection] [C5.1 Hostname#5a2924c5:443 waiting path (satisfied (Path is satisfied), interface: en0)] event: path:satisfied @0.001s, uuid: 973A2DBE-C12F-446B-952E-B1F7933171C5
2026-08-22 18:31:10.976 Df sensemobile[22550:10856] [com.apple.network:connection] [C5.1 Hostname#5a2924c5:443 in_progress transform (satisfied (Path is satisfied), interface: en0)] event: transform:start @0.001s
2026-08-22 18:31:10.976 Df sensemobile[22550:108ec] [com.apple.coremedia:player] <<<< FigFilePlayer >>>> playerfig_getNextPlaybackState: [0x1080afe00] P/RS new playback state: Paused (Player) (playerRate: 0.000), WILL NOT update boss rate (nan), previous state: Paused, change reason: ClientPolicyChanged, playthrough prediction: unknown, options: None
2026-08-22 18:31:10.976 Df sensemobile[22550:108db] [com.apple.coremedia:player] <<<< FigFilePlayer >>>> playerfig_getNextPlaybackState: [0x107899e00] P/CB new playback state: Paused (Player) (playerRate: 0.000), WILL NOT update boss rate (nan), previous state: Paused, change reason: ClientPolicyChanged, playthrough prediction: unknown, options: None
2026-08-22 18:31:10.976 Df sensemobile[22550:108f1] [com.apple.coremedia:player] <<<< FigFilePlayer >>>> playerfig_getNextPlaybackState: [0x1078a1000] P/HA new playback state: Paused (Player) (playerRate: 0.000), WILL NOT update boss rate (nan), previous state: Paused, change reason: ClientPolicyChanged, playthrough prediction: unknown, options: None
2026-08-22 18:31:10.976 Df sensemobile[22550:108ef] [com.apple.coremedia:player] <<<< FigFilePlayer >>>> playerfig_getNextPlaybackState: [0x10886b800] P/WO new playback state: Paused (Player) (playerRate: 0.000), WILL NOT update boss rate (nan), previous state: Paused, change reason: ClientPolicyChanged, playthrough prediction: unknown, options: None
2026-08-22 18:31:10.976 Df sensemobile[22550:108ed] [com.apple.coremedia:player] <<<< FigFilePlayer >>>> playerfig_getNextPlaybackState: [0x108862000] P/FU new playback state: Paused (Player) (playerRate: 0.000), WILL NOT update boss rate (nan), previous state: Paused, change reason: ClientPolicyChanged, playthrough prediction: unknown, options: None
2026-08-22 18:31:10.976 Df sensemobile[22550:108f0] [com.apple.coremedia:player] <<<< FigFilePlayer >>>> playerfig_getNextPlaybackState: [0x1080c3600] P/TO new playback state: Paused (Player) (playerRate: 0.000), WILL NOT update boss rate (nan), previous state: Paused, change reason: ClientPolicyChanged, playthrough prediction: unknown, options: None
2026-08-22 18:31:10.976 Df sensemobile[22550:108db] [com.apple.coremedia:player] <<<< FigFilePlayer >>>> fp_CreatePlaybackItem: [0x107899e00] P/CB <file // redacted-ZSMLDU // ???> asset 0x60000176f740 -> new item 0x108095400 I/QNX.01
2026-08-22 18:31:10.976 Df sensemobile[22550:108ee] [com.apple.coremedia:player] <<<< FigFilePlayer >>>> playerfig_getNextPlaybackState: [0x10784d000] P/SV new playback state: Paused (Player) (playerRate: 0.000), WILL NOT update boss rate (nan), previous state: Paused, change reason: ClientPolicyChanged, playthrough prediction: unknown, options: None
2026-08-22 18:31:10.976 Df sensemobile[22550:108ec] [com.apple.coremedia:player] <<<< FigFilePlayer >>>> fp_CreatePlaybackItem: [0x1080afe00] P/RS <file // redacted-BJDAOI // ???> asset 0x600001770500 -> new item 0x1078b6000 I/QPK.01
2026-08-22 18:31:10.977 Df sensemobile[22550:108f0] [com.apple.coremedia:player] <<<< FigFilePlayer >>>> fp_CreatePlaybackItem: [0x1080c3600] P/TO <file // redacted-FMBRR9 // ???> asset 0x600001769fc0 -> new item 0x10887e000 I/HZN.01
2026-08-22 18:31:10.977 Df sensemobile[22550:108ee] [com.apple.coremedia:player] <<<< FigFilePlayer >>>> fp_CreatePlaybackItem: [0x10784d000] P/SV <file // redacted-RR98I0 // ???> asset 0x60000176e900 -> new item 0x10887ea00 I/XAW.01
2026-08-22 18:31:10.976 Df sensemobile[22550:108ed] [com.apple.coremedia:player] <<<< FigFilePlayer >>>> fp_CreatePlaybackItem: [0x108862000] P/FU <file // redacted-DFAFMT // ???> asset 0x600001772f40 -> new item 0x1080c9800 I/YHA.01
2026-08-22 18:31:10.976 Df sensemobile[22550:108ef] [com.apple.coremedia:player] <<<< FigFilePlayer >>>> fp_CreatePlaybackItem: [0x10886b800] P/WO <file // redacted-YEYMBM // ???> asset 0x600001770e80 -> new item 0x1080ca400 I/HQE.01
2026-08-22 18:31:10.976 Df sensemobile[22550:108f1] [com.apple.coremedia:player] <<<< FigFilePlayer >>>> fp_CreatePlaybackItem: [0x1078a1000] P/HA <file // redacted-H+6VUZ // ???> asset 0x600001774400 -> new item 0x10887c600 I/KVM.01
2026-08-22 18:31:10.976 Df sensemobile[22550:108e1] [com.apple.coremedia:player] <<<< FigFilePlayer >>>> playerfig_getNextPlaybackState: [0x10786f400] P/TY new playback state: Paused (Player) (playerRate: 0.000), WILL NOT update boss rate (nan), previous state: Paused, change reason: ClientPolicyChanged, playthrough prediction: unknown, options: None
2026-08-22 18:31:10.976 Df sensemobile[22550:10856] [com.apple.network:connection] [C5.1.1 Hostname#5a2924c5:443 initial path ((null))] event: path:start @0.002s
2026-08-22 18:31:10.977 Df sensemobile[22550:108e1] [com.apple.coremedia:player] <<<< FigFilePlayer >>>> fp_CreatePlaybackItem: [0x10786f400] P/TY <file // redacted-AYGAAQ // ???> asset 0x600001771580 -> new item 0x1078b0200 I/DDF.01
2026-08-22 18:31:10.977 Df sensemobile[22550:10856] [com.apple.network:connection] [C5.1.1 Hostname#5a2924c5:443 waiting path (satisfied (Path is satisfied), interface: en0)] event: path:satisfied @0.003s, uuid: 8614297D-E134-4FEF-98B3-175D7701B4B7
2026-08-22 18:31:10.977 Df sensemobile[22550:10856] [com.apple.network:connection] [C5.1.1 Hostname#5a2924c5:443 in_progress resolver (satisfied (Path is satisfied), interface: en0)] event: resolver:start_dns @0.003s
2026-08-22 18:31:10.978 Df sensemobile[22550:10856] [com.apple.CFNetwork:Default] Task <A49D2C4F-DEE3-45CA-B7BD-AFEE4AE7A461>.<2> setting up Connection 5
2026-08-22 18:31:10.978 Df sensemobile[22550:10856] [com.apple.network:activity] [C5] event: client:start_activity @0.004s, activity <nw_activity 17:2 [5639F0A9-4D96-450A-BAA2-BE4C4D05AB78] (reporting strategy default)>
2026-08-22 18:31:10.978 Df sensemobile[22550:10856] [com.apple.network:connection] [C4.1.1.1 IPv4#c85a94eb:443 initial path ((null))] event: path:start @0.026s
2026-08-22 18:31:10.979 Df sensemobile[22550:108f0] [com.apple.coremedia:player] <<<< FigPlayerSurrogate >>>> surrogatePlaybackItem_createRealItemInternal: created real item 0x10887e000 for surrogate item <0x600003d062b0|I/HZN.01>
2026-08-22 18:31:10.979 Df sensemobile[22550:108f1] [com.apple.coremedia:player] <<<< FigPlayerSurrogate >>>> surrogatePlaybackItem_createRealItemInternal: created real item 0x10887c600 for surrogate item <0x600003d2d2c0|I/KVM.01>
2026-08-22 18:31:10.979 Df sensemobile[22550:108ef] [com.apple.coremedia:player] <<<< FigPlayerSurrogate >>>> surrogatePlaybackItem_createRealItemInternal: created real item 0x1080ca400 for surrogate item <0x600003d2d680|I/HQE.01>
2026-08-22 18:31:10.979 Df sensemobile[22550:108ed] [com.apple.coremedia:player] <<<< FigPlayerSurrogate >>>> surrogatePlaybackItem_createRealItemInternal: created real item 0x1080c9800 for surrogate item <0x600003d023a0|I/YHA.01>
2026-08-22 18:31:10.979 Df sensemobile[22550:108db] [com.apple.coremedia:player] <<<< FigPlayerSurrogate >>>> surrogatePlaybackItem_createRealItemInternal: created real item 0x108095400 for surrogate item <0x600003d2d860|I/QNX.01>
2026-08-22 18:31:10.979 Df sensemobile[22550:108ef] [com.apple.coremedia:player] <<<< FigFilePlayer >>>> itemfig_setCurrentTimeWithRangeAndIDGuts: <0x1080ca400|I/HQE.01> called, time = 0.000, flags = 0x3, range = [-inf, inf], seekID = 100000001
2026-08-22 18:31:10.979 Df sensemobile[22550:108f1] [com.apple.coremedia:player] <<<< FigFilePlayer >>>> itemfig_setCurrentTimeWithRangeAndIDGuts: <0x10887c600|I/KVM.01> called, time = 0.000, flags = 0x3, range = [-inf, inf], seekID = 100000001
2026-08-22 18:31:10.979 Df sensemobile[22550:108ec] [com.apple.coremedia:player] <<<< FigPlayerSurrogate >>>> surrogatePlaybackItem_createRealItemInternal: created real item 0x1078b6000 for surrogate item <0x600003d2d950|I/QPK.01>
2026-08-22 18:31:10.979 Df sensemobile[22550:108db] [com.apple.coremedia:player] <<<< FigFilePlayer >>>> itemfig_setCurrentTimeWithRangeAndIDGuts: <0x108095400|I/QNX.01> called, time = 0.000, flags = 0x3, range = [-inf, inf], seekID = 100000001
2026-08-22 18:31:10.979 Df sensemobile[22550:108ed] [com.apple.coremedia:player] <<<< FigFilePlayer >>>> itemfig_setCurrentTimeWithRangeAndIDGuts: <0x1080c9800|I/YHA.01> called, time = 0.000, flags = 0x3, range = [-inf, inf], seekID = 100000001
2026-08-22 18:31:10.979 Df sensemobile[22550:108ec] [com.apple.coremedia:player] <<<< FigFilePlayer >>>> itemfig_setCurrentTimeWithRangeAndIDGuts: <0x1078b6000|I/QPK.01> called, time = 0.000, flags = 0x3, range = [-inf, inf], seekID = 100000001
2026-08-22 18:31:10.979 Df sensemobile[22550:108f0] [com.apple.coremedia:player] <<<< FigFilePlayer >>>> itemfig_setCurrentTimeWithRangeAndIDGuts: <0x10887e000|I/HZN.01> called, time = 0.000, flags = 0x3, range = [-inf, inf], seekID = 100000001
2026-08-22 18:31:10.979 Df sensemobile[22550:108ee] [com.apple.coremedia:player] <<<< FigPlayerSurrogate >>>> surrogatePlaybackItem_createRealItemInternal: created real item 0x10887ea00 for surrogate item <0x600003d06580|I/XAW.01>
2026-08-22 18:31:10.980 Df sensemobile[22550:108ee] [com.apple.coremedia:player] <<<< FigFilePlayer >>>> itemfig_setCurrentTimeWithRangeAndIDGuts: <0x10887ea00|I/XAW.01> called, time = 0.000, flags = 0x3, range = [-inf, inf], seekID = 100000001
2026-08-22 18:31:10.979 Df sensemobile[22550:108e1] [com.apple.coremedia:player] <<<< FigPlayerSurrogate >>>> surrogatePlaybackItem_createRealItemInternal: created real item 0x1078b0200 for surrogate item <0x600003d06c10|I/DDF.01>
2026-08-22 18:31:10.980 Df sensemobile[22550:108e1] [com.apple.coremedia:player] <<<< FigFilePlayer >>>> itemfig_setCurrentTimeWithRangeAndIDGuts: <0x1078b0200|I/DDF.01> called, time = 0.000, flags = 0x3, range = [-inf, inf], seekID = 100000001
2026-08-22 18:31:10.980 Df sensemobile[22550:108ef] [com.apple.coremedia:player] <<<< FigFilePlayer >>>> itemfig_setCurrentTimeWithRangeAndIDGuts: <0x1080ca400|I/HQE.01> to 0.000 - setting remembered time
2026-08-22 18:31:10.980 Df sensemobile[22550:108ed] [com.apple.coremedia:player] <<<< FigFilePlayer >>>> itemfig_setCurrentTimeWithRangeAndIDGuts: <0x1080c9800|I/YHA.01> to 0.000 - setting remembered time
2026-08-22 18:31:10.980 Df sensemobile[22550:108ed] [com.apple.coremedia:player] <<<< FigFilePlayer >>>> itemfig_setCurrentTimeWithRangeAndIDGuts: <0x1080c9800|I/YHA.01> no boss, posting SeekDidComplete immediately (seekID 100000001)
2026-08-22 18:31:10.980 Df sensemobile[22550:108ec] [com.apple.coremedia:player] <<<< FigFilePlayer >>>> itemfig_setCurrentTimeWithRangeAndIDGuts: <0x1078b6000|I/QPK.01> to 0.000 - setting remembered time
2026-08-22 18:31:10.980 Df sensemobile[22550:108ef] [com.apple.coremedia:player] <<<< FigFilePlayer >>>> itemfig_setCurrentTimeWithRangeAndIDGuts: <0x1080ca400|I/HQE.01> no boss, posting SeekDidComplete immediately (seekID 100000001)
2026-08-22 18:31:10.980 Df sensemobile[22550:108f1] [com.apple.coremedia:player] <<<< FigFilePlayer >>>> itemfig_setCurrentTimeWithRangeAndIDGuts: <0x10887c600|I/KVM.01> to 0.000 - setting remembered time
2026-08-22 18:31:10.980 Df sensemobile[22550:108db] [com.apple.coremedia:player] <<<< FigFilePlayer >>>> itemfig_setCurrentTimeWithRangeAndIDGuts: <0x108095400|I/QNX.01> to 0.000 - setting remembered time
2026-08-22 18:31:10.980 Df sensemobile[22550:108ec] [com.apple.coremedia:player] <<<< FigFilePlayer >>>> itemfig_setCurrentTimeWithRangeAndIDGuts: <0x1078b6000|I/QPK.01> no boss, posting SeekDidComplete immediately (seekID 100000001)
2026-08-22 18:31:10.980 Df sensemobile[22550:108ee] [com.apple.coremedia:player] <<<< FigFilePlayer >>>> itemfig_setCurrentTimeWithRangeAndIDGuts: <0x10887ea00|I/XAW.01> to 0.000 - setting remembered time
2026-08-22 18:31:10.980 Df sensemobile[22550:108db] [com.apple.coremedia:player] <<<< FigFilePlayer >>>> itemfig_setCurrentTimeWithRangeAndIDGuts: <0x108095400|I/QNX.01> no boss, posting SeekDidComplete immediately (seekID 100000001)
2026-08-22 18:31:10.980 Df sensemobile[22550:108f1] [com.apple.coremedia:player] <<<< FigFilePlayer >>>> itemfig_setCurrentTimeWithRangeAndIDGuts: <0x10887c600|I/KVM.01> no boss, posting SeekDidComplete immediately (seekID 100000001)
2026-08-22 18:31:10.980 Df sensemobile[22550:108ef] [com.apple.coremedia:player] <<<< FigFilePlayer >>>> itemfig_applyLoudnessInfo: [0x10886b800] P/WO item [0x1080ca400] I/HQE.01 is not the working item so no need to pass down loudnessinfo yet for track 0
2026-08-22 18:31:10.980 Df sensemobile[22550:108ee] [com.apple.coremedia:player] <<<< FigFilePlayer >>>> itemfig_setCurrentTimeWithRangeAndIDGuts: <0x10887ea00|I/XAW.01> no boss, posting SeekDidComplete immediately (seekID 100000001)
2026-08-22 18:31:10.981 Df sensemobile[22550:108db] [com.apple.coremedia:player] <<<< FigFilePlayer >>>> itemfig_applyLoudnessInfo: [0x107899e00] P/CB item [0x108095400] I/QNX.01 is not the working item so no need to pass down loudnessinfo yet for track 0
2026-08-22 18:31:10.980 Df sensemobile[22550:108ec] [com.apple.coremedia:player] <<<< FigFilePlayer >>>> itemfig_applyLoudnessInfo: [0x1080afe00] P/RS item [0x1078b6000] I/QPK.01 is not the working item so no need to pass down loudnessinfo yet for track 0
2026-08-22 18:31:10.981 Df sensemobile[22550:108ee] [com.apple.coremedia:player] <<<< FigFilePlayer >>>> itemfig_applyLoudnessInfo: [0x10784d000] P/SV item [0x10887ea00] I/XAW.01 is not the working item so no need to pass down loudnessinfo yet for track 0
2026-08-22 18:31:10.981 Df sensemobile[22550:108f1] [com.apple.coremedia:player] <<<< FigFilePlayer >>>> itemfig_applyLoudnessInfo: [0x1078a1000] P/HA item [0x10887c600] I/KVM.01 is not the working item so no need to pass down loudnessinfo yet for track 0
2026-08-22 18:31:10.980 Df sensemobile[22550:108f0] [com.apple.coremedia:player] <<<< FigFilePlayer >>>> itemfig_setCurrentTimeWithRangeAndIDGuts: <0x10887e000|I/HZN.01> to 0.000 - setting remembered time
2026-08-22 18:31:10.980 Df sensemobile[22550:108ed] [com.apple.coremedia:player] <<<< FigFilePlayer >>>> itemfig_applyLoudnessInfo: [0x108862000] P/FU item [0x1080c9800] I/YHA.01 is not the working item so no need to pass down loudnessinfo yet for track 0
2026-08-22 18:31:10.981 Df sensemobile[22550:108f0] [com.apple.coremedia:player] <<<< FigFilePlayer >>>> itemfig_setCurrentTimeWithRangeAndIDGuts: <0x10887e000|I/HZN.01> no boss, posting SeekDidComplete immediately (seekID 100000001)
2026-08-22 18:31:10.981 Df sensemobile[22550:108f0] [com.apple.coremedia:player] <<<< FigFilePlayer >>>> itemfig_applyLoudnessInfo: [0x1080c3600] P/TO item [0x10887e000] I/HZN.01 is not the working item so no need to pass down loudnessinfo yet for track 0
2026-08-22 18:31:10.981 Df sensemobile[22550:108ec] [com.apple.coremedia:player] <<<< FigFilePlayer >>>> playerfig_connectLayerSynchronizerToVideoOutputs: [0x1080afe00:0x1078b6000] Settings layerSyncConfiguration: (null) on layerSync 0x60000263dd40
2026-08-22 18:31:10.981 Df sensemobile[22550:108ef] [com.apple.coremedia:player] <<<< FigFilePlayer >>>> playerfig_connectLayerSynchronizerToVideoOutputs: [0x10886b800:0x1080ca400] Settings layerSyncConfiguration: (null) on layerSync 0x60000262fc00
2026-08-22 18:31:10.981 Df sensemobile[22550:108f1] [com.apple.coremedia:player] <<<< FigFilePlayer >>>> playerfig_connectLayerSynchronizerToVideoOutputs: [0x1078a1000:0x10887c600] Settings layerSyncConfiguration: (null) on layerSync 0x60000263b480
2026-08-22 18:31:10.981 Df sensemobile[22550:108ed] [com.apple.coremedia:player] <<<< FigFilePlayer >>>> playerfig_connectLayerSynchronizerToVideoOutputs: [0x108862000:0x1080c9800] Settings layerSyncConfiguration: (null) on layerSync 0x60000262e520
2026-08-22 18:31:10.981 Df sensemobile[22550:108ee] [com.apple.coremedia:player] <<<< FigFilePlayer >>>> playerfig_connectLayerSynchronizerToVideoOutputs: [0x10784d000:0x10887ea00] Settings layerSyncConfiguration: (null) on layerSync 0x60000263b360
2026-08-22 18:31:10.981 Df sensemobile[22550:108db] [com.apple.coremedia:player] <<<< FigFilePlayer >>>> playerfig_connectLayerSynchronizerToVideoOutputs: [0x107899e00:0x108095400] Settings layerSyncConfiguration: (null) on layerSync 0x60000263b6c0
2026-08-22 18:31:10.981 Df sensemobile[22550:108f0] [com.apple.coremedia:player] <<<< FigFilePlayer >>>> playerfig_connectLayerSynchronizerToVideoOutputs: [0x1080c3600:0x10887e000] Settings layerSyncConfiguration: (null) on layerSync 0x60000263b1e0
2026-08-22 18:31:10.982 Df sensemobile[22550:108ed] [com.apple.coremedia:player] <<<< FigFilePlayer >>>> itemfig_applyLoudnessInfo: [0x108862000] P/FU item [0x1080c9800] I/YHA.01 is not the working item so no need to pass down loudnessinfo yet for track 0
2026-08-22 18:31:10.982 Df sensemobile[22550:108f1] [com.apple.coremedia:player] <<<< FigFilePlayer >>>> itemfig_applyLoudnessInfo: [0x1078a1000] P/HA item [0x10887c600] I/KVM.01 is not the working item so no need to pass down loudnessinfo yet for track 0
2026-08-22 18:31:10.981 Df sensemobile[22550:108ef] [com.apple.coremedia:player] <<<< FigFilePlayer >>>> itemfig_applyLoudnessInfo: [0x10886b800] P/WO item [0x1080ca400] I/HQE.01 is not the working item so no need to pass down loudnessinfo yet for track 0
2026-08-22 18:31:10.982 Df sensemobile[22550:108f0] [com.apple.coremedia:player] <<<< FigFilePlayer >>>> itemfig_applyLoudnessInfo: [0x1080c3600] P/TO item [0x10887e000] I/HZN.01 is not the working item so no need to pass down loudnessinfo yet for track 0
2026-08-22 18:31:10.981 Df sensemobile[22550:108ec] [com.apple.coremedia:player] <<<< FigFilePlayer >>>> itemfig_applyLoudnessInfo: [0x1080afe00] P/RS item [0x1078b6000] I/QPK.01 is not the working item so no need to pass down loudnessinfo yet for track 0
2026-08-22 18:31:10.982 Df sensemobile[22550:108db] [com.apple.coremedia:player] <<<< FigFilePlayer >>>> itemfig_applyLoudnessInfo: [0x107899e00] P/CB item [0x108095400] I/QNX.01 is not the working item so no need to pass down loudnessinfo yet for track 0
2026-08-22 18:31:10.982 Df sensemobile[22550:108ee] [com.apple.coremedia:player] <<<< FigFilePlayer >>>> itemfig_applyLoudnessInfo: [0x10784d000] P/SV item [0x10887ea00] I/XAW.01 is not the working item so no need to pass down loudnessinfo yet for track 0
2026-08-22 18:31:10.982 Df sensemobile[22550:108ec] [com.apple.coremedia:player] <<<< FigPlayerSurrogate >>>> surrogatePlayer_respondToLoadingOfItemAssetTypeOnQ: [0x60000370cd80] P/RS called for item 0x600003d2d950 I/QPK.01. item index is 0 in surrogate playQueue. realPlayer 0x1080afe00, realItem 0x1078b6000.
2026-08-22 18:31:10.981 Df sensemobile[22550:108e1] [com.apple.coremedia:player] <<<< FigFilePlayer >>>> itemfig_setCurrentTimeWithRangeAndIDGuts: <0x1078b0200|I/DDF.01> to 0.000 - setting remembered time
2026-08-22 18:31:10.982 Df sensemobile[22550:108db] [com.apple.coremedia:player] <<<< FigPlayerSurrogate >>>> surrogatePlayer_respondToLoadingOfItemAssetTypeOnQ: [0x60000375b300] P/CB called for item 0x600003d2d860 I/QNX.01. item index is 0 in surrogate playQueue. realPlayer 0x107899e00, realItem 0x108095400.
2026-08-22 18:31:10.982 Df sensemobile[22550:108f0] [com.apple.coremedia:player] <<<< FigPlayerSurrogate >>>> surrogatePlayer_respondToLoadingOfItemAssetTypeOnQ: [0x600003704300] P/TO called for item 0x600003d062b0 I/HZN.01. item index is 0 in surrogate playQueue. realPlayer 0x1080c3600, realItem 0x10887e000.
2026-08-22 18:31:10.982 Df sensemobile[22550:108ef] [com.apple.coremedia:player] <<<< FigPlayerSurrogate >>>> surrogatePlayer_respondToLoadingOfItemAssetTypeOnQ: [0x60000370d200] P/WO called for item 0x600003d2d680 I/HQE.01. item index is 0 in surrogate playQueue. realPlayer 0x10886b800, realItem 0x1080ca400.
2026-08-22 18:31:10.982 Df sensemobile[22550:108db] [com.apple.coremedia:player] <<<< FigPlayerSurrogate >>>> surrogatePlayer_respondToLoadingOfItemAssetTypeOnQ: [0x60000375b300] P/CB called for item 0x600003d2d860 I/QNX.01. switching real player from [0x0] to [0x107899e00].
2026-08-22 18:31:10.982 Df sensemobile[22550:108f1] [com.apple.coremedia:player] <<<< FigPlayerSurrogate >>>> surrogatePlayer_respondToLoadingOfItemAssetTypeOnQ: [0x60000375b3c0] P/HA called for item 0x600003d2d2c0 I/KVM.01. item index is 0 in surrogate playQueue. realPlayer 0x1078a1000, realItem 0x10887c600.
2026-08-22 18:31:10.982 Df sensemobile[22550:108ed] [com.apple.coremedia:player] <<<< FigPlayerSurrogate >>>> surrogatePlayer_respondToLoadingOfItemAssetTypeOnQ: [0x60000370c3c0] P/FU called for item 0x600003d023a0 I/YHA.01. item index is 0 in surrogate playQueue. realPlayer 0x108862000, realItem 0x1080c9800.
2026-08-22 18:31:10.982 Df sensemobile[22550:108db] [com.apple.coremedia:player] <<<< FigPlayerSurrogate >>>> surrogatePlayer_respondToLoadingOfItemAssetTypeOnQ: [0x60000375b300] P/CB adding item 0x600003d2d860(0x108095400) I/QNX.01 to real player play queue
2026-08-22 18:31:10.982 Df sensemobile[22550:108ef] [com.apple.coremedia:player] <<<< FigPlayerSurrogate >>>> surrogatePlayer_respondToLoadingOfItemAssetTypeOnQ: [0x60000370d200] P/WO called for item 0x600003d2d680 I/HQE.01. switching real player from [0x0] to [0x10886b800].
2026-08-22 18:31:10.982 Df sensemobile[22550:108ec] [com.apple.coremedia:player] <<<< FigPlayerSurrogate >>>> surrogatePlayer_respondToLoadingOfItemAssetTypeOnQ: [0x60000370cd80] P/RS called for item 0x600003d2d950 I/QPK.01. switching real player from [0x0] to [0x1080afe00].
2026-08-22 18:31:10.982 Df sensemobile[22550:108ee] [com.apple.coremedia:player] <<<< FigPlayerSurrogate >>>> surrogatePlayer_respondToLoadingOfItemAssetTypeOnQ: [0x600003704240] P/SV called for item 0x600003d06580 I/XAW.01. item index is 0 in surrogate playQueue. realPlayer 0x10784d000, realItem 0x10887ea00.
2026-08-22 18:31:10.982 Df sensemobile[22550:108ef] [com.apple.coremedia:player] <<<< FigPlayerSurrogate >>>> surrogatePlayer_respondToLoadingOfItemAssetTypeOnQ: [0x60000370d200] P/WO adding item 0x600003d2d680(0x1080ca400) I/HQE.01 to real player play queue
2026-08-22 18:31:10.982 Df sensemobile[22550:108ec] [com.apple.coremedia:player] <<<< FigPlayerSurrogate >>>> surrogatePlayer_respondToLoadingOfItemAssetTypeOnQ: [0x60000370cd80] P/RS adding item 0x600003d2d950(0x1078b6000) I/QPK.01 to real player play queue
2026-08-22 18:31:10.982 Df sensemobile[22550:108db] [com.apple.coremedia:player] <<<< FigFilePlayer >>>> playerfig_AddToPlayQueue: [0x107899e00] P/CB item 0x108095400 I/QNX.01 after 0x0
2026-08-22 18:31:10.982 Df sensemobile[22550:108f0] [com.apple.coremedia:player] <<<< FigPlayerSurrogate >>>> surrogatePlayer_respondToLoadingOfItemAssetTypeOnQ: [0x600003704300] P/TO called for item 0x600003d062b0 I/HZN.01. switching real player from [0x0] to [0x1080c3600].
2026-08-22 18:31:10.982 Df sensemobile[22550:108ed] [com.apple.coremedia:player] <<<< FigPlayerSurrogate >>>> surrogatePlayer_respondToLoadingOfItemAssetTypeOnQ: [0x60000370c3c0] P/FU called for item 0x600003d023a0 I/YHA.01. switching real player from [0x0] to [0x108862000].
2026-08-22 18:31:10.982 Df sensemobile[22550:108f1] [com.apple.coremedia:player] <<<< FigPlayerSurrogate >>>> surrogatePlayer_respondToLoadingOfItemAssetTypeOnQ: [0x60000375b3c0] P/HA called for item 0x600003d2d2c0 I/KVM.01. switching real player from [0x0] to [0x1078a1000].
2026-08-22 18:31:10.983 Df sensemobile[22550:108f0] [com.apple.coremedia:player] <<<< FigPlayerSurrogate >>>> surrogatePlayer_respondToLoadingOfItemAssetTypeOnQ: [0x600003704300] P/TO adding item 0x600003d062b0(0x10887e000) I/HZN.01 to real player play queue
2026-08-22 18:31:10.983 Df sensemobile[22550:108ed] [com.apple.coremedia:player] <<<< FigPlayerSurrogate >>>> surrogatePlayer_respondToLoadingOfItemAssetTypeOnQ: [0x60000370c3c0] P/FU adding item 0x600003d023a0(0x1080c9800) I/YHA.01 to real player play queue
2026-08-22 18:31:10.983 Df sensemobile[22550:108f1] [com.apple.coremedia:player] <<<< FigPlayerSurrogate >>>> surrogatePlayer_respondToLoadingOfItemAssetTypeOnQ: [0x60000375b3c0] P/HA adding item 0x600003d2d2c0(0x10887c600) I/KVM.01 to real player play queue
2026-08-22 18:31:10.982 Df sensemobile[22550:108db] [com.apple.coremedia:player] <<<< FigFilePlayer >>>> playerfig_AddToPlayQueue: [0x107899e00] P/CB play queue is no longer hungry
2026-08-22 18:31:10.982 Df sensemobile[22550:108ec] [com.apple.coremedia:player] <<<< FigFilePlayer >>>> playerfig_AddToPlayQueue: [0x1080afe00] P/RS item 0x1078b6000 I/QPK.01 after 0x0
2026-08-22 18:31:10.982 Df sensemobile[22550:108ef] [com.apple.coremedia:player] <<<< FigFilePlayer >>>> playerfig_AddToPlayQueue: [0x10886b800] P/WO item 0x1080ca400 I/HQE.01 after 0x0
2026-08-22 18:31:10.982 Df sensemobile[22550:108ee] [com.apple.coremedia:player] <<<< FigPlayerSurrogate >>>> surrogatePlayer_respondToLoadingOfItemAssetTypeOnQ: [0x600003704240] P/SV called for item 0x600003d06580 I/XAW.01. switching real player from [0x0] to [0x10784d000].
2026-08-22 18:31:10.983 Df sensemobile[22550:108ef] [com.apple.coremedia:player] <<<< FigFilePlayer >>>> playerfig_AddToPlayQueue: [0x10886b800] P/WO play queue is no longer hungry
2026-08-22 18:31:10.983 Df sensemobile[22550:108ec] [com.apple.coremedia:player] <<<< FigFilePlayer >>>> playerfig_AddToPlayQueue: [0x1080afe00] P/RS play queue is no longer hungry
2026-08-22 18:31:10.983 Df sensemobile[22550:108db] [com.apple.coremedia:player] <<<< FigFilePlayer >>>> playerfig_AddToPlayQueue: there was no current item, ergo there must have been a gap => will disturb playback
2026-08-22 18:31:10.983 Df sensemobile[22550:108f1] [com.apple.coremedia:player] <<<< FigFilePlayer >>>> playerfig_AddToPlayQueue: [0x1078a1000] P/HA item 0x10887c600 I/KVM.01 after 0x0
2026-08-22 18:31:10.983 Df sensemobile[22550:108ed] [com.apple.coremedia:player] <<<< FigFilePlayer >>>> playerfig_AddToPlayQueue: [0x108862000] P/FU item 0x1080c9800 I/YHA.01 after 0x0
2026-08-22 18:31:10.983 Df sensemobile[22550:108ec] [com.apple.coremedia:player] <<<< FigFilePlayer >>>> playerfig_AddToPlayQueue: there was no current item, ergo there must have been a gap => will disturb playback
2026-08-22 18:31:10.983 Df sensemobile[22550:108ef] [com.apple.coremedia:player] <<<< FigFilePlayer >>>> playerfig_AddToPlayQueue: there was no current item, ergo there must have been a gap => will disturb playback
2026-08-22 18:31:10.983 Df sensemobile[22550:108ee] [com.apple.coremedia:player] <<<< FigPlayerSurrogate >>>> surrogatePlayer_respondToLoadingOfItemAssetTypeOnQ: [0x600003704240] P/SV adding item 0x600003d06580(0x10887ea00) I/XAW.01 to real player play queue
2026-08-22 18:31:10.983 Df sensemobile[22550:108ec] [com.apple.coremedia:player] <<<< FigFilePlayer >>>> playerfig_AddToPlayQueue: [0x1080afe00] P/RS item 0x1078b6000 I/QPK.01 became current but is not yet ready for inspection
2026-08-22 18:31:10.983 Df sensemobile[22550:108ed] [com.apple.coremedia:player] <<<< FigFilePlayer >>>> playerfig_AddToPlayQueue: [0x108862000] P/FU play queue is no longer hungry
2026-08-22 18:31:10.983 Df sensemobile[22550:108f0] [com.apple.coremedia:player] <<<< FigFilePlayer >>>> playerfig_AddToPlayQueue: [0x1080c3600] P/TO item 0x10887e000 I/HZN.01 after 0x0
2026-08-22 18:31:10.983 Df sensemobile[22550:108f1] [com.apple.coremedia:player] <<<< FigFilePlayer >>>> playerfig_AddToPlayQueue: [0x1078a1000] P/HA play queue is no longer hungry
2026-08-22 18:31:10.983 Df sensemobile[22550:108db] [com.apple.coremedia:player] <<<< FigFilePlayer >>>> playerfig_AddToPlayQueue: [0x107899e00] P/CB item 0x108095400 I/QNX.01 became current but is not yet ready for inspection
2026-08-22 18:31:10.984 Df sensemobile[22550:108f1] [com.apple.coremedia:player] <<<< FigFilePlayer >>>> playerfig_AddToPlayQueue: there was no current item, ergo there must have been a gap => will disturb playback
2026-08-22 18:31:10.983 Df sensemobile[22550:108f0] [com.apple.coremedia:player] <<<< FigFilePlayer >>>> playerfig_AddToPlayQueue: [0x1080c3600] P/TO play queue is no longer hungry
2026-08-22 18:31:10.984 Df sensemobile[22550:108db] [com.apple.coremedia:player] <<<< FigFilePlayer >>>> playerfig_AddToPlayQueue: [0x107899e00] P/CB play queue now: [item 0x108095400 I/QNX.01 (boss 0x0)]
2026-08-22 18:31:10.983 Df sensemobile[22550:108ed] [com.apple.coremedia:player] <<<< FigFilePlayer >>>> playerfig_AddToPlayQueue: there was no current item, ergo there must have been a gap => will disturb playback
2026-08-22 18:31:10.983 Df sensemobile[22550:108ec] [com.apple.coremedia:player] <<<< FigFilePlayer >>>> playerfig_AddToPlayQueue: [0x1080afe00] P/RS play queue now: [item 0x1078b6000 I/QPK.01 (boss 0x0)]
2026-08-22 18:31:10.983 Df sensemobile[22550:108ee] [com.apple.coremedia:player] <<<< FigFilePlayer >>>> playerfig_AddToPlayQueue: [0x10784d000] P/SV item 0x10887ea00 I/XAW.01 after 0x0
2026-08-22 18:31:10.983 Df sensemobile[22550:108ef] [com.apple.coremedia:player] <<<< FigFilePlayer >>>> playerfig_AddToPlayQueue: [0x10886b800] P/WO item 0x1080ca400 I/HQE.01 became current but is not yet ready for inspection
2026-08-22 18:31:10.984 Df sensemobile[22550:108ee] [com.apple.coremedia:player] <<<< FigFilePlayer >>>> playerfig_AddToPlayQueue: [0x10784d000] P/SV play queue is no longer hungry
2026-08-22 18:31:10.984 Df sensemobile[22550:108ec] [com.apple.coremedia:player] <<<< FigFilePlayer >>>> playerfig_stopResetDisturbReprepareAndResumeWithTransaction: [0x1080afe00] P/RS called for reason: playerfig_AddToPlayQueue
2026-08-22 18:31:10.984 Df sensemobile[22550:108ed] [com.apple.coremedia:player] <<<< FigFilePlayer >>>> playerfig_AddToPlayQueue: [0x108862000] P/FU item 0x1080c9800 I/YHA.01 became current but is not yet ready for inspection
2026-08-22 18:31:10.984 Df sensemobile[22550:108ee] [com.apple.coremedia:player] <<<< FigFilePlayer >>>> playerfig_AddToPlayQueue: there was no current item, ergo there must have been a gap => will disturb playback
2026-08-22 18:31:10.984 Df sensemobile[22550:108db] [com.apple.coremedia:player] <<<< FigFilePlayer >>>> playerfig_stopResetDisturbReprepareAndResumeWithTransaction: [0x107899e00] P/CB called for reason: playerfig_AddToPlayQueue
2026-08-22 18:31:10.984 Df sensemobile[22550:108f0] [com.apple.coremedia:player] <<<< FigFilePlayer >>>> playerfig_AddToPlayQueue: there was no current item, ergo there must have been a gap => will disturb playback
2026-08-22 18:31:10.984 Df sensemobile[22550:108f1] [com.apple.coremedia:player] <<<< FigFilePlayer >>>> playerfig_AddToPlayQueue: [0x1078a1000] P/HA item 0x10887c600 I/KVM.01 became current but is not yet ready for inspection
2026-08-22 18:31:10.985 Df sensemobile[22550:108db] [com.apple.coremedia:player] <<<< FigFilePlayer >>>> playerfig_repreparePlayQueue: [0x107899e00] P/CB item 0x108095400 I/QNX.01 is current but is not yet ready for inspection
2026-08-22 18:31:10.985 Df sensemobile[22550:108f0] [com.apple.coremedia:player] <<<< FigFilePlayer >>>> playerfig_AddToPlayQueue: [0x1080c3600] P/TO item 0x10887e000 I/HZN.01 became current but is not yet ready for inspection
2026-08-22 18:31:10.985 Df sensemobile[22550:108ee] [com.apple.coremedia:player] <<<< FigFilePlayer >>>> playerfig_AddToPlayQueue: [0x10784d000] P/SV item 0x10887ea00 I/XAW.01 became current but is not yet ready for inspection
2026-08-22 18:31:10.985 Df sensemobile[22550:108ed] [com.apple.coremedia:player] <<<< FigFilePlayer >>>> playerfig_AddToPlayQueue: [0x108862000] P/FU play queue now: [item 0x1080c9800 I/YHA.01 (boss 0x0)]
2026-08-22 18:31:10.985 Df sensemobile[22550:108ec] [com.apple.coremedia:player] <<<< FigFilePlayer >>>> playerfig_repreparePlayQueue: [0x1080afe00] P/RS item 0x1078b6000 I/QPK.01 is current but is not yet ready for inspection
2026-08-22 18:31:10.985 Df sensemobile[22550:108f0] [com.apple.coremedia:player] <<<< FigFilePlayer >>>> playerfig_AddToPlayQueue: [0x1080c3600] P/TO play queue now: [item 0x10887e000 I/HZN.01 (boss 0x0)]
2026-08-22 18:31:10.984 Df sensemobile[22550:108ef] [com.apple.coremedia:player] <<<< FigFilePlayer >>>> playerfig_AddToPlayQueue: [0x10886b800] P/WO play queue now: [item 0x1080ca400 I/HQE.01 (boss 0x0)]
2026-08-22 18:31:10.985 Df sensemobile[22550:108ec] [com.apple.coremedia:player] <<<< FigFilePlayer >>>> playerfig_prepareWorkingItem: [0x1080afe00] P/RS item 0x1078b6000 I/QPK.01 is the working item but is not yet ready for inspection
2026-08-22 18:31:10.985 Df sensemobile[22550:108ed] [com.apple.coremedia:player] <<<< FigFilePlayer >>>> playerfig_stopResetDisturbReprepareAndResumeWithTransaction: [0x108862000] P/FU called for reason: playerfig_AddToPlayQueue
2026-08-22 18:31:10.985 Df sensemobile[22550:108db] [com.apple.coremedia:player] <<<< FigFilePlayer >>>> playerfig_prepareWorkingItem: [0x107899e00] P/CB item 0x108095400 I/QNX.01 is the working item but is not yet ready for inspection
2026-08-22 18:31:10.985 Df sensemobile[22550:108f1] [com.apple.coremedia:player] <<<< FigFilePlayer >>>> playerfig_AddToPlayQueue: [0x1078a1000] P/HA play queue now: [item 0x10887c600 I/KVM.01 (boss 0x0)]
2026-08-22 18:31:10.985 Df sensemobile[22550:108ef] [com.apple.coremedia:player] <<<< FigFilePlayer >>>> playerfig_stopResetDisturbReprepareAndResumeWithTransaction: [0x10886b800] P/WO called for reason: playerfig_AddToPlayQueue
2026-08-22 18:31:10.985 Df sensemobile[22550:108ee] [com.apple.coremedia:player] <<<< FigFilePlayer >>>> playerfig_AddToPlayQueue: [0x10784d000] P/SV play queue now: [item 0x10887ea00 I/XAW.01 (boss 0x0)]
2026-08-22 18:31:10.985 Df sensemobile[22550:108f0] [com.apple.coremedia:player] <<<< FigFilePlayer >>>> playerfig_stopResetDisturbReprepareAndResumeWithTransaction: [0x1080c3600] P/TO called for reason: playerfig_AddToPlayQueue
2026-08-22 18:31:10.986 Df sensemobile[22550:108ee] [com.apple.coremedia:player] <<<< FigFilePlayer >>>> playerfig_stopResetDisturbReprepareAndResumeWithTransaction: [0x10784d000] P/SV called for reason: playerfig_AddToPlayQueue
2026-08-22 18:31:10.986 Df sensemobile[22550:108ef] [com.apple.coremedia:player] <<<< FigFilePlayer >>>> playerfig_repreparePlayQueue: [0x10886b800] P/WO item 0x1080ca400 I/HQE.01 is current but is not yet ready for inspection
2026-08-22 18:31:10.986 Df sensemobile[22550:108f1] [com.apple.coremedia:player] <<<< FigFilePlayer >>>> playerfig_stopResetDisturbReprepareAndResumeWithTransaction: [0x1078a1000] P/HA called for reason: playerfig_AddToPlayQueue
2026-08-22 18:31:10.986 Df sensemobile[22550:108db] [com.apple.coremedia:player] <<<< FigFilePlayer >>>> playerfig_getNextPlaybackState: [0x107899e00] P/CB new playback state: Paused (Player) (playerRate: 0.000), WILL NOT update boss rate (nan), previous state: Paused, change reason: CurrentItemChanged, playthrough prediction: unknown, options: None
2026-08-22 18:31:10.985 Df sensemobile[22550:108ed] [com.apple.coremedia:player] <<<< FigFilePlayer >>>> playerfig_repreparePlayQueue: [0x108862000] P/FU item 0x1080c9800 I/YHA.01 is current but is not yet ready for inspection
2026-08-22 18:31:10.985 Df sensemobile[22550:108ec] [com.apple.coremedia:player] <<<< FigFilePlayer >>>> playerfig_getNextPlaybackState: [0x1080afe00] P/RS new playback state: Paused (Player) (playerRate: 0.000), WILL NOT update boss rate (nan), previous state: Paused, change reason: CurrentItemChanged, playthrough prediction: unknown, options: None
2026-08-22 18:31:10.986 Df sensemobile[22550:108ed] [com.apple.coremedia:player] <<<< FigFilePlayer >>>> playerfig_prepareWorkingItem: [0x108862000] P/FU item 0x1080c9800 I/YHA.01 is the working item but is not yet ready for inspection
2026-08-22 18:31:10.986 Df sensemobile[22550:108db] [com.apple.coremedia:player] <<<< FigPlayerSurrogate >>>> surrogatePlayer_setActionAtEndOnRealPlayerOnQ: [0x60000375b300|P/CB] actionAtEnd Stop
2026-08-22 18:31:10.986 Df sensemobile[22550:108ec] [com.apple.coremedia:player] <<<< FigPlayerSurrogate >>>> surrogatePlayer_setActionAtEndOnRealPlayerOnQ: [0x60000370cd80|P/RS] actionAtEnd Stop
2026-08-22 18:31:10.986 Df sensemobile[22550:108ed] [com.apple.coremedia:player] <<<< FigFilePlayer >>>> playerfig_getNextPlaybackState: [0x108862000] P/FU new playback state: Paused (Player) (playerRate: 0.000), WILL NOT update boss rate (nan), previous state: Paused, change reason: CurrentItemChanged, playthrough prediction: unknown, options: None
2026-08-22 18:31:10.986 Df sensemobile[22550:108f1] [com.apple.coremedia:player] <<<< FigFilePlayer >>>> playerfig_repreparePlayQueue: [0x1078a1000] P/HA item 0x10887c600 I/KVM.01 is current but is not yet ready for inspection
2026-08-22 18:31:10.986 Df sensemobile[22550:108ef] [com.apple.coremedia:player] <<<< FigFilePlayer >>>> playerfig_prepareWorkingItem: [0x10886b800] P/WO item 0x1080ca400 I/HQE.01 is the working item but is not yet ready for inspection
2026-08-22 18:31:10.986 Df sensemobile[22550:108ee] [com.apple.coremedia:player] <<<< FigFilePlayer >>>> playerfig_repreparePlayQueue: [0x10784d000] P/SV item 0x10887ea00 I/XAW.01 is current but is not yet ready for inspection
2026-08-22 18:31:10.986 Df sensemobile[22550:108f0] [com.apple.coremedia:player] <<<< FigFilePlayer >>>> playerfig_repreparePlayQueue: [0x1080c3600] P/TO item 0x10887e000 I/HZN.01 is current but is not yet ready for inspection
2026-08-22 18:31:10.987 Df sensemobile[22550:108ef] [com.apple.coremedia:player] <<<< FigFilePlayer >>>> playerfig_getNextPlaybackState: [0x10886b800] P/WO new playback state: Paused (Player) (playerRate: 0.000), WILL NOT update boss rate (nan), previous state: Paused, change reason: CurrentItemChanged, playthrough prediction: unknown, options: None
2026-08-22 18:31:10.986 Df sensemobile[22550:108f1] [com.apple.coremedia:player] <<<< FigFilePlayer >>>> playerfig_prepareWorkingItem: [0x1078a1000] P/HA item 0x10887c600 I/KVM.01 is the working item but is not yet ready for inspection
2026-08-22 18:31:10.986 Df sensemobile[22550:108ed] [com.apple.coremedia:player] <<<< FigPlayerSurrogate >>>> surrogatePlayer_setActionAtEndOnRealPlayerOnQ: [0x60000370c3c0|P/FU] actionAtEnd Stop
2026-08-22 18:31:10.987 Df sensemobile[22550:108f1] [com.apple.coremedia:player] <<<< FigFilePlayer >>>> playerfig_getNextPlaybackState: [0x1078a1000] P/HA new playback state: Paused (Player) (playerRate: 0.000), WILL NOT update boss rate (nan), previous state: Paused, change reason: CurrentItemChanged, playthrough prediction: unknown, options: None
2026-08-22 18:31:10.987 Df sensemobile[22550:108ef] [com.apple.coremedia:player] <<<< FigPlayerSurrogate >>>> surrogatePlayer_setActionAtEndOnRealPlayerOnQ: [0x60000370d200|P/WO] actionAtEnd Stop
2026-08-22 18:31:10.987 Df sensemobile[22550:108f0] [com.apple.coremedia:player] <<<< FigFilePlayer >>>> playerfig_prepareWorkingItem: [0x1080c3600] P/TO item 0x10887e000 I/HZN.01 is the working item but is not yet ready for inspection
2026-08-22 18:31:10.987 Df sensemobile[22550:108f1] [com.apple.coremedia:player] <<<< FigPlayerSurrogate >>>> surrogatePlayer_setActionAtEndOnRealPlayerOnQ: [0x60000375b3c0|P/HA] actionAtEnd Stop
2026-08-22 18:31:10.987 Df sensemobile[22550:108ee] [com.apple.coremedia:player] <<<< FigFilePlayer >>>> playerfig_prepareWorkingItem: [0x10784d000] P/SV item 0x10887ea00 I/XAW.01 is the working item but is not yet ready for inspection
2026-08-22 18:31:10.987 Df sensemobile[22550:108f0] [com.apple.coremedia:player] <<<< FigFilePlayer >>>> playerfig_getNextPlaybackState: [0x1080c3600] P/TO new playback state: Paused (Player) (playerRate: 0.000), WILL NOT update boss rate (nan), previous state: Paused, change reason: CurrentItemChanged, playthrough prediction: unknown, options: None
2026-08-22 18:31:10.987 Df sensemobile[22550:108ee] [com.apple.coremedia:player] <<<< FigFilePlayer >>>> playerfig_getNextPlaybackState: [0x10784d000] P/SV new playback state: Paused (Player) (playerRate: 0.000), WILL NOT update boss rate (nan), previous state: Paused, change reason: CurrentItemChanged, playthrough prediction: unknown, options: None
2026-08-22 18:31:10.988 Df sensemobile[22550:108f0] [com.apple.coremedia:player] <<<< FigPlayerSurrogate >>>> surrogatePlayer_setActionAtEndOnRealPlayerOnQ: [0x600003704300|P/TO] actionAtEnd Stop
2026-08-22 18:31:10.988 Df sensemobile[22550:108ee] [com.apple.coremedia:player] <<<< FigPlayerSurrogate >>>> surrogatePlayer_setActionAtEndOnRealPlayerOnQ: [0x600003704240|P/SV] actionAtEnd Stop
2026-08-22 18:31:10.982 Df sensemobile[22550:108e1] [com.apple.coremedia:player] <<<< FigFilePlayer >>>> itemfig_setCurrentTimeWithRangeAndIDGuts: <0x1078b0200|I/DDF.01> no boss, posting SeekDidComplete immediately (seekID 100000001)
2026-08-22 18:31:10.988 Df sensemobile[22550:108e1] [com.apple.coremedia:player] <<<< FigFilePlayer >>>> itemfig_applyLoudnessInfo: [0x10786f400] P/TY item [0x1078b0200] I/DDF.01 is not the working item so no need to pass down loudnessinfo yet for track 0
2026-08-22 18:31:10.988 Df sensemobile[22550:108e1] [com.apple.coremedia:player] <<<< FigFilePlayer >>>> playerfig_connectLayerSynchronizerToVideoOutputs: [0x10786f400:0x1078b0200] Settings layerSyncConfiguration: (null) on layerSync 0x60000263de60
2026-08-22 18:31:10.989 Df sensemobile[22550:108e1] [com.apple.coremedia:player] <<<< FigFilePlayer >>>> itemfig_applyLoudnessInfo: [0x10786f400] P/TY item [0x1078b0200] I/DDF.01 is not the working item so no need to pass down loudnessinfo yet for track 0
2026-08-22 18:31:10.990 Df sensemobile[22550:108e2] [com.apple.coremedia:player] <<<< FigPlayerSurrogate >>>> surrogatePlayer_AddToPlayQueue: [0x60000375a4c0] P/TY add 0x600003d06c10 I/DDF.01 after 0x0
2026-08-22 18:31:10.990 Df sensemobile[22550:108e2] [com.apple.coremedia:player] <<<< FigPlayerSurrogate >>>> surrogatePlaybackItem_addToPlayQueueInternal: [0x60000375a4c0] P/TY adding item 0x600003d06c10(0x1078b0200) I/DDF.01 to play queue after item 0x0(0x0)
2026-08-22 18:31:10.990 Df sensemobile[22550:108e2] [com.apple.coremedia:player] <<<< FigPlayerSurrogate >>>> surrogatePlaybackItem_addToPlayQueueInternal: [0x60000375a4c0] P/TY play queue now: [item 0x600003d06c10 I/DDF.01]
2026-08-22 18:31:10.990 Df sensemobile[22550:108f0] [com.apple.coremedia:player] <<<< FigPlayerSurrogate >>>> surrogatePlayer_initiateLoadingOfItemAssetTypeOnQ: [0x60000375a4c0] P/TY preparing item 0x600003d06c10(0x1078b0200) I/DDF.01 for loading
2026-08-22 18:31:10.990 Df sensemobile[22550:108f0] [com.apple.coremedia:player] <<<< FigPlayerSurrogate >>>> surrogatePlayer_initiateLoadingOfItemAssetTypeOnQ: [0x60000375a4c0] P/TY load ok 0x600003d06c10(0x1078b0200) I/DDF.01 already loaded
2026-08-22 18:31:10.991 Df sensemobile[22550:108f0] [com.apple.coremedia:player] <<<< FigPlayerSurrogate >>>> surrogatePlayer_respondToLoadingOfItemAssetTypeOnQ: [0x60000375a4c0|P/TY] for item <0x600003d06c10|I/DDF.01> enqueueing = 0
2026-08-22 18:31:10.991 Df sensemobile[22550:108f0] [com.apple.coremedia:player] <<<< FigPlayerSurrogate >>>> surrogatePlayer_respondToLoadingOfItemAssetTypeOnQ: [0x60000375a4c0] P/TY called for item 0x600003d06c10 I/DDF.01. item index is 0 in surrogate playQueue. realPlayer 0x10786f400, realItem 0x1078b0200.
2026-08-22 18:31:10.991 Df sensemobile[22550:108f0] [com.apple.coremedia:player] <<<< FigPlayerSurrogate >>>> surrogatePlayer_respondToLoadingOfItemAssetTypeOnQ: [0x60000375a4c0] P/TY called for item 0x600003d06c10 I/DDF.01. switching real player from [0x0] to [0x10786f400].
2026-08-22 18:31:10.991 Df sensemobile[22550:108f0] [com.apple.coremedia:player] <<<< FigPlayerSurrogate >>>> surrogatePlayer_respondToLoadingOfItemAssetTypeOnQ: [0x60000375a4c0] P/TY adding item 0x600003d06c10(0x1078b0200) I/DDF.01 to real player play queue
2026-08-22 18:31:10.991 Df sensemobile[22550:108f0] [com.apple.coremedia:player] <<<< FigFilePlayer >>>> playerfig_AddToPlayQueue: [0x10786f400] P/TY item 0x1078b0200 I/DDF.01 after 0x0
2026-08-22 18:31:10.991 Df sensemobile[22550:108f0] [com.apple.coremedia:player] <<<< FigFilePlayer >>>> playerfig_AddToPlayQueue: [0x10786f400] P/TY play queue is no longer hungry
2026-08-22 18:31:10.991 Df sensemobile[22550:108f0] [com.apple.coremedia:player] <<<< FigFilePlayer >>>> playerfig_AddToPlayQueue: there was no current item, ergo there must have been a gap => will disturb playback
2026-08-22 18:31:10.992 Df sensemobile[22550:108f0] [com.apple.coremedia:player] <<<< FigFilePlayer >>>> playerfig_AddToPlayQueue: [0x10786f400] P/TY item 0x1078b0200 I/DDF.01 became current but is not yet ready for inspection
2026-08-22 18:31:10.992 Df sensemobile[22550:108f0] [com.apple.coremedia:player] <<<< FigFilePlayer >>>> playerfig_AddToPlayQueue: [0x10786f400] P/TY play queue now: [item 0x1078b0200 I/DDF.01 (boss 0x0)]
2026-08-22 18:31:10.992 Df sensemobile[22550:108f0] [com.apple.coremedia:player] <<<< FigFilePlayer >>>> playerfig_stopResetDisturbReprepareAndResumeWithTransaction: [0x10786f400] P/TY called for reason: playerfig_AddToPlayQueue
2026-08-22 18:31:10.992 Df sensemobile[22550:108f0] [com.apple.coremedia:player] <<<< FigFilePlayer >>>> playerfig_repreparePlayQueue: [0x10786f400] P/TY item 0x1078b0200 I/DDF.01 is current but is not yet ready for inspection
2026-08-22 18:31:10.992 Df sensemobile[22550:108f0] [com.apple.coremedia:player] <<<< FigFilePlayer >>>> playerfig_prepareWorkingItem: [0x10786f400] P/TY item 0x1078b0200 I/DDF.01 is the working item but is not yet ready for inspection
2026-08-22 18:31:10.992 Df sensemobile[22550:108f0] [com.apple.coremedia:player] <<<< FigFilePlayer >>>> playerfig_getNextPlaybackState: [0x10786f400] P/TY new playback state: Paused (Player) (playerRate: 0.000), WILL NOT update boss rate (nan), previous state: Paused, change reason: CurrentItemChanged, playthrough prediction: unknown, options: None
2026-08-22 18:31:10.992 Df sensemobile[22550:108f0] [com.apple.coremedia:player] <<<< FigPlayerSurrogate >>>> surrogatePlayer_setActionAtEndOnRealPlayerOnQ: [0x60000375a4c0|P/TY] actionAtEnd Stop
2026-08-22 18:31:10.979 Df sensemobile[22550:10856] [com.apple.network:connection] [C4.1.1.1 IPv4#c85a94eb:443 waiting path (satisfied (Path is satisfied), interface: en0)] event: path:satisfied @0.026s, uuid: 28F69DB4-6AAC-4791-9CA0-0E27BAB14641
2026-08-22 18:31:11.027 Df sensemobile[22550:10856] [com.apple.network:connection] [C4.1.1.1 IPv4#c85a94eb:443 in_progress socket-flow (satisfied (Path is satisfied), interface: en0)] event: flow:start_connect @0.075s
2026-08-22 18:31:11.028 Df sensemobile[22550:10856] [com.apple.network:connection] nw_endpoint_resolver_update [C5.1.1 Hostname#5a2924c5:443 in_progress resolver (satisfied (Path is satisfied), interface: en0)] Adding endpoint handler for IPv4#0cbfad83:443
2026-08-22 18:31:11.028 Df sensemobile[22550:10856] [com.apple.network:connection] nw_endpoint_resolver_update [C5.1.1 Hostname#5a2924c5:443 in_progress resolver (satisfied (Path is satisfied), interface: en0)] Adding endpoint handler for IPv4#4e2dbb6f:443
2026-08-22 18:31:11.028 Df sensemobile[22550:10856] [com.apple.network:connection] nw_endpoint_resolver_update [C5.1.1 Hostname#5a2924c5:443 in_progress resolver (satisfied (Path is satisfied), interface: en0)] Adding endpoint handler for IPv4#20926829:443
2026-08-22 18:31:11.028 Df sensemobile[22550:10856] [com.apple.network:connection] nw_endpoint_resolver_update [C5.1.1 Hostname#5a2924c5:443 in_progress resolver (satisfied (Path is satisfied), interface: en0)] Adding endpoint handler for IPv4#22905366:443
2026-08-22 18:31:11.028 Df sensemobile[22550:10856] [com.apple.network:connection] [C5.1.1 Hostname#5a2924c5:443 in_progress resolver (satisfied (Path is satisfied), interface: en0)] event: resolver:receive_dns @0.054s
2026-08-22 18:31:11.028 Df sensemobile[22550:10856] [com.apple.network:connection] [C5.1.1.1 IPv4#0cbfad83:443 initial path ((null))] event: path:start @0.054s
2026-08-22 18:31:11.028 Df sensemobile[22550:10856] [com.apple.network:connection] [C5.1.1.1 IPv4#0cbfad83:443 waiting path (satisfied (Path is satisfied), interface: en0)] event: path:satisfied @0.054s, uuid: 05C2536C-5E3F-4CA7-8121-8E3CFF228A80
2026-08-22 18:31:11.029 Df sensemobile[22550:10856] [com.apple.network:connection] [C5.1.1.1 IPv4#0cbfad83:443 in_progress socket-flow (satisfied (Path is satisfied), interface: en0)] event: flow:start_connect @0.055s
2026-08-22 18:31:11.063 Df sensemobile[22550:108fb] [com.apple.extensionkit:NSExtension] Class EXGetExtensionClass(void) returning EXConcreteExtension
2026-08-22 18:31:11.063 Df sensemobile[22550:108fb] [com.apple.xpc:connection] [0x10605d660] activating connection: mach=true listener=false peer=false name=com.apple.pluginkit.pkd
2026-08-22 18:31:11.063 A  sensemobile[22550:108fb] (PlugInKit) continuous-discovery
2026-08-22 18:31:11.063 Df sensemobile[22550:108fb] [com.apple.PlugInKit:discovery] <PKDiscoveryDriver:0x600002640120> created discovery driver
2026-08-22 18:31:11.063 Df sensemobile[22550:108fb] [com.apple.PlugInKit:discovery] [d F82F30E2-4665-4F7C-80A8-7C63335616A7] <PKHost:0x600001799600> Beginning discovery for flags: 0, point: com.apple.AudioUnit
2026-08-22 18:31:11.069 Df sensemobile[22550:108dd] [com.apple.PlugInKit:discovery] [d F82F30E2-4665-4F7C-80A8-7C63335616A7] <PKHost:0x600001799600> Completed discovery. Final # of matches: 0
2026-08-22 18:31:11.069 Df sensemobile[22550:10857] [com.apple.PlugInKit:discovery] <PKDiscoveryDriver:0x600002640120> delivering update to host (0 plugins)
2026-08-22 18:31:11.069 A  sensemobile[22550:10857] (ExtensionFoundation) discovering extensions
2026-08-22 18:31:11.069 Df sensemobile[22550:10857] [com.apple.extensionkit:NSExtension] discovered extensions: attributes {
    NSExtensionPointName = "com.apple.AudioUnit";
}, extensionSet {(
)}
2026-08-22 18:31:11.069 A  sensemobile[22550:108fb] (PlugInKit) continuous-discovery
2026-08-22 18:31:11.069 Df sensemobile[22550:108fb] [com.apple.PlugInKit:discovery] <PKDiscoveryDriver:0x6000026402a0> created discovery driver
2026-08-22 18:31:11.069 Df sensemobile[22550:108fb] [com.apple.PlugInKit:discovery] [d A1696822-5794-4D67-87D7-075D71D2D900] <PKHost:0x600001799600> Beginning discovery for flags: 0, point: com.apple.AudioUnit-UI
2026-08-22 18:31:11.069 Df sensemobile[22550:10857] [com.apple.PlugInKit:discovery] <PKDiscoveryDriver:0x600002640120> installing watchers for continuous discovery
2026-08-22 18:31:11.070 Df sensemobile[22550:10857] [com.apple.launchservices:appinstallation] registering for distributed notification com.apple.LaunchServices.pluginsregistered in this process
2026-08-22 18:31:11.070 Df sensemobile[22550:10857] [com.apple.xpc:connection] [0x10654aad0] activating connection: mach=true listener=false peer=false name=com.apple.distributed_notifications@1v3
2026-08-22 18:31:11.070 Df sensemobile[22550:10857] [com.apple.launchservices:appinstallation] registering for distributed notification com.apple.LaunchServices.pluginsunregistered in this process
2026-08-22 18:31:11.083 Df sensemobile[22550:10856] [com.apple.PlugInKit:discovery] [d A1696822-5794-4D67-87D7-075D71D2D900] <PKHost:0x600001799600> Completed discovery. Final # of matches: 0
2026-08-22 18:31:11.092 Df sensemobile[22550:10856] [com.apple.PlugInKit:discovery] <PKDiscoveryDriver:0x6000026402a0> delivering update to host (0 plugins)
2026-08-22 18:31:11.092 A  sensemobile[22550:10856] (ExtensionFoundation) discovering extensions
2026-08-22 18:31:11.092 Df sensemobile[22550:10856] [com.apple.extensionkit:NSExtension] discovered extensions: attributes {
    NSExtensionPointName = "com.apple.AudioUnit-UI";
}, extensionSet {(
)}
2026-08-22 18:31:11.092 A  sensemobile[22550:108fb] (PlugInKit) continuous-discovery
2026-08-22 18:31:11.092 Df sensemobile[22550:10856] [com.apple.PlugInKit:discovery] <PKDiscoveryDriver:0x6000026402a0> installing watchers for continuous discovery
2026-08-22 18:31:11.092 Df sensemobile[22550:108fb] [com.apple.PlugInKit:discovery] <PKDiscoveryDriver:0x600002637480> created discovery driver
2026-08-22 18:31:11.092 Df sensemobile[22550:108fb] [com.apple.PlugInKit:discovery] [d 388DB9A9-50E2-4640-A40D-A6BC8BE29E20] <PKHost:0x600001799600> Beginning discovery for flags: 0, point: com.apple.AudioUnit-Speech
2026-08-22 18:31:11.115 Df sensemobile[22550:10848] (CoreAudio)   HALPlugInManagement.cpp:443    HALPlugInManagement::RegisterPlugIns: loading in-process plug-ins
2026-08-22 18:31:11.117 E  sensemobile[22550:10848] [com.apple.CFBundle:plugin] AddInstanceForFactory: No factory registered for id <CFUUID 0x60000028df40> F8BB1C28-BAE8-11D6-9C31-00039315CD46
2026-08-22 18:31:11.127 Df sensemobile[22550:108dd] [com.apple.PlugInKit:discovery] [d 388DB9A9-50E2-4640-A40D-A6BC8BE29E20] <PKHost:0x600001799600> Completed discovery. Final # of matches: 4
2026-08-22 18:31:11.127 Df sensemobile[22550:108dd] [com.apple.PlugInKit:discovery] <PKDiscoveryDriver:0x600002637480> delivering update to host (4 plugins)
2026-08-22 18:31:11.127 A  sensemobile[22550:108dd] (ExtensionFoundation) discovering extensions
2026-08-22 18:31:11.130 Df sensemobile[22550:10857] [com.apple.launchservices:progress] Establishing xpc connection to lsd
2026-08-22 18:31:11.131 Df sensemobile[22550:10857] [com.apple.xpc:connection] [0x106063420] activating connection: mach=true listener=false peer=false name=com.apple.lsd.xpc
2026-08-22 18:31:11.132 Df sensemobile[22550:108dd] [com.apple.extensionkit:NSExtension] discovered extensions: attributes {
    NSExtensionPointName = "com.apple.AudioUnit-Speech";
}, extensionSet {(
    <EXConcreteExtension: 0x6000039c6e50> {id = com.apple.ax.MauiTTSSupport.MauiAUSP},
    <EXConcreteExtension: 0x60000390fe90> {id = com.apple.ax.KonaTTSSupport.KonaSynthesizer},
    <EXConcreteExtension: 0x600003914000> {id = com.apple.speech.MacinTalkFramework.MacinTalkAUSP},
    <EXConcreteExtension: 0x6000039c6f20> {id = com.apple.texttospeech.SiriAUSP}
)}
2026-08-22 18:31:11.132 Df sensemobile[22550:108dd] [com.apple.PlugInKit:discovery] <PKDiscoveryDriver:0x600002637480> installing watchers for continuous discovery
2026-08-22 18:31:11.133 Df sensemobile[22550:108dd] [com.apple.launchservices:progress] Received LSWorkspaceObserverPing, xpc connection established
2026-08-22 18:31:11.135 Df sensemobile[22550:108fb] [com.apple.coreaudio:audiocomp] AudioComponentPluginMgr.mm:906   First wildcard component search: acdc/lpcm/0
2026-08-22 18:31:11.146 Df sensemobile[22550:10857] [com.apple.network:connection] [C5.1.1.2 IPv4#4e2dbb6f:443 initial path ((null))] event: path:start @0.163s
2026-08-22 18:31:11.147 Df sensemobile[22550:10857] [com.apple.network:connection] [C5.1.1.2 IPv4#4e2dbb6f:443 waiting path (satisfied (Path is satisfied), interface: en0)] event: path:satisfied @0.172s, uuid: FABF9476-7CA4-4CD8-BFF5-833F02E2726A
2026-08-22 18:31:11.150 Df sensemobile[22550:108ed] [com.apple.coremedia:] <<<< AVAssetInspectorLoader >>>> handleFigAssetLoadingNotification: Received kFigAssetNotification_BatchPropertyLoadComplete (payload: {
    "assetPayload_BatchID" = 2;
})
2026-08-22 18:31:11.150 Df sensemobile[22550:108ed] [com.apple.coremedia:] <<<< AVAssetInspectorLoader >>>> -[AVFigAssetInspectorLoader _invokeCompletionHandlerForLoadingBatches:]: No completed batches
2026-08-22 18:31:11.150 Df sensemobile[22550:108ed] [com.apple.coremedia:] <<<< AVAssetInspectorLoader >>>> handleFigAssetLoadingNotification: Received kFigAssetNotification_BatchPropertyLoadComplete (payload: {
    "assetPayload_BatchID" = 2;
})
2026-08-22 18:31:11.150 Df sensemobile[22550:108ed] [com.apple.coremedia:] <<<< AVAssetInspectorLoader >>>> -[AVFigAssetInspectorLoader _invokeCompletionHandlerForLoadingBatches:]: No completed batches
2026-08-22 18:31:11.150 Df sensemobile[22550:108ed] [com.apple.coremedia:] <<<< AVAssetInspectorLoader >>>> handleFigAssetLoadingNotification: Received kFigAssetNotification_BatchPropertyLoadComplete (payload: {
    "assetPayload_BatchID" = 3;
})
2026-08-22 18:31:11.151 Df sensemobile[22550:108ed] [com.apple.coremedia:] <<<< AVAssetInspectorLoader >>>> -[AVFigAssetInspectorLoader _invokeCompletionHandlerForLoadingBatches:]: No completed batches
2026-08-22 18:31:11.151 Df sensemobile[22550:108ed] [com.apple.coremedia:player] <<<< FigFilePlayer >>>> itemfig_assetPropertyBatchLoaded: [0x108862000] P/FU current item 0x1080c9800 I/YHA.01 became ready for inspection for the first time
2026-08-22 18:31:11.151 Df sensemobile[22550:108ed] [com.apple.coremedia:player] <<<< FigFilePlayer >>>> itemfig_assetPropertyBatchLoaded: Prepare item <0x1080c9800|I/YHA.01> on dispatch queue
2026-08-22 18:31:11.151 Df sensemobile[22550:108ed] [com.apple.coremedia:] <<<< AVAssetInspectorLoader >>>> handleFigAssetLoadingNotification: Received kFigAssetNotification_BatchPropertyLoadComplete (payload: {
    "assetPayload_BatchID" = 2;
})
2026-08-22 18:31:11.151 Df sensemobile[22550:108ed] [com.apple.coremedia:] <<<< AVAssetInspectorLoader >>>> -[AVFigAssetInspectorLoader _invokeCompletionHandlerForLoadingBatches:]: No completed batches
2026-08-22 18:31:11.151 Df sensemobile[22550:108ed] [com.apple.coremedia:] <<<< AVAssetInspectorLoader >>>> handleFigAssetLoadingNotification: Received kFigAssetNotification_BatchPropertyLoadComplete (payload: {
    "assetPayload_BatchID" = 3;
})
2026-08-22 18:31:11.151 Df sensemobile[22550:108ed] [com.apple.coremedia:] <<<< AVAssetInspectorLoader >>>> -[AVFigAssetInspectorLoader _invokeCompletionHandlerForLoadingBatches:]: No completed batches
2026-08-22 18:31:11.151 Df sensemobile[22550:108ed] [com.apple.coremedia:player] <<<< FigFilePlayer >>>> itemfig_assetPropertyBatchLoaded: [0x107899e00] P/CB current item 0x108095400 I/QNX.01 became ready for inspection for the first time
2026-08-22 18:31:11.151 Df sensemobile[22550:108ed] [com.apple.coremedia:player] <<<< FigFilePlayer >>>> itemfig_assetPropertyBatchLoaded: Prepare item <0x108095400|I/QNX.01> on dispatch queue
2026-08-22 18:31:11.151 Df sensemobile[22550:10919] [com.apple.coremedia:] << FigPlayMonitor >> FigPlayabilityMonitorCreate: [0x1078e9030] Movie duration = 0.55 s
2026-08-22 18:31:11.151 Df sensemobile[22550:108ef] [com.apple.coremedia:] << FigPlayMonitor >> FigPlayabilityMonitorCreate: [0x1080d5630] Movie duration = 2.2 s
2026-08-22 18:31:11.151 Df sensemobile[22550:108ed] [com.apple.coremedia:] <<<< AVAssetInspectorLoader >>>> handleFigAssetLoadingNotification: Received kFigAssetNotification_BatchPropertyLoadComplete (payload: {
    "assetPayload_BatchID" = 2;
})
2026-08-22 18:31:11.152 Df sensemobile[22550:108ef] [com.apple.coremedia:] << FigPlayMonitor >> FigPlayabilityMonitorCreate: [0x1080d5630] new monitor (stream 0x600002150b40)
2026-08-22 18:31:11.152 Df sensemobile[22550:10939] [com.apple.coremedia:] << FigPlayMonitor >> fpm_likelyToKeepUpUsingDynamicAlgorithm: [0x1080d5630] sending kfpmStreamLikelyToKeepUp; smoothedBandwidth=0.00 kbps dur=2.20
2026-08-22 18:31:11.152 Df sensemobile[22550:10919] [com.apple.coremedia:] << FigPlayMonitor >> FigPlayabilityMonitorCreate: [0x1078e9030] new monitor (stream 0x600002151ae0)
2026-08-22 18:31:11.152 Df sensemobile[22550:108ed] [com.apple.coremedia:] <<<< AVAssetInspectorLoader >>>> -[AVFigAssetInspectorLoader _invokeCompletionHandlerForLoadingBatches:]: No completed batches
2026-08-22 18:31:11.152 Df sensemobile[22550:108ef] [com.apple.coremedia:player] <<<< FigFilePlayer >>>> itemfig_monitorPlayability: <0x108095400|I/QNX.01> Created playability monitor 0x1080d5630 (err=0)
2026-08-22 18:31:11.152 Df sensemobile[22550:10919] [com.apple.coremedia:player] <<<< FigFilePlayer >>>> itemfig_monitorPlayability: <0x1080c9800|I/YHA.01> Created playability monitor 0x1078e9030 (err=0)
2026-08-22 18:31:11.152 Df sensemobile[22550:108f1] [com.apple.coremedia:] << FigPlayMonitor >> fpm_likelyToKeepUpUsingDynamicAlgorithm: [0x1078e9030] sending kfpmStreamLikelyToKeepUp; smoothedBandwidth=0.00 kbps dur=0.55
2026-08-22 18:31:11.152 Df sensemobile[22550:10939] [com.apple.coremedia:] << FigPlayMonitor >> fpm_likelyToKeepUpUsingDynamicAlgorithm: [0x1080d5630] bandwidth: 0 kbps; smoothedBandwidth: 0 kbps; bwInflationFactor: 1.00; (movieDuration - durToPlayThrough): 0.00; durationAhead: 2.20; timeToLikelyToKeepUp: 0.00
2026-08-22 18:31:11.152 Df sensemobile[22550:108f1] [com.apple.coremedia:] << FigPlayMonitor >> fpm_likelyToKeepUpUsingDynamicAlgorithm: [0x1078e9030] bandwidth: 0 kbps; smoothedBandwidth: 0 kbps; bwInflationFactor: 1.00; (movieDuration - durToPlayThrough): 0.00; durationAhead: 0.55; timeToLikelyToKeepUp: 0.00
2026-08-22 18:31:11.152 Df sensemobile[22550:108ed] [com.apple.coremedia:] <<<< AVAssetInspectorLoader >>>> handleFigAssetLoadingNotification: Received kFigAssetNotification_BatchPropertyLoadComplete (payload: {
    "assetPayload_BatchID" = 3;
})
2026-08-22 18:31:11.152 Df sensemobile[22550:10919] [com.apple.coremedia:player] <<<< FigFilePlayer >>>> itemfig_registerPlayabilityMonitorNotification: <0x1080c9800|I/YHA.01> playback is already LikelyToKeepUp - notifying
2026-08-22 18:31:11.152 Df sensemobile[22550:108ef] [com.apple.coremedia:player] <<<< FigFilePlayer >>>> itemfig_registerPlayabilityMonitorNotification: <0x108095400|I/QNX.01> playback is already LikelyToKeepUp - notifying
2026-08-22 18:31:11.152 Df sensemobile[22550:108ed] [com.apple.coremedia:] <<<< AVAssetInspectorLoader >>>> -[AVFigAssetInspectorLoader _invokeCompletionHandlerForLoadingBatches:]: No completed batches
2026-08-22 18:31:11.152 Df sensemobile[22550:108ed] [com.apple.coremedia:player] <<<< FigFilePlayer >>>> itemfig_assetPropertyBatchLoaded: [0x10784d000] P/SV current item 0x10887ea00 I/XAW.01 became ready for inspection for the first time
2026-08-22 18:31:11.152 Df sensemobile[22550:108ed] [com.apple.coremedia:player] <<<< FigFilePlayer >>>> itemfig_assetPropertyBatchLoaded: Prepare item <0x10887ea00|I/XAW.01> on dispatch queue
2026-08-22 18:31:11.153 Df sensemobile[22550:108ed] [com.apple.coremedia:] <<<< AVAssetInspectorLoader >>>> handleFigAssetLoadingNotification: Received kFigAssetNotification_BatchPropertyLoadComplete (payload: {
    "assetPayload_BatchID" = 3;
})
2026-08-22 18:31:11.153 Df sensemobile[22550:1092a] [com.apple.coremedia:] << FigPlayMonitor >> FigPlayabilityMonitorCreate: [0x108870230] Movie duration = 0.5 s
2026-08-22 18:31:11.153 Df sensemobile[22550:108ed] [com.apple.coremedia:] <<<< AVAssetInspectorLoader >>>> -[AVFigAssetInspectorLoader _invokeCompletionHandlerForLoadingBatches:]: No completed batches
2026-08-22 18:31:11.153 Df sensemobile[22550:1092a] [com.apple.coremedia:] << FigPlayMonitor >> FigPlayabilityMonitorCreate: [0x108870230] new monitor (stream 0x60000213fb60)
2026-08-22 18:31:11.153 Df sensemobile[22550:10936] [com.apple.coremedia:] << FigPlayMonitor >> fpm_likelyToKeepUpUsingDynamicAlgorithm: [0x108870230] sending kfpmStreamLikelyToKeepUp; smoothedBandwidth=0.00 kbps dur=0.50
2026-08-22 18:31:11.153 Df sensemobile[22550:108ed] [com.apple.coremedia:player] <<<< FigFilePlayer >>>> itemfig_assetPropertyBatchLoaded: [0x1078a1000] P/HA current item 0x10887c600 I/KVM.01 became ready for inspection for the first time
2026-08-22 18:31:11.153 Df sensemobile[22550:1092a] [com.apple.coremedia:player] <<<< FigFilePlayer >>>> itemfig_monitorPlayability: <0x10887ea00|I/XAW.01> Created playability monitor 0x108870230 (err=0)
2026-08-22 18:31:11.153 Df sensemobile[22550:108ed] [com.apple.coremedia:player] <<<< FigFilePlayer >>>> itemfig_assetPropertyBatchLoaded: Prepare item <0x10887c600|I/KVM.01> on dispatch queue
2026-08-22 18:31:11.153 Df sensemobile[22550:10936] [com.apple.coremedia:] << FigPlayMonitor >> fpm_likelyToKeepUpUsingDynamicAlgorithm: [0x108870230] bandwidth: 0 kbps; smoothedBandwidth: 0 kbps; bwInflationFactor: 1.00; (movieDuration - durToPlayThrough): 0.00; durationAhead: 0.50; timeToLikelyToKeepUp: 0.00
2026-08-22 18:31:11.153 Df sensemobile[22550:1092a] [com.apple.coremedia:player] <<<< FigFilePlayer >>>> itemfig_registerPlayabilityMonitorNotification: <0x10887ea00|I/XAW.01> playback is already LikelyToKeepUp - notifying
2026-08-22 18:31:11.154 Df sensemobile[22550:108ed] [com.apple.coremedia:] <<<< AVAssetInspectorLoader >>>> handleFigAssetLoadingNotification: Received kFigAssetNotification_BatchPropertyLoadComplete (payload: {
    "assetPayload_BatchID" = 2;
})
2026-08-22 18:31:11.154 Df sensemobile[22550:1092b] [com.apple.coremedia:] << FigPlayMonitor >> FigPlayabilityMonitorCreate: [0x1078de030] Movie duration = 0.8 s
2026-08-22 18:31:11.154 Df sensemobile[22550:108ed] [com.apple.coremedia:] <<<< AVAssetInspectorLoader >>>> -[AVFigAssetInspectorLoader _invokeCompletionHandlerForLoadingBatches:]: No completed batches
2026-08-22 18:31:11.154 Df sensemobile[22550:10938] [com.apple.coremedia:] << FigPlayMonitor >> fpm_likelyToKeepUpUsingDynamicAlgorithm: [0x1078de030] sending kfpmStreamLikelyToKeepUp; smoothedBandwidth=0.00 kbps dur=0.80
2026-08-22 18:31:11.154 Df sensemobile[22550:1092b] [com.apple.coremedia:] << FigPlayMonitor >> FigPlayabilityMonitorCreate: [0x1078de030] new monitor (stream 0x60000215d130)
2026-08-22 18:31:11.154 Df sensemobile[22550:108ed] [com.apple.coremedia:] <<<< AVAssetInspectorLoader >>>> handleFigAssetLoadingNotification: Received kFigAssetNotification_BatchPropertyLoadComplete (payload: {
    "assetPayload_BatchID" = 2;
})
2026-08-22 18:31:11.154 Df sensemobile[22550:1092b] [com.apple.coremedia:player] <<<< FigFilePlayer >>>> itemfig_monitorPlayability: <0x10887c600|I/KVM.01> Created playability monitor 0x1078de030 (err=0)
2026-08-22 18:31:11.154 Df sensemobile[22550:10938] [com.apple.coremedia:] << FigPlayMonitor >> fpm_likelyToKeepUpUsingDynamicAlgorithm: [0x1078de030] bandwidth: 0 kbps; smoothedBandwidth: 0 kbps; bwInflationFactor: 1.00; (movieDuration - durToPlayThrough): 0.00; durationAhead: 0.80; timeToLikelyToKeepUp: 0.00
2026-08-22 18:31:11.154 Df sensemobile[22550:108ed] [com.apple.coremedia:] <<<< AVAssetInspectorLoader >>>> -[AVFigAssetInspectorLoader _invokeCompletionHandlerForLoadingBatches:]: No completed batches
2026-08-22 18:31:11.155 Df sensemobile[22550:1092b] [com.apple.coremedia:player] <<<< FigFilePlayer >>>> itemfig_registerPlayabilityMonitorNotification: <0x10887c600|I/KVM.01> playback is already LikelyToKeepUp - notifying
2026-08-22 18:31:11.155 Df sensemobile[22550:108ed] [com.apple.coremedia:] <<<< AVAssetInspectorLoader >>>> handleFigAssetLoadingNotification: Received kFigAssetNotification_BatchPropertyLoadComplete (payload: {
    "assetPayload_BatchID" = 3;
})
2026-08-22 18:31:11.155 Df sensemobile[22550:108ed] [com.apple.coremedia:] <<<< AVAssetInspectorLoader >>>> -[AVFigAssetInspectorLoader _invokeCompletionHandlerForLoadingBatches:]: No completed batches
2026-08-22 18:31:11.155 Df sensemobile[22550:108ed] [com.apple.coremedia:] <<<< AVAssetInspectorLoader >>>> handleFigAssetLoadingNotification: Received kFigAssetNotification_BatchPropertyLoadComplete (payload: {
    "assetPayload_BatchID" = 2;
})
2026-08-22 18:31:11.155 Df sensemobile[22550:108ed] [com.apple.coremedia:] <<<< AVAssetInspectorLoader >>>> -[AVFigAssetInspectorLoader _invokeCompletionHandlerForLoadingBatches:]: No completed batches
2026-08-22 18:31:11.155 Df sensemobile[22550:108ed] [com.apple.coremedia:player] <<<< FigFilePlayer >>>> itemfig_assetPropertyBatchLoaded: [0x1080c3600] P/TO current item 0x10887e000 I/HZN.01 became ready for inspection for the first time
2026-08-22 18:31:11.155 Df sensemobile[22550:108ed] [com.apple.coremedia:player] <<<< FigFilePlayer >>>> itemfig_assetPropertyBatchLoaded: Prepare item <0x10887e000|I/HZN.01> on dispatch queue
2026-08-22 18:31:11.155 Df sensemobile[22550:108ed] [com.apple.coremedia:] <<<< AVAssetInspectorLoader >>>> handleFigAssetLoadingNotification: Received kFigAssetNotification_BatchPropertyLoadComplete (payload: {
    "assetPayload_BatchID" = 3;
})
2026-08-22 18:31:11.155 Df sensemobile[22550:10916] [com.apple.coremedia:] << FigPlayMonitor >> FigPlayabilityMonitorCreate: [0x107883e30] Movie duration = 0.85 s
2026-08-22 18:31:11.155 Df sensemobile[22550:108ed] [com.apple.coremedia:] <<<< AVAssetInspectorLoader >>>> -[AVFigAssetInspectorLoader _invokeCompletionHandlerForLoadingBatches:]: No completed batches
2026-08-22 18:31:11.156 Df sensemobile[22550:10916] [com.apple.coremedia:] << FigPlayMonitor >> FigPlayabilityMonitorCreate: [0x107883e30] new monitor (stream 0x60000214db30)
2026-08-22 18:31:11.156 Df sensemobile[22550:108ec] [com.apple.coremedia:] << FigPlayMonitor >> fpm_likelyToKeepUpUsingDynamicAlgorithm: [0x107883e30] sending kfpmStreamLikelyToKeepUp; smoothedBandwidth=0.00 kbps dur=0.85
2026-08-22 18:31:11.156 Df sensemobile[22550:10916] [com.apple.coremedia:player] <<<< FigFilePlayer >>>> itemfig_monitorPlayability: <0x10887e000|I/HZN.01> Created playability monitor 0x107883e30 (err=0)
2026-08-22 18:31:11.156 Df sensemobile[22550:108ec] [com.apple.coremedia:] << FigPlayMonitor >> fpm_likelyToKeepUpUsingDynamicAlgorithm: [0x107883e30] bandwidth: 0 kbps; smoothedBandwidth: 0 kbps; bwInflationFactor: 1.00; (movieDuration - durToPlayThrough): 0.00; durationAhead: 0.85; timeToLikelyToKeepUp: 0.00
2026-08-22 18:31:11.156 Df sensemobile[22550:108ed] [com.apple.coremedia:player] <<<< FigFilePlayer >>>> itemfig_assetPropertyBatchLoaded: [0x10786f400] P/TY current item 0x1078b0200 I/DDF.01 became ready for inspection for the first time
2026-08-22 18:31:11.156 Df sensemobile[22550:10916] [com.apple.coremedia:player] <<<< FigFilePlayer >>>> itemfig_registerPlayabilityMonitorNotification: <0x10887e000|I/HZN.01> playback is already LikelyToKeepUp - notifying
2026-08-22 18:31:11.156 Df sensemobile[22550:108ed] [com.apple.coremedia:player] <<<< FigFilePlayer >>>> itemfig_assetPropertyBatchLoaded: Prepare item <0x1078b0200|I/DDF.01> on dispatch queue
2026-08-22 18:31:11.156 Df sensemobile[22550:108ed] [com.apple.coremedia:] <<<< AVAssetInspectorLoader >>>> handleFigAssetLoadingNotification: Received kFigAssetNotification_BatchPropertyLoadComplete (payload: {
    "assetPayload_BatchID" = 2;
})
2026-08-22 18:31:11.156 Df sensemobile[22550:10937] [com.apple.coremedia:] << FigPlayMonitor >> FigPlayabilityMonitorCreate: [0x107886030] Movie duration = 0.35 s
2026-08-22 18:31:11.156 Df sensemobile[22550:108ed] [com.apple.coremedia:] <<<< AVAssetInspectorLoader >>>> -[AVFigAssetInspectorLoader _invokeCompletionHandlerForLoadingBatches:]: No completed batches
2026-08-22 18:31:11.156 Df sensemobile[22550:10937] [com.apple.coremedia:] << FigPlayMonitor >> FigPlayabilityMonitorCreate: [0x107886030] new monitor (stream 0x60000214caa0)
2026-08-22 18:31:11.156 Df sensemobile[22550:108ee] [com.apple.coremedia:] << FigPlayMonitor >> fpm_likelyToKeepUpUsingDynamicAlgorithm: [0x107886030] sending kfpmStreamLikelyToKeepUp; smoothedBandwidth=0.00 kbps dur=0.35
2026-08-22 18:31:11.156 Df sensemobile[22550:108ed] [com.apple.coremedia:] <<<< AVAssetInspectorLoader >>>> handleFigAssetLoadingNotification: Received kFigAssetNotification_BatchPropertyLoadComplete (payload: {
    "assetPayload_BatchID" = 3;
})
2026-08-22 18:31:11.156 Df sensemobile[22550:108ee] [com.apple.coremedia:] << FigPlayMonitor >> fpm_likelyToKeepUpUsingDynamicAlgorithm: [0x107886030] bandwidth: 0 kbps; smoothedBandwidth: 0 kbps; bwInflationFactor: 1.00; (movieDuration - durToPlayThrough): 0.00; durationAhead: 0.35; timeToLikelyToKeepUp: 0.00
2026-08-22 18:31:11.156 Df sensemobile[22550:10937] [com.apple.coremedia:player] <<<< FigFilePlayer >>>> itemfig_monitorPlayability: <0x1078b0200|I/DDF.01> Created playability monitor 0x107886030 (err=0)
2026-08-22 18:31:11.156 Df sensemobile[22550:108ed] [com.apple.coremedia:] <<<< AVAssetInspectorLoader >>>> -[AVFigAssetInspectorLoader _invokeCompletionHandlerForLoadingBatches:]: No completed batches
2026-08-22 18:31:11.156 Df sensemobile[22550:10937] [com.apple.coremedia:player] <<<< FigFilePlayer >>>> itemfig_registerPlayabilityMonitorNotification: <0x1078b0200|I/DDF.01> playback is already LikelyToKeepUp - notifying
2026-08-22 18:31:11.157 Df sensemobile[22550:108ed] [com.apple.coremedia:player] <<<< FigFilePlayer >>>> itemfig_assetPropertyBatchLoaded: [0x10886b800] P/WO current item 0x1080ca400 I/HQE.01 became ready for inspection for the first time
2026-08-22 18:31:11.157 Df sensemobile[22550:108ed] [com.apple.coremedia:player] <<<< FigFilePlayer >>>> itemfig_assetPropertyBatchLoaded: Prepare item <0x1080ca400|I/HQE.01> on dispatch queue
2026-08-22 18:31:11.157 Df sensemobile[22550:108ed] [com.apple.coremedia:] <<<< AVAssetInspectorLoader >>>> handleFigAssetLoadingNotification: Received kFigAssetNotification_BatchPropertyLoadComplete (payload: {
    "assetPayload_BatchID" = 3;
})
2026-08-22 18:31:11.157 Df sensemobile[22550:10933] [com.apple.coremedia:] << FigPlayMonitor >> FigPlayabilityMonitorCreate: [0x1078f3e30] Movie duration = 0.6 s
2026-08-22 18:31:11.157 Df sensemobile[22550:108ed] [com.apple.coremedia:] <<<< AVAssetInspectorLoader >>>> -[AVFigAssetInspectorLoader _invokeCompletionHandlerForLoadingBatches:]: No completed batches
2026-08-22 18:31:11.157 Df sensemobile[22550:10933] [com.apple.coremedia:] << FigPlayMonitor >> FigPlayabilityMonitorCreate: [0x1078f3e30] new monitor (stream 0x60000213f160)
2026-08-22 18:31:11.157 Df sensemobile[22550:108ed] [com.apple.coremedia:player] <<<< FigFilePlayer >>>> itemfig_assetPropertyBatchLoaded: [0x1080afe00] P/RS current item 0x1078b6000 I/QPK.01 became ready for inspection for the first time
2026-08-22 18:31:11.157 Df sensemobile[22550:10933] [com.apple.coremedia:player] <<<< FigFilePlayer >>>> itemfig_monitorPlayability: <0x1080ca400|I/HQE.01> Created playability monitor 0x1078f3e30 (err=0)
2026-08-22 18:31:11.157 Df sensemobile[22550:108ed] [com.apple.coremedia:player] <<<< FigFilePlayer >>>> itemfig_assetPropertyBatchLoaded: Prepare item <0x1078b6000|I/QPK.01> on dispatch queue
2026-08-22 18:31:11.157 Df sensemobile[22550:10932] [com.apple.coremedia:] << FigPlayMonitor >> fpm_likelyToKeepUpUsingDynamicAlgorithm: [0x1078f3e30] sending kfpmStreamLikelyToKeepUp; smoothedBandwidth=0.00 kbps dur=0.60
2026-08-22 18:31:11.157 Df sensemobile[22550:10932] [com.apple.coremedia:] << FigPlayMonitor >> fpm_likelyToKeepUpUsingDynamicAlgorithm: [0x1078f3e30] bandwidth: 0 kbps; smoothedBandwidth: 0 kbps; bwInflationFactor: 1.00; (movieDuration - durToPlayThrough): 0.00; durationAhead: 0.60; timeToLikelyToKeepUp: 0.00
2026-08-22 18:31:11.157 Df sensemobile[22550:108ed] [com.apple.coremedia:] << FigPlayMonitor >> FigPlayabilityMonitorCreate: [0x1080dce30] Movie duration = 0.5 s
2026-08-22 18:31:11.157 Df sensemobile[22550:10933] [com.apple.coremedia:player] <<<< FigFilePlayer >>>> itemfig_registerPlayabilityMonitorNotification: <0x1080ca400|I/HQE.01> playback is already LikelyToKeepUp - notifying
2026-08-22 18:31:11.157 Df sensemobile[22550:108ed] [com.apple.coremedia:] << FigPlayMonitor >> FigPlayabilityMonitorCreate: [0x1080dce30] new monitor (stream 0x60000213ee90)
2026-08-22 18:31:11.157 Df sensemobile[22550:10917] [com.apple.coremedia:] << FigPlayMonitor >> fpm_likelyToKeepUpUsingDynamicAlgorithm: [0x1080dce30] sending kfpmStreamLikelyToKeepUp; smoothedBandwidth=0.00 kbps dur=0.50
2026-08-22 18:31:11.158 Df sensemobile[22550:108ed] [com.apple.coremedia:player] <<<< FigFilePlayer >>>> itemfig_monitorPlayability: <0x1078b6000|I/QPK.01> Created playability monitor 0x1080dce30 (err=0)
2026-08-22 18:31:11.158 Df sensemobile[22550:10917] [com.apple.coremedia:] << FigPlayMonitor >> fpm_likelyToKeepUpUsingDynamicAlgorithm: [0x1080dce30] bandwidth: 0 kbps; smoothedBandwidth: 0 kbps; bwInflationFactor: 1.00; (movieDuration - durToPlayThrough): 0.00; durationAhead: 0.50; timeToLikelyToKeepUp: 0.00
2026-08-22 18:31:11.158 Df sensemobile[22550:108ed] [com.apple.coremedia:player] <<<< FigFilePlayer >>>> itemfig_registerPlayabilityMonitorNotification: <0x1078b6000|I/QPK.01> playback is already LikelyToKeepUp - notifying
2026-08-22 18:31:11.162 Df sensemobile[22550:10916] [com.apple.coreaudio:SpatialMgr] SpatializationManager.cpp:1459  Could not load preset file, invalid model/product name!
2026-08-22 18:31:11.162 Df sensemobile[22550:10916] [com.apple.coremedia:player] <<<< FigFilePlayer >>>> fp_buildAudioRenderPipelineForTrack: [0x1080c3600|P/TO] called for <0x10887e000|I/HZN.01>
2026-08-22 18:31:11.162 Df sensemobile[22550:10933] [com.apple.coremedia:player] <<<< FigFilePlayer >>>> fp_buildAudioRenderPipelineForTrack: [0x10886b800|P/WO] called for <0x1080ca400|I/HQE.01>
2026-08-22 18:31:11.162 Df sensemobile[22550:1092a] [com.apple.coremedia:player] <<<< FigFilePlayer >>>> fp_buildAudioRenderPipelineForTrack: [0x10784d000|P/SV] called for <0x10887ea00|I/XAW.01>
2026-08-22 18:31:11.162 Df sensemobile[22550:10937] [com.apple.coremedia:player] <<<< FigFilePlayer >>>> fp_buildAudioRenderPipelineForTrack: [0x10786f400|P/TY] called for <0x1078b0200|I/DDF.01>
2026-08-22 18:31:11.162 Df sensemobile[22550:1092b] [com.apple.coremedia:player] <<<< FigFilePlayer >>>> fp_buildAudioRenderPipelineForTrack: [0x1078a1000|P/HA] called for <0x10887c600|I/KVM.01>
2026-08-22 18:31:11.162 Df sensemobile[22550:108ef] [com.apple.coremedia:player] <<<< FigFilePlayer >>>> fp_buildAudioRenderPipelineForTrack: [0x107899e00|P/CB] called for <0x108095400|I/QNX.01>
2026-08-22 18:31:11.162 Df sensemobile[22550:10919] [com.apple.coremedia:player] <<<< FigFilePlayer >>>> fp_buildAudioRenderPipelineForTrack: [0x108862000|P/FU] called for <0x1080c9800|I/YHA.01>
2026-08-22 18:31:11.162 Df sensemobile[22550:108ed] [com.apple.coremedia:player] <<<< FigFilePlayer >>>> fp_buildAudioRenderPipelineForTrack: [0x1080afe00|P/RS] called for <0x1078b6000|I/QPK.01>
2026-08-22 18:31:11.163 Df sensemobile[22550:10933] [com.apple.coremedia:] <<< FigContentKeySession >>> FigContentKeySessionCreateWithCallbacks: 0x600003b25b20: created new session err:0
2026-08-22 18:31:11.163 Df sensemobile[22550:1092a] [com.apple.coremedia:] <<< FigContentKeySession >>> FigContentKeySessionCreateWithCallbacks: 0x600003b22920: created new session err:0
2026-08-22 18:31:11.163 Df sensemobile[22550:10937] [com.apple.coremedia:] <<< FigContentKeySession >>> FigContentKeySessionCreateWithCallbacks: 0x600003b224c0: created new session err:0
2026-08-22 18:31:11.163 Df sensemobile[22550:10916] [com.apple.coremedia:] <<< FigContentKeySession >>> FigContentKeySessionCreateWithCallbacks: 0x600003b22760: created new session err:0
2026-08-22 18:31:11.163 Df sensemobile[22550:108ed] [com.apple.coremedia:] <<< FigContentKeySession >>> FigContentKeySessionCreateWithCallbacks: 0x600003b223e0: created new session err:0
2026-08-22 18:31:11.163 Df sensemobile[22550:108ef] [com.apple.coremedia:] <<< FigContentKeySession >>> FigContentKeySessionCreateWithCallbacks: 0x600003b22840: created new session err:0
2026-08-22 18:31:11.163 Df sensemobile[22550:10919] [com.apple.coremedia:] <<< FigContentKeySession >>> FigContentKeySessionCreateWithCallbacks: 0x600003b25960: created new session err:0
2026-08-22 18:31:11.163 Df sensemobile[22550:1092b] [com.apple.coremedia:] <<< FigContentKeySession >>> FigContentKeySessionCreateWithCallbacks: 0x600003b255e0: created new session err:0
2026-08-22 18:31:11.163 Df sensemobile[22550:10933] [com.apple.coremedia:player] <<<< FigFilePlayer >>>> itemfig_isAtmosSupported: [0x10886b800] P/WO item [0x1080ca400] I/HQE.01 NO
2026-08-22 18:31:11.163 Df sensemobile[22550:10916] [com.apple.coremedia:player] <<<< FigFilePlayer >>>> itemfig_isAtmosSupported: [0x1080c3600] P/TO item [0x10887e000] I/HZN.01 NO
2026-08-22 18:31:11.163 Df sensemobile[22550:10937] [com.apple.coremedia:player] <<<< FigFilePlayer >>>> itemfig_isAtmosSupported: [0x10786f400] P/TY item [0x1078b0200] I/DDF.01 NO
2026-08-22 18:31:11.163 Df sensemobile[22550:1092a] [com.apple.coremedia:player] <<<< FigFilePlayer >>>> itemfig_isAtmosSupported: [0x10784d000] P/SV item [0x10887ea00] I/XAW.01 NO
2026-08-22 18:31:11.163 Df sensemobile[22550:108ed] [com.apple.coremedia:player] <<<< FigFilePlayer >>>> itemfig_isAtmosSupported: [0x1080afe00] P/RS item [0x1078b6000] I/QPK.01 NO
2026-08-22 18:31:11.163 Df sensemobile[22550:10919] [com.apple.coremedia:player] <<<< FigFilePlayer >>>> itemfig_isAtmosSupported: [0x108862000] P/FU item [0x1080c9800] I/YHA.01 NO
2026-08-22 18:31:11.163 Df sensemobile[22550:108ef] [com.apple.coremedia:player] <<<< FigFilePlayer >>>> itemfig_isAtmosSupported: [0x107899e00] P/CB item [0x108095400] I/QNX.01 NO
2026-08-22 18:31:11.164 Df sensemobile[22550:108ed] [com.apple.coremedia:] <<<< FAQ >>>> subaq_buildCAAudioQueue: [0x106065f70:0x1060662a0] RP/RS.01 Creating AudioQueue with format:'lpcm', framesPerPacket:1, sampleRate:32000, releasePlayResourceForFormatChange:0 notificationToken: 5401c4131
2026-08-22 18:31:11.164 Df sensemobile[22550:10916] [com.apple.coremedia:] <<<< FAQ >>>> subaq_buildCAAudioQueue: [0x1060667c0:0x106066af0] RP/TO.01 Creating AudioQueue with format:'lpcm', framesPerPacket:1, sampleRate:32000, releasePlayResourceForFormatChange:0 notificationToken: 5401c4133
2026-08-22 18:31:11.164 Df sensemobile[22550:10937] [com.apple.coremedia:] <<<< FAQ >>>> subaq_buildCAAudioQueue: [0x10647f6d0:0x10647fa00] RP/TY.01 Creating AudioQueue with format:'lpcm', framesPerPacket:1, sampleRate:32000, releasePlayResourceForFormatChange:0 notificationToken: 5401c4132
2026-08-22 18:31:11.164 Df sensemobile[22550:108ef] [com.apple.coremedia:] <<<< FAQ >>>> subaq_buildCAAudioQueue: [0x10654e460:0x10654e960] RP/CB.01 Creating AudioQueue with format:'lpcm', framesPerPacket:1, sampleRate:32000, releasePlayResourceForFormatChange:0 notificationToken: 5401c4136
2026-08-22 18:31:11.164 Df sensemobile[22550:1092b] [com.apple.coremedia:player] <<<< FigFilePlayer >>>> itemfig_isAtmosSupported: [0x1078a1000] P/HA item [0x10887c600] I/KVM.01 NO
2026-08-22 18:31:11.164 Df sensemobile[22550:10933] [com.apple.coremedia:] <<<< FAQ >>>> subaq_buildCAAudioQueue: [0x10647ef50:0x10647f280] RP/WO.01 Creating AudioQueue with format:'lpcm', framesPerPacket:1, sampleRate:32000, releasePlayResourceForFormatChange:0 notificationToken: 5401c4130
2026-08-22 18:31:11.164 Df sensemobile[22550:1092a] [com.apple.coremedia:] <<<< FAQ >>>> subaq_buildCAAudioQueue: [0x10647ec20:0x106066f40] RP/SV.01 Creating AudioQueue with format:'lpcm', framesPerPacket:1, sampleRate:32000, releasePlayResourceForFormatChange:0 notificationToken: 5401c4135
2026-08-22 18:31:11.164 Df sensemobile[22550:10919] [com.apple.coremedia:] <<<< FAQ >>>> subaq_buildCAAudioQueue: [0x10647e8f0:0x10647fe50] RP/FU.01 Creating AudioQueue with format:'lpcm', framesPerPacket:1, sampleRate:32000, releasePlayResourceForFormatChange:0 notificationToken: 5401c4134
2026-08-22 18:31:11.164 Df sensemobile[22550:1092b] [com.apple.coremedia:] <<<< FAQ >>>> subaq_buildCAAudioQueue: [0x10654ef10:0x10654f240] RP/HA.01 Creating AudioQueue with format:'lpcm', framesPerPacket:1, sampleRate:32000, releasePlayResourceForFormatChange:0 notificationToken: 5401c4137
2026-08-22 18:31:11.166 Df sensemobile[22550:10916] [com.apple.coreaudio:AudioConverter]        ACv2Workarounds.mm:51    com.dogmomhq.sensemobile: fix84702776_86723525_86479548_89800354_SinglePacketDesc: false
2026-08-22 18:31:11.166 Df sensemobile[22550:10916] [com.apple.audio.caulk:alloc] Registered notify signal com.apple.caulk.alloc.audiodump (0)
2026-08-22 18:31:11.167 Df sensemobile[22550:10916] [com.apple.coreaudio:AudioConverter]        AudioConverter.cpp:1067  Created a new in process converter -> 0x600000c9b2d0, from  1 ch,  32000 Hz, Int16 to  1 ch,  32000 Hz, Float32 (actually:  1 ch,  32000 Hz, Float32)
2026-08-22 18:31:11.167 Df sensemobile[22550:10916] [com.apple.coreaudio:AQ]      AudioQueueObject.cpp:487   AudioQueueObject: aq@0x108899600: New output; format  1 ch,  32000 Hz, Int16 (passthrough? no)
2026-08-22 18:31:11.167 Df sensemobile[22550:108ed] [com.apple.coreaudio:AudioConverter]        AudioConverter.cpp:1067  Created a new in process converter -> 0x600000ca14d0, from  1 ch,  32000 Hz, Int16 to  1 ch,  32000 Hz, Float32 (actually:  1 ch,  32000 Hz, Float32)
2026-08-22 18:31:11.167 Df sensemobile[22550:108ed] [com.apple.coreaudio:AQ]      AudioQueueObject.cpp:487   AudioQueueObject: aq@0x1080d8400: New output; format  1 ch,  32000 Hz, Int16 (passthrough? no)
2026-08-22 18:31:11.167 Df sensemobile[22550:108ef] [com.apple.coreaudio:AudioConverter]        AudioConverter.cpp:1067  Created a new in process converter -> 0x600000c9b630, from  1 ch,  32000 Hz, Int16 to  1 ch,  32000 Hz, Float32 (actually:  1 ch,  32000 Hz, Float32)
2026-08-22 18:31:11.167 Df sensemobile[22550:108ef] [com.apple.coreaudio:AQ]      AudioQueueObject.cpp:487   AudioQueueObject: aq@0x10889c400: New output; format  1 ch,  32000 Hz, Int16 (passthrough? no)
2026-08-22 18:31:11.167 Df sensemobile[22550:10933] [com.apple.coreaudio:AudioConverter]        AudioConverter.cpp:1067  Created a new in process converter -> 0x600000c9ac10, from  1 ch,  32000 Hz, Int16 to  1 ch,  32000 Hz, Float32 (actually:  1 ch,  32000 Hz, Float32)
2026-08-22 18:31:11.167 Df sensemobile[22550:10933] [com.apple.coreaudio:AQ]      AudioQueueObject.cpp:487   AudioQueueObject: aq@0x1088b9800: New output; format  1 ch,  32000 Hz, Int16 (passthrough? no)
2026-08-22 18:31:11.167 Df sensemobile[22550:10937] [com.apple.coreaudio:AudioConverter]        AudioConverter.cpp:1067  Created a new in process converter -> 0x600000c9aaf0, from  1 ch,  32000 Hz, Int16 to  1 ch,  32000 Hz, Float32 (actually:  1 ch,  32000 Hz, Float32)
2026-08-22 18:31:11.167 Df sensemobile[22550:10937] [com.apple.coreaudio:AQ]      AudioQueueObject.cpp:487   AudioQueueObject: aq@0x1088ba600: New output; format  1 ch,  32000 Hz, Int16 (passthrough? no)
2026-08-22 18:31:11.167 Df sensemobile[22550:10919] [com.apple.coreaudio:AudioConverter]        AudioConverter.cpp:1067  Created a new in process converter -> 0x600000c9d740, from  1 ch,  32000 Hz, Int16 to  1 ch,  32000 Hz, Float32 (actually:  1 ch,  32000 Hz, Float32)
2026-08-22 18:31:11.167 Df sensemobile[22550:10919] [com.apple.coreaudio:AQ]      AudioQueueObject.cpp:487   AudioQueueObject: aq@0x1078e0200: New output; format  1 ch,  32000 Hz, Int16 (passthrough? no)
2026-08-22 18:31:11.168 Df sensemobile[22550:1092b] [com.apple.coreaudio:AudioConverter]        AudioConverter.cpp:1067  Created a new in process converter -> 0x600000c9b660, from  1 ch,  32000 Hz, Int16 to  1 ch,  32000 Hz, Float32 (actually:  1 ch,  32000 Hz, Float32)
2026-08-22 18:31:11.168 Df sensemobile[22550:1092b] [com.apple.coreaudio:AQ]      AudioQueueObject.cpp:487   AudioQueueObject: aq@0x1088bb400: New output; format  1 ch,  32000 Hz, Int16 (passthrough? no)
2026-08-22 18:31:11.168 Df sensemobile[22550:1092a] [com.apple.coreaudio:AudioConverter]        AudioConverter.cpp:1067  Created a new in process converter -> 0x600000c9b5d0, from  1 ch,  32000 Hz, Int16 to  1 ch,  32000 Hz, Float32 (actually:  1 ch,  32000 Hz, Float32)
2026-08-22 18:31:11.168 Df sensemobile[22550:1092a] [com.apple.coreaudio:AQ]      AudioQueueObject.cpp:487   AudioQueueObject: aq@0x1088bc200: New output; format  1 ch,  32000 Hz, Int16 (passthrough? no)
2026-08-22 18:31:11.173 Df sensemobile[22550:10857] [com.apple.network:connection] [C5.1.1.2 IPv4#4e2dbb6f:443 in_progress socket-flow (satisfied (Path is satisfied), interface: en0)] event: flow:start_connect @0.199s
2026-08-22 18:31:11.197 Df sensemobile[22550:10847] [com.apple.coreaudio:ddagg]        AggregateDevice.mm:887   Creating DefaultDeviceAggregate
2026-08-22 18:31:11.197 Df sensemobile[22550:10848] [com.apple.coreaudio:as_client] AVAudioSessionImpl_Simulator.mm:111   Set volume on device 81 to 0.60
2026-08-22 18:31:11.198 Df sensemobile[22550:10848] [com.apple.coreaudio:as_client] AVAudioSessionImpl_Simulator.mm:111   Set volume on device 81 to 0.60
2026-08-22 18:31:11.216 Df sensemobile[22550:10847] [com.apple.coreaudio:ddagg]        AggregateDevice.mm:688   Built valid aggregate 110
2026-08-22 18:31:11.217 Df sensemobile[22550:10847] [com.apple.coreaudio:aqme]           AQMixEngine.cpp:733   AQMEDevice (0x10647e148) has neither a defaultOutStreamClient nor a defaultInStreamClient
2026-08-22 18:31:11.218 A  sensemobile[22550:10848] (libsystem_trace.dylib) Activity for state dumps
2026-08-22 18:31:11.218 F  sensemobile[22550:10848] (libGSFont.dylib) GSFont: "Inter-Medium" already exists.
2026-08-22 18:31:11.219 Df sensemobile[22550:10916] [com.apple.coreaudio:EnhanceDialogueProcessor] EnhanceDialogueProcessor.cpp:226   EnhanceDialogueProcessor() - Product does not support Enhance Dialogue
2026-08-22 18:31:11.220 Df sensemobile[22550:10916] [com.apple.coreaudio:EnhanceDialogueProcessor] EnhanceDialogueProcessor.cpp:226   EnhanceDialogueProcessor() - Product does not support Enhance Dialogue
2026-08-22 18:31:11.220 Df sensemobile[22550:10916] [com.apple.coreaudio:AudioConverter]        AudioConverter.cpp:1067  Created a new in process converter -> 0x600000ca1f20, from  2 ch,  48000 Hz, Float32, deinterleaved to  2 ch,  48000 Hz, Float32, interleaved
2026-08-22 18:31:11.221 Df sensemobile[22550:10916] [com.apple.coreaudio:aqme]              AQIONode.cpp:693   client <AudioQueueObject@0x108899600; ; [22550]; play> is NOT Now Playing eligible
2026-08-22 18:31:11.221 Df sensemobile[22550:10916] [com.apple.coreaudio:AQ]      AudioQueueObject.cpp:3236  CheckSpatialization: aq@0x108899600 automatic spatialization check: spatialize=0
2026-08-22 18:31:11.221 Df sensemobile[22550:10916] [com.apple.coreaudio:AQ]      AudioQueueObject.cpp:3249  CheckSpatialization: aq@0x108899600 CheckSpatialization mAutomaticSpatialization=1, mSpatializationEnabled=0 mContentRequiresAUSpatialMixer=0 mHasMetadata=0 mIsOffline=0 STSLabel valid:0 is stereo: 0
2026-08-22 18:31:11.222 Df sensemobile[22550:10916] [com.apple.coreaudio:aqme]        MEMixerChannel.cpp:1223  AQ Time-stretcher: ionc@0x108899600 Enabled the time-stretcher as (nutp)
2026-08-22 18:31:11.223 Df sensemobile[22550:10916] [com.apple.coreaudio:aqme]        MEMixerChannel.cpp:2362  MEMixerChannel:: Successfully set kAudioUnitProperty_ChannelLayout on the 1 channel time-stretching unit.
2026-08-22 18:31:11.223 Df sensemobile[22550:10916] [com.apple.coreaudio:aqme]        MEMixerChannel.cpp:2362  MEMixerChannel:: Successfully set kAudioUnitProperty_ChannelLayout on the 1 channel time-stretching unit.
2026-08-22 18:31:11.223 Df sensemobile[22550:10937] [com.apple.coreaudio:aqme]              AQIONode.cpp:693   client <AudioQueueObject@0x1088ba600; ; [22550]; play> is NOT Now Playing eligible
2026-08-22 18:31:11.223 Df sensemobile[22550:10937] [com.apple.coreaudio:AQ]      AudioQueueObject.cpp:3236  CheckSpatialization: aq@0x1088ba600 automatic spatialization check: spatialize=0
2026-08-22 18:31:11.223 Df sensemobile[22550:10937] [com.apple.coreaudio:AQ]      AudioQueueObject.cpp:3249  CheckSpatialization: aq@0x1088ba600 CheckSpatialization mAutomaticSpatialization=1, mSpatializationEnabled=0 mContentRequiresAUSpatialMixer=0 mHasMetadata=0 mIsOffline=0 STSLabel valid:0 is stereo: 0
2026-08-22 18:31:11.223 Df sensemobile[22550:10937] [com.apple.coreaudio:aqme]        MEMixerChannel.cpp:1223  AQ Time-stretcher: ionc@0x1088ba600 Enabled the time-stretcher as (nutp)
2026-08-22 18:31:11.223 Df sensemobile[22550:10937] [com.apple.coreaudio:aqme]        MEMixerChannel.cpp:2362  MEMixerChannel:: Successfully set kAudioUnitProperty_ChannelLayout on the 1 channel time-stretching unit.
2026-08-22 18:31:11.223 Df sensemobile[22550:10937] [com.apple.coreaudio:aqme]        MEMixerChannel.cpp:2362  MEMixerChannel:: Successfully set kAudioUnitProperty_ChannelLayout on the 1 channel time-stretching unit.
2026-08-22 18:31:11.224 Df sensemobile[22550:108ef] [com.apple.coreaudio:aqme]              AQIONode.cpp:693   client <AudioQueueObject@0x10889c400; ; [22550]; play> is NOT Now Playing eligible
2026-08-22 18:31:11.224 Df sensemobile[22550:108ef] [com.apple.coreaudio:AQ]      AudioQueueObject.cpp:3236  CheckSpatialization: aq@0x10889c400 automatic spatialization check: spatialize=0
2026-08-22 18:31:11.224 Df sensemobile[22550:108ef] [com.apple.coreaudio:AQ]      AudioQueueObject.cpp:3249  CheckSpatialization: aq@0x10889c400 CheckSpatialization mAutomaticSpatialization=1, mSpatializationEnabled=0 mContentRequiresAUSpatialMixer=0 mHasMetadata=0 mIsOffline=0 STSLabel valid:0 is stereo: 0
2026-08-22 18:31:11.224 Df sensemobile[22550:108ef] [com.apple.coreaudio:aqme]        MEMixerChannel.cpp:1223  AQ Time-stretcher: ionc@0x10889c400 Enabled the time-stretcher as (nutp)
2026-08-22 18:31:11.224 Df sensemobile[22550:108ef] [com.apple.coreaudio:aqme]        MEMixerChannel.cpp:2362  MEMixerChannel:: Successfully set kAudioUnitProperty_ChannelLayout on the 1 channel time-stretching unit.
2026-08-22 18:31:11.224 Df sensemobile[22550:108ef] [com.apple.coreaudio:aqme]        MEMixerChannel.cpp:2362  MEMixerChannel:: Successfully set kAudioUnitProperty_ChannelLayout on the 1 channel time-stretching unit.
2026-08-22 18:31:11.224 Df sensemobile[22550:10933] [com.apple.coreaudio:aqme]              AQIONode.cpp:693   client <AudioQueueObject@0x1088b9800; ; [22550]; play> is NOT Now Playing eligible
2026-08-22 18:31:11.224 Df sensemobile[22550:10933] [com.apple.coreaudio:AQ]      AudioQueueObject.cpp:3236  CheckSpatialization: aq@0x1088b9800 automatic spatialization check: spatialize=0
2026-08-22 18:31:11.224 Df sensemobile[22550:10933] [com.apple.coreaudio:AQ]      AudioQueueObject.cpp:3249  CheckSpatialization: aq@0x1088b9800 CheckSpatialization mAutomaticSpatialization=1, mSpatializationEnabled=0 mContentRequiresAUSpatialMixer=0 mHasMetadata=0 mIsOffline=0 STSLabel valid:0 is stereo: 0
2026-08-22 18:31:11.224 Df sensemobile[22550:10933] [com.apple.coreaudio:aqme]        MEMixerChannel.cpp:1223  AQ Time-stretcher: ionc@0x1088b9800 Enabled the time-stretcher as (nutp)
2026-08-22 18:31:11.224 Df sensemobile[22550:10933] [com.apple.coreaudio:aqme]        MEMixerChannel.cpp:2362  MEMixerChannel:: Successfully set kAudioUnitProperty_ChannelLayout on the 1 channel time-stretching unit.
2026-08-22 18:31:11.225 Df sensemobile[22550:10933] [com.apple.coreaudio:aqme]        MEMixerChannel.cpp:2362  MEMixerChannel:: Successfully set kAudioUnitProperty_ChannelLayout on the 1 channel time-stretching unit.
2026-08-22 18:31:11.225 Df sensemobile[22550:108ed] [com.apple.coreaudio:aqme]              AQIONode.cpp:693   client <AudioQueueObject@0x1080d8400; ; [22550]; play> is NOT Now Playing eligible
2026-08-22 18:31:11.225 Df sensemobile[22550:108ed] [com.apple.coreaudio:AQ]      AudioQueueObject.cpp:3236  CheckSpatialization: aq@0x1080d8400 automatic spatialization check: spatialize=0
2026-08-22 18:31:11.225 Df sensemobile[22550:108ed] [com.apple.coreaudio:AQ]      AudioQueueObject.cpp:3249  CheckSpatialization: aq@0x1080d8400 CheckSpatialization mAutomaticSpatialization=1, mSpatializationEnabled=0 mContentRequiresAUSpatialMixer=0 mHasMetadata=0 mIsOffline=0 STSLabel valid:0 is stereo: 0
2026-08-22 18:31:11.225 Df sensemobile[22550:108ed] [com.apple.coreaudio:aqme]        MEMixerChannel.cpp:1223  AQ Time-stretcher: ionc@0x1080d8400 Enabled the time-stretcher as (nutp)
2026-08-22 18:31:11.225 Df sensemobile[22550:108ed] [com.apple.coreaudio:aqme]        MEMixerChannel.cpp:2362  MEMixerChannel:: Successfully set kAudioUnitProperty_ChannelLayout on the 1 channel time-stretching unit.
2026-08-22 18:31:11.225 Df sensemobile[22550:108ed] [com.apple.coreaudio:aqme]        MEMixerChannel.cpp:2362  MEMixerChannel:: Successfully set kAudioUnitProperty_ChannelLayout on the 1 channel time-stretching unit.
2026-08-22 18:31:11.225 Df sensemobile[22550:10919] [com.apple.coreaudio:aqme]              AQIONode.cpp:693   client <AudioQueueObject@0x1078e0200; ; [22550]; play> is NOT Now Playing eligible
2026-08-22 18:31:11.226 Df sensemobile[22550:10919] [com.apple.coreaudio:AQ]      AudioQueueObject.cpp:3236  CheckSpatialization: aq@0x1078e0200 automatic spatialization check: spatialize=0
2026-08-22 18:31:11.226 Df sensemobile[22550:10919] [com.apple.coreaudio:AQ]      AudioQueueObject.cpp:3249  CheckSpatialization: aq@0x1078e0200 CheckSpatialization mAutomaticSpatialization=1, mSpatializationEnabled=0 mContentRequiresAUSpatialMixer=0 mHasMetadata=0 mIsOffline=0 STSLabel valid:0 is stereo: 0
2026-08-22 18:31:11.226 Df sensemobile[22550:10919] [com.apple.coreaudio:aqme]        MEMixerChannel.cpp:1223  AQ Time-stretcher: ionc@0x1078e0200 Enabled the time-stretcher as (nutp)
2026-08-22 18:31:11.226 Df sensemobile[22550:10919] [com.apple.coreaudio:aqme]        MEMixerChannel.cpp:2362  MEMixerChannel:: Successfully set kAudioUnitProperty_ChannelLayout on the 1 channel time-stretching unit.
2026-08-22 18:31:11.226 Df sensemobile[22550:10919] [com.apple.coreaudio:aqme]        MEMixerChannel.cpp:2362  MEMixerChannel:: Successfully set kAudioUnitProperty_ChannelLayout on the 1 channel time-stretching unit.
2026-08-22 18:31:11.226 Df sensemobile[22550:1092b] [com.apple.coreaudio:aqme]              AQIONode.cpp:693   client <AudioQueueObject@0x1088bb400; ; [22550]; play> is NOT Now Playing eligible
2026-08-22 18:31:11.226 Df sensemobile[22550:1092b] [com.apple.coreaudio:AQ]      AudioQueueObject.cpp:3236  CheckSpatialization: aq@0x1088bb400 automatic spatialization check: spatialize=0
2026-08-22 18:31:11.226 Df sensemobile[22550:1092b] [com.apple.coreaudio:AQ]      AudioQueueObject.cpp:3249  CheckSpatialization: aq@0x1088bb400 CheckSpatialization mAutomaticSpatialization=1, mSpatializationEnabled=0 mContentRequiresAUSpatialMixer=0 mHasMetadata=0 mIsOffline=0 STSLabel valid:0 is stereo: 0
2026-08-22 18:31:11.226 Df sensemobile[22550:1092b] [com.apple.coreaudio:aqme]        MEMixerChannel.cpp:1223  AQ Time-stretcher: ionc@0x1088bb400 Enabled the time-stretcher as (nutp)
2026-08-22 18:31:11.226 Df sensemobile[22550:1092b] [com.apple.coreaudio:aqme]        MEMixerChannel.cpp:2362  MEMixerChannel:: Successfully set kAudioUnitProperty_ChannelLayout on the 1 channel time-stretching unit.
2026-08-22 18:31:11.226 Df sensemobile[22550:1092b] [com.apple.coreaudio:aqme]        MEMixerChannel.cpp:2362  MEMixerChannel:: Successfully set kAudioUnitProperty_ChannelLayout on the 1 channel time-stretching unit.
2026-08-22 18:31:11.227 Df sensemobile[22550:1092a] [com.apple.coreaudio:aqme]              AQIONode.cpp:693   client <AudioQueueObject@0x1088bc200; ; [22550]; play> is NOT Now Playing eligible
2026-08-22 18:31:11.227 Df sensemobile[22550:1092a] [com.apple.coreaudio:AQ]      AudioQueueObject.cpp:3236  CheckSpatialization: aq@0x1088bc200 automatic spatialization check: spatialize=0
2026-08-22 18:31:11.227 Df sensemobile[22550:1092a] [com.apple.coreaudio:AQ]      AudioQueueObject.cpp:3249  CheckSpatialization: aq@0x1088bc200 CheckSpatialization mAutomaticSpatialization=1, mSpatializationEnabled=0 mContentRequiresAUSpatialMixer=0 mHasMetadata=0 mIsOffline=0 STSLabel valid:0 is stereo: 0
2026-08-22 18:31:11.227 Df sensemobile[22550:1092a] [com.apple.coreaudio:aqme]        MEMixerChannel.cpp:1223  AQ Time-stretcher: ionc@0x1088bc200 Enabled the time-stretcher as (nutp)
2026-08-22 18:31:11.227 Df sensemobile[22550:1092a] [com.apple.coreaudio:aqme]        MEMixerChannel.cpp:2362  MEMixerChannel:: Successfully set kAudioUnitProperty_ChannelLayout on the 1 channel time-stretching unit.
2026-08-22 18:31:11.227 Df sensemobile[22550:1092a] [com.apple.coreaudio:aqme]        MEMixerChannel.cpp:2362  MEMixerChannel:: Successfully set kAudioUnitProperty_ChannelLayout on the 1 channel time-stretching unit.
2026-08-22 18:31:11.227 Df sensemobile[22550:10916] [com.apple.coreaudio:AQ]      AudioQueueObject.cpp:5174  SetProperty: AQ Time-stretcher: ionc@0x10647e0f0 TimePitchProperty set qtpa: 1953064047
2026-08-22 18:31:11.227 A  sensemobile[22550:10848] (libsystem_trace.dylib) Activity for state dumps
2026-08-22 18:31:11.227 Df sensemobile[22550:10916] [com.apple.coreaudio:aqme]        MEMixerChannel.cpp:1223  AQ Time-stretcher: ionc@0x108899600 Enabled the time-stretcher as (ipto)
2026-08-22 18:31:11.227 Df sensemobile[22550:10937] [com.apple.coreaudio:AQ]      AudioQueueObject.cpp:5174  SetProperty: AQ Time-stretcher: ionc@0x10647e0f0 TimePitchProperty set qtpa: 1953064047
2026-08-22 18:31:11.227 Df sensemobile[22550:10937] [com.apple.coreaudio:aqme]        MEMixerChannel.cpp:1223  AQ Time-stretcher: ionc@0x1088ba600 Enabled the time-stretcher as (ipto)
2026-08-22 18:31:11.227 Df sensemobile[22550:108ef] [com.apple.coreaudio:AQ]      AudioQueueObject.cpp:5174  SetProperty: AQ Time-stretcher: ionc@0x10647e0f0 TimePitchProperty set qtpa: 1953064047
2026-08-22 18:31:11.227 Df sensemobile[22550:108ef] [com.apple.coreaudio:aqme]        MEMixerChannel.cpp:1223  AQ Time-stretcher: ionc@0x10889c400 Enabled the time-stretcher as (ipto)
2026-08-22 18:31:11.227 Df sensemobile[22550:10933] [com.apple.coreaudio:AQ]      AudioQueueObject.cpp:5174  SetProperty: AQ Time-stretcher: ionc@0x10647e0f0 TimePitchProperty set qtpa: 1953064047
2026-08-22 18:31:11.227 Df sensemobile[22550:10933] [com.apple.coreaudio:aqme]        MEMixerChannel.cpp:1223  AQ Time-stretcher: ionc@0x1088b9800 Enabled the time-stretcher as (ipto)
2026-08-22 18:31:11.227 Df sensemobile[22550:108ed] [com.apple.coreaudio:AQ]      AudioQueueObject.cpp:5174  SetProperty: AQ Time-stretcher: ionc@0x10647e0f0 TimePitchProperty set qtpa: 1953064047
2026-08-22 18:31:11.227 Df sensemobile[22550:108ed] [com.apple.coreaudio:aqme]        MEMixerChannel.cpp:1223  AQ Time-stretcher: ionc@0x1080d8400 Enabled the time-stretcher as (ipto)
2026-08-22 18:31:11.227 Df sensemobile[22550:10919] [com.apple.coreaudio:AQ]      AudioQueueObject.cpp:5174  SetProperty: AQ Time-stretcher: ionc@0x10647e0f0 TimePitchProperty set qtpa: 1953064047
2026-08-22 18:31:11.227 Df sensemobile[22550:10919] [com.apple.coreaudio:aqme]        MEMixerChannel.cpp:1223  AQ Time-stretcher: ionc@0x1078e0200 Enabled the time-stretcher as (ipto)
2026-08-22 18:31:11.228 Df sensemobile[22550:1092b] [com.apple.coreaudio:AQ]      AudioQueueObject.cpp:5174  SetProperty: AQ Time-stretcher: ionc@0x10647e0f0 TimePitchProperty set qtpa: 1953064047
2026-08-22 18:31:11.228 Df sensemobile[22550:1092b] [com.apple.coreaudio:aqme]        MEMixerChannel.cpp:1223  AQ Time-stretcher: ionc@0x1088bb400 Enabled the time-stretcher as (ipto)
2026-08-22 18:31:11.228 Df sensemobile[22550:1092a] [com.apple.coreaudio:AQ]      AudioQueueObject.cpp:5174  SetProperty: AQ Time-stretcher: ionc@0x10647e0f0 TimePitchProperty set qtpa: 1953064047
2026-08-22 18:31:11.228 Df sensemobile[22550:1092a] [com.apple.coreaudio:aqme]        MEMixerChannel.cpp:1223  AQ Time-stretcher: ionc@0x1088bc200 Enabled the time-stretcher as (ipto)
2026-08-22 18:31:11.228 Df sensemobile[22550:10916] [com.apple.coreaudio:AQ]      AudioQueueObject.cpp:5174  SetProperty: AQ Time-stretcher: ionc@0x10647e0f0 TimePitchProperty set qtpb: 0
2026-08-22 18:31:11.228 Df sensemobile[22550:10937] [com.apple.coreaudio:AQ]      AudioQueueObject.cpp:5174  SetProperty: AQ Time-stretcher: ionc@0x10647e0f0 TimePitchProperty set qtpb: 0
2026-08-22 18:31:11.228 Df sensemobile[22550:108ef] [com.apple.coreaudio:AQ]      AudioQueueObject.cpp:5174  SetProperty: AQ Time-stretcher: ionc@0x10647e0f0 TimePitchProperty set qtpb: 0
2026-08-22 18:31:11.228 Df sensemobile[22550:10933] [com.apple.coreaudio:AQ]      AudioQueueObject.cpp:5174  SetProperty: AQ Time-stretcher: ionc@0x10647e0f0 TimePitchProperty set qtpb: 0
2026-08-22 18:31:11.228 Df sensemobile[22550:108ed] [com.apple.coreaudio:AQ]      AudioQueueObject.cpp:5174  SetProperty: AQ Time-stretcher: ionc@0x10647e0f0 TimePitchProperty set qtpb: 0
2026-08-22 18:31:11.228 Df sensemobile[22550:10919] [com.apple.coreaudio:AQ]      AudioQueueObject.cpp:5174  SetProperty: AQ Time-stretcher: ionc@0x10647e0f0 TimePitchProperty set qtpb: 0
2026-08-22 18:31:11.228 Df sensemobile[22550:1092b] [com.apple.coreaudio:AQ]      AudioQueueObject.cpp:5174  SetProperty: AQ Time-stretcher: ionc@0x10647e0f0 TimePitchProperty set qtpb: 0
2026-08-22 18:31:11.228 Df sensemobile[22550:1092a] [com.apple.coreaudio:AQ]      AudioQueueObject.cpp:5174  SetProperty: AQ Time-stretcher: ionc@0x10647e0f0 TimePitchProperty set qtpb: 0
2026-08-22 18:31:11.228 Df sensemobile[22550:10916] [com.apple.coreaudio:AQ]      AudioQueueObject.cpp:5077  SetProperty: aq@0x108899600: spatialization disabled, client-controlled. Format  1 ch,  32000 Hz, Int16
2026-08-22 18:31:11.228 Df sensemobile[22550:10937] [com.apple.coreaudio:AQ]      AudioQueueObject.cpp:5077  SetProperty: aq@0x1088ba600: spatialization disabled, client-controlled. Format  1 ch,  32000 Hz, Int16
2026-08-22 18:31:11.228 Df sensemobile[22550:108ef] [com.apple.coreaudio:AQ]      AudioQueueObject.cpp:5077  SetProperty: aq@0x10889c400: spatialization disabled, client-controlled. Format  1 ch,  32000 Hz, Int16
2026-08-22 18:31:11.228 Df sensemobile[22550:10933] [com.apple.coreaudio:AQ]      AudioQueueObject.cpp:5077  SetProperty: aq@0x1088b9800: spatialization disabled, client-controlled. Format  1 ch,  32000 Hz, Int16
2026-08-22 18:31:11.228 Df sensemobile[22550:108ed] [com.apple.coreaudio:AQ]      AudioQueueObject.cpp:5077  SetProperty: aq@0x1080d8400: spatialization disabled, client-controlled. Format  1 ch,  32000 Hz, Int16
2026-08-22 18:31:11.228 Df sensemobile[22550:10919] [com.apple.coreaudio:AQ]      AudioQueueObject.cpp:5077  SetProperty: aq@0x1078e0200: spatialization disabled, client-controlled. Format  1 ch,  32000 Hz, Int16
2026-08-22 18:31:11.229 Df sensemobile[22550:1092b] [com.apple.coreaudio:AQ]      AudioQueueObject.cpp:5077  SetProperty: aq@0x1088bb400: spatialization disabled, client-controlled. Format  1 ch,  32000 Hz, Int16
2026-08-22 18:31:11.229 Df sensemobile[22550:1092a] [com.apple.coreaudio:AQ]      AudioQueueObject.cpp:5077  SetProperty: aq@0x1088bc200: spatialization disabled, client-controlled. Format  1 ch,  32000 Hz, Int16
2026-08-22 18:31:11.229 Df sensemobile[22550:10916] [com.apple.coreaudio:AQ]      AudioQueueObject.cpp:10012 SetLoudnessFromLM: -> aq@0x108899600:
2026-08-22 18:31:11.227 F  sensemobile[22550:10848] (libGSFont.dylib) GSFont: "Inter-SemiBold" already exists.
2026-08-22 18:31:11.229 Df sensemobile[22550:10916] [com.apple.coreaudio:AQ]      AudioQueueObject.cpp:10122 SetLoudnessFromLM: is CoreAudioServices/LoudnessManager enabled? yes
2026-08-22 18:31:11.229 Df sensemobile[22550:10916] [com.apple.coreaudio:AQ]      AudioQueueObject.cpp:10125 SetLoudnessFromLM: is CoreAudioServices/LoudnessManagerV2 enabled? yes
2026-08-22 18:31:11.229 Df sensemobile[22550:10916] [com.apple.coreaudio:AQ]      AudioQueueObject.cpp:10128 SetLoudnessFromLM: is CoreAudioServices/lm-disable-hardware-check on? no
2026-08-22 18:31:11.230 E  sensemobile[22550:10916] [com.apple.coreaudio:AQ]        LoudnessManager.mm:1755  ReadPListFile: unable to open stream for LoudnessManager plist
2026-08-22 18:31:11.230 E  sensemobile[22550:10916] [com.apple.coreaudio:AQ]        LoudnessManager.mm:1261  GetHardwarePlatformKey: cannot get acoustic ID
2026-08-22 18:31:11.230 Df sensemobile[22550:10916] [com.apple.coreaudio:AQ]        LoudnessManager.mm:1387  GetHardwarePlatformKey: GetHardwarePlatformKey(): hardware platform key is iPhone
2026-08-22 18:31:11.230 E  sensemobile[22550:10916] [com.apple.coreaudio:AQ]        LoudnessManager.mm:1215  IsHardwareSupported: no plist loaded, returning false
2026-08-22 18:31:11.230 Df sensemobile[22550:10916] [com.apple.coreaudio:AQ]      AudioQueueObject.cpp:10131 SetLoudnessFromLM: is hardware supported? no
2026-08-22 18:31:11.230 E  sensemobile[22550:10916] [com.apple.coreaudio:AQ]        LoudnessManager.mm:1215  IsHardwareSupported: no plist loaded, returning false
2026-08-22 18:31:11.230 Df sensemobile[22550:10916] [com.apple.coreaudio:AQ]      AudioQueueObject.cpp:10141 SetLoudnessFromLM: hardware not supported, Loudness Manager disabled
2026-08-22 18:31:11.230 Df sensemobile[22550:10916] [com.apple.coreaudio:AudioConverter]        AudioConverter.cpp:1067  Created a new in process converter -> 0x600000ca24c0, from  1 ch,  32000 Hz, Int16 to  1 ch,  32000 Hz, Float32 (actually:  1 ch,  32000 Hz, Float32)
2026-08-22 18:31:11.230 Df sensemobile[22550:10937] [com.apple.coreaudio:AQ]      AudioQueueObject.cpp:10012 SetLoudnessFromLM: -> aq@0x1088ba600:
2026-08-22 18:31:11.230 Df sensemobile[22550:10937] [com.apple.coreaudio:AQ]      AudioQueueObject.cpp:10122 SetLoudnessFromLM: is CoreAudioServices/LoudnessManager enabled? yes
2026-08-22 18:31:11.230 Df sensemobile[22550:10937] [com.apple.coreaudio:AQ]      AudioQueueObject.cpp:10125 SetLoudnessFromLM: is CoreAudioServices/LoudnessManagerV2 enabled? yes
2026-08-22 18:31:11.230 Df sensemobile[22550:10937] [com.apple.coreaudio:AQ]      AudioQueueObject.cpp:10128 SetLoudnessFromLM: is CoreAudioServices/lm-disable-hardware-check on? no
2026-08-22 18:31:11.230 E  sensemobile[22550:10937] [com.apple.coreaudio:AQ]        LoudnessManager.mm:1215  IsHardwareSupported: no plist loaded, returning false
2026-08-22 18:31:11.230 Df sensemobile[22550:10937] [com.apple.coreaudio:AQ]      AudioQueueObject.cpp:10131 SetLoudnessFromLM: is hardware supported? no
2026-08-22 18:31:11.230 E  sensemobile[22550:10937] [com.apple.coreaudio:AQ]        LoudnessManager.mm:1215  IsHardwareSupported: no plist loaded, returning false
2026-08-22 18:31:11.230 Df sensemobile[22550:10937] [com.apple.coreaudio:AQ]      AudioQueueObject.cpp:10141 SetLoudnessFromLM: hardware not supported, Loudness Manager disabled
2026-08-22 18:31:11.230 A  sensemobile[22550:10848] (libsystem_trace.dylib) Activity for state dumps
2026-08-22 18:31:11.230 Df sensemobile[22550:10937] [com.apple.coreaudio:AudioConverter]        AudioConverter.cpp:1067  Created a new in process converter -> 0x600000ca2490, from  1 ch,  32000 Hz, Int16 to  1 ch,  32000 Hz, Float32 (actually:  1 ch,  32000 Hz, Float32)
2026-08-22 18:31:11.231 Df sensemobile[22550:108ef] [com.apple.coreaudio:AQ]      AudioQueueObject.cpp:10012 SetLoudnessFromLM: -> aq@0x10889c400:
2026-08-22 18:31:11.231 Df sensemobile[22550:108ef] [com.apple.coreaudio:AQ]      AudioQueueObject.cpp:10122 SetLoudnessFromLM: is CoreAudioServices/LoudnessManager enabled? yes
2026-08-22 18:31:11.231 Df sensemobile[22550:108ef] [com.apple.coreaudio:AQ]      AudioQueueObject.cpp:10125 SetLoudnessFromLM: is CoreAudioServices/LoudnessManagerV2 enabled? yes
2026-08-22 18:31:11.231 Df sensemobile[22550:108ef] [com.apple.coreaudio:AQ]      AudioQueueObject.cpp:10128 SetLoudnessFromLM: is CoreAudioServices/lm-disable-hardware-check on? no
2026-08-22 18:31:11.231 E  sensemobile[22550:108ef] [com.apple.coreaudio:AQ]        LoudnessManager.mm:1215  IsHardwareSupported: no plist loaded, returning false
2026-08-22 18:31:11.231 Df sensemobile[22550:108ef] [com.apple.coreaudio:AQ]      AudioQueueObject.cpp:10131 SetLoudnessFromLM: is hardware supported? no
2026-08-22 18:31:11.231 E  sensemobile[22550:108ef] [com.apple.coreaudio:AQ]        LoudnessManager.mm:1215  IsHardwareSupported: no plist loaded, returning false
2026-08-22 18:31:11.231 Df sensemobile[22550:108ef] [com.apple.coreaudio:AQ]      AudioQueueObject.cpp:10141 SetLoudnessFromLM: hardware not supported, Loudness Manager disabled
2026-08-22 18:31:11.230 F  sensemobile[22550:10848] (libGSFont.dylib) GSFont: "Inter-Bold" already exists.
2026-08-22 18:31:11.231 Df sensemobile[22550:108dd] [com.apple.coreaudio:aqme]        MEMixerChannel.cpp:3254  2-channel audiovisual content is NOT eligible for spatialization
2026-08-22 18:31:11.231 Df sensemobile[22550:108dd] [com.apple.coreaudio:aqme]  MEDeviceStreamClient.cpp:245   AQME Default-InputOutput: client starting: <CA_UISoundClientBase@0x10647ddc0>; running count now 1
2026-08-22 18:31:11.231 Df sensemobile[22550:108dd] [com.apple.coreaudio:aqme]            AQMEIO_HAL.cpp:2849  FetchAndLogFrameSize starting IO deviceID=110, frame size is 512
2026-08-22 18:31:11.235 A  sensemobile[22550:10848] (libsystem_trace.dylib) Activity for state dumps
2026-08-22 18:31:11.234 F  sensemobile[22550:10848] (libGSFont.dylib) GSFont: "Inter-ExtraBold" already exists.
2026-08-22 18:31:11.242 A  sensemobile[22550:10848] (libsystem_trace.dylib) Activity for state dumps
2026-08-22 18:31:11.242 F  sensemobile[22550:10848] (libGSFont.dylib) GSFont: "Inter-Black" already exists.
2026-08-22 18:31:11.248 A  sensemobile[22550:10848] (libsystem_trace.dylib) Activity for state dumps
2026-08-22 18:31:11.249 Df sensemobile[22550:108dd] [com.apple.coreaudio:aqme]            AQMEIO_HAL.cpp:2818  aqmeio@0x1078b9a18, device 110 (iOSSimulatorAudioDevice-22550-0), AudioDeviceStart (err 0)
2026-08-22 18:31:11.248 F  sensemobile[22550:10848] (libGSFont.dylib) GSFont: "Inter-Regular" already exists.
2026-08-22 18:31:11.261 Df sensemobile[22550:108ef] [com.apple.coreaudio:AudioConverter]        AudioConverter.cpp:1067  Created a new in process converter -> 0x600000c73180, from  1 ch,  32000 Hz, Int16 to  1 ch,  32000 Hz, Float32 (actually:  1 ch,  32000 Hz, Float32)
2026-08-22 18:31:11.262 Df sensemobile[22550:10933] [com.apple.coreaudio:AQ]      AudioQueueObject.cpp:10012 SetLoudnessFromLM: -> aq@0x1088b9800:
2026-08-22 18:31:11.262 Df sensemobile[22550:10933] [com.apple.coreaudio:AQ]      AudioQueueObject.cpp:10122 SetLoudnessFromLM: is CoreAudioServices/LoudnessManager enabled? yes
2026-08-22 18:31:11.262 Df sensemobile[22550:10933] [com.apple.coreaudio:AQ]      AudioQueueObject.cpp:10125 SetLoudnessFromLM: is CoreAudioServices/LoudnessManagerV2 enabled? yes
2026-08-22 18:31:11.263 Df sensemobile[22550:10933] [com.apple.coreaudio:AQ]      AudioQueueObject.cpp:10128 SetLoudnessFromLM: is CoreAudioServices/lm-disable-hardware-check on? no
2026-08-22 18:31:11.263 E  sensemobile[22550:10933] [com.apple.coreaudio:AQ]        LoudnessManager.mm:1215  IsHardwareSupported: no plist loaded, returning false
2026-08-22 18:31:11.263 Df sensemobile[22550:10933] [com.apple.coreaudio:AQ]      AudioQueueObject.cpp:10131 SetLoudnessFromLM: is hardware supported? no
2026-08-22 18:31:11.264 E  sensemobile[22550:10933] [com.apple.coreaudio:AQ]        LoudnessManager.mm:1215  IsHardwareSupported: no plist loaded, returning false
2026-08-22 18:31:11.264 Df sensemobile[22550:10933] [com.apple.coreaudio:AQ]      AudioQueueObject.cpp:10141 SetLoudnessFromLM: hardware not supported, Loudness Manager disabled
2026-08-22 18:31:11.265 Df sensemobile[22550:10933] [com.apple.coreaudio:AudioConverter]        AudioConverter.cpp:1067  Created a new in process converter -> 0x600000ca6130, from  1 ch,  32000 Hz, Int16 to  1 ch,  32000 Hz, Float32 (actually:  1 ch,  32000 Hz, Float32)
2026-08-22 18:31:11.265 Df sensemobile[22550:108ed] [com.apple.coreaudio:AQ]      AudioQueueObject.cpp:10012 SetLoudnessFromLM: -> aq@0x1080d8400:
2026-08-22 18:31:11.265 Df sensemobile[22550:108ed] [com.apple.coreaudio:AQ]      AudioQueueObject.cpp:10122 SetLoudnessFromLM: is CoreAudioServices/LoudnessManager enabled? yes
2026-08-22 18:31:11.265 Df sensemobile[22550:108ed] [com.apple.coreaudio:AQ]      AudioQueueObject.cpp:10125 SetLoudnessFromLM: is CoreAudioServices/LoudnessManagerV2 enabled? yes
2026-08-22 18:31:11.265 Df sensemobile[22550:108ed] [com.apple.coreaudio:AQ]      AudioQueueObject.cpp:10128 SetLoudnessFromLM: is CoreAudioServices/lm-disable-hardware-check on? no
2026-08-22 18:31:11.266 E  sensemobile[22550:108ed] [com.apple.coreaudio:AQ]        LoudnessManager.mm:1215  IsHardwareSupported: no plist loaded, returning false
2026-08-22 18:31:11.266 Df sensemobile[22550:108ed] [com.apple.coreaudio:AQ]      AudioQueueObject.cpp:10131 SetLoudnessFromLM: is hardware supported? no
2026-08-22 18:31:11.266 E  sensemobile[22550:108ed] [com.apple.coreaudio:AQ]        LoudnessManager.mm:1215  IsHardwareSupported: no plist loaded, returning false
2026-08-22 18:31:11.266 Df sensemobile[22550:108ed] [com.apple.coreaudio:AQ]      AudioQueueObject.cpp:10141 SetLoudnessFromLM: hardware not supported, Loudness Manager disabled
2026-08-22 18:31:11.267 Df sensemobile[22550:108ed] [com.apple.coreaudio:AudioConverter]        AudioConverter.cpp:1067  Created a new in process converter -> 0x600000cb09c0, from  1 ch,  32000 Hz, Int16 to  1 ch,  32000 Hz, Float32 (actually:  1 ch,  32000 Hz, Float32)
2026-08-22 18:31:11.267 Df sensemobile[22550:10919] [com.apple.coreaudio:AQ]      AudioQueueObject.cpp:10012 SetLoudnessFromLM: -> aq@0x1078e0200:
2026-08-22 18:31:11.267 Df sensemobile[22550:10919] [com.apple.coreaudio:AQ]      AudioQueueObject.cpp:10122 SetLoudnessFromLM: is CoreAudioServices/LoudnessManager enabled? yes
2026-08-22 18:31:11.268 Df sensemobile[22550:10919] [com.apple.coreaudio:AQ]      AudioQueueObject.cpp:10125 SetLoudnessFromLM: is CoreAudioServices/LoudnessManagerV2 enabled? yes
2026-08-22 18:31:11.268 Df sensemobile[22550:10919] [com.apple.coreaudio:AQ]      AudioQueueObject.cpp:10128 SetLoudnessFromLM: is CoreAudioServices/lm-disable-hardware-check on? no
2026-08-22 18:31:11.268 E  sensemobile[22550:10919] [com.apple.coreaudio:AQ]        LoudnessManager.mm:1215  IsHardwareSupported: no plist loaded, returning false
2026-08-22 18:31:11.268 Df sensemobile[22550:10919] [com.apple.coreaudio:AQ]      AudioQueueObject.cpp:10131 SetLoudnessFromLM: is hardware supported? no
2026-08-22 18:31:11.268 E  sensemobile[22550:10919] [com.apple.coreaudio:AQ]        LoudnessManager.mm:1215  IsHardwareSupported: no plist loaded, returning false
2026-08-22 18:31:11.268 Df sensemobile[22550:10919] [com.apple.coreaudio:AQ]      AudioQueueObject.cpp:10141 SetLoudnessFromLM: hardware not supported, Loudness Manager disabled
2026-08-22 18:31:11.268 Df sensemobile[22550:10919] [com.apple.coreaudio:AudioConverter]        AudioConverter.cpp:1067  Created a new in process converter -> 0x600000cb0ba0, from  1 ch,  32000 Hz, Int16 to  1 ch,  32000 Hz, Float32 (actually:  1 ch,  32000 Hz, Float32)
2026-08-22 18:31:11.268 Df sensemobile[22550:1092b] [com.apple.coreaudio:AQ]      AudioQueueObject.cpp:10012 SetLoudnessFromLM: -> aq@0x1088bb400:
2026-08-22 18:31:11.268 Df sensemobile[22550:1092b] [com.apple.coreaudio:AQ]      AudioQueueObject.cpp:10122 SetLoudnessFromLM: is CoreAudioServices/LoudnessManager enabled? yes
2026-08-22 18:31:11.268 Df sensemobile[22550:1092b] [com.apple.coreaudio:AQ]      AudioQueueObject.cpp:10125 SetLoudnessFromLM: is CoreAudioServices/LoudnessManagerV2 enabled? yes
2026-08-22 18:31:11.269 Df sensemobile[22550:1092b] [com.apple.coreaudio:AQ]      AudioQueueObject.cpp:10128 SetLoudnessFromLM: is CoreAudioServices/lm-disable-hardware-check on? no
2026-08-22 18:31:11.269 E  sensemobile[22550:1092b] [com.apple.coreaudio:AQ]        LoudnessManager.mm:1215  IsHardwareSupported: no plist loaded, returning false
2026-08-22 18:31:11.269 Df sensemobile[22550:1092b] [com.apple.coreaudio:AQ]      AudioQueueObject.cpp:10131 SetLoudnessFromLM: is hardware supported? no
2026-08-22 18:31:11.269 E  sensemobile[22550:1092b] [com.apple.coreaudio:AQ]        LoudnessManager.mm:1215  IsHardwareSupported: no plist loaded, returning false
2026-08-22 18:31:11.269 Df sensemobile[22550:1092b] [com.apple.coreaudio:AQ]      AudioQueueObject.cpp:10141 SetLoudnessFromLM: hardware not supported, Loudness Manager disabled
2026-08-22 18:31:11.269 Df sensemobile[22550:1092b] [com.apple.coreaudio:AudioConverter]        AudioConverter.cpp:1067  Created a new in process converter -> 0x600000cb0c00, from  1 ch,  32000 Hz, Int16 to  1 ch,  32000 Hz, Float32 (actually:  1 ch,  32000 Hz, Float32)
2026-08-22 18:31:11.269 Df sensemobile[22550:1092a] [com.apple.coreaudio:AQ]      AudioQueueObject.cpp:10012 SetLoudnessFromLM: -> aq@0x1088bc200:
2026-08-22 18:31:11.269 Df sensemobile[22550:1092a] [com.apple.coreaudio:AQ]      AudioQueueObject.cpp:10122 SetLoudnessFromLM: is CoreAudioServices/LoudnessManager enabled? yes
2026-08-22 18:31:11.269 Df sensemobile[22550:1092a] [com.apple.coreaudio:AQ]      AudioQueueObject.cpp:10125 SetLoudnessFromLM: is CoreAudioServices/LoudnessManagerV2 enabled? yes
2026-08-22 18:31:11.269 Df sensemobile[22550:1092a] [com.apple.coreaudio:AQ]      AudioQueueObject.cpp:10128 SetLoudnessFromLM: is CoreAudioServices/lm-disable-hardware-check on? no
2026-08-22 18:31:11.270 E  sensemobile[22550:1092a] [com.apple.coreaudio:AQ]        LoudnessManager.mm:1215  IsHardwareSupported: no plist loaded, returning false
2026-08-22 18:31:11.270 Df sensemobile[22550:1092a] [com.apple.coreaudio:AQ]      AudioQueueObject.cpp:10131 SetLoudnessFromLM: is hardware supported? no
2026-08-22 18:31:11.270 E  sensemobile[22550:1092a] [com.apple.coreaudio:AQ]        LoudnessManager.mm:1215  IsHardwareSupported: no plist loaded, returning false
2026-08-22 18:31:11.270 Df sensemobile[22550:1092a] [com.apple.coreaudio:AQ]      AudioQueueObject.cpp:10141 SetLoudnessFromLM: hardware not supported, Loudness Manager disabled
2026-08-22 18:31:11.270 Df sensemobile[22550:1092a] [com.apple.coreaudio:AudioConverter]        AudioConverter.cpp:1067  Created a new in process converter -> 0x600000ca3750, from  1 ch,  32000 Hz, Int16 to  1 ch,  32000 Hz, Float32 (actually:  1 ch,  32000 Hz, Float32)
2026-08-22 18:31:11.274 Df sensemobile[22550:10916] [com.apple.coremedia:] <<<< FAQ >>>> subaq_buildCAAudioQueue: [0x1060667c0:0x106066af0] RP/TO.01 Created new AudioQueue for format:'lpcm' (0x6C70636D), channelsPerFrame:1, framesPerPacket:1, sampleRate:32000 [LayoutTag: 0x00640001, Channels: 1, TimePitch (Algorithm 'tido'), UnaccompaniedByVisuals, PauseAfterConfigChange]
2026-08-22 18:31:11.274 Df sensemobile[22550:10933] [com.apple.coremedia:] <<<< FAQ >>>> subaq_buildCAAudioQueue: [0x10647ef50:0x10647f280] RP/WO.01 Created new AudioQueue for format:'lpcm' (0x6C70636D), channelsPerFrame:1, framesPerPacket:1, sampleRate:32000 [LayoutTag: 0x00640001, Channels: 1, TimePitch (Algorithm 'tido'), UnaccompaniedByVisuals, PauseAfterConfigChange]
2026-08-22 18:31:11.274 Df sensemobile[22550:10919] [com.apple.coremedia:] <<<< FAQ >>>> subaq_buildCAAudioQueue: [0x10647e8f0:0x10647fe50] RP/FU.01 Created new AudioQueue for format:'lpcm' (0x6C70636D), channelsPerFrame:1, framesPerPacket:1, sampleRate:32000 [LayoutTag: 0x00640001, Channels: 1, TimePitch (Algorithm 'tido'), UnaccompaniedByVisuals, PauseAfterConfigChange]
2026-08-22 18:31:11.274 Df sensemobile[22550:108ef] [com.apple.coremedia:] <<<< FAQ >>>> subaq_buildCAAudioQueue: [0x10654e460:0x10654e960] RP/CB.01 Created new AudioQueue for format:'lpcm' (0x6C70636D), channelsPerFrame:1, framesPerPacket:1, sampleRate:32000 [LayoutTag: 0x00640001, Channels: 1, TimePitch (Algorithm 'tido'), UnaccompaniedByVisuals, PauseAfterConfigChange]
2026-08-22 18:31:11.274 Df sensemobile[22550:10916] [com.apple.coremedia:] <<<< FADC >>>> CMAudioDeviceClockCreate: PID 22550 create standalone audio device clock for (null)
2026-08-22 18:31:11.274 Df sensemobile[22550:1092b] [com.apple.coremedia:] <<<< FAQ >>>> subaq_buildCAAudioQueue: [0x10654ef10:0x10654f240] RP/HA.01 Created new AudioQueue for format:'lpcm' (0x6C70636D), channelsPerFrame:1, framesPerPacket:1, sampleRate:32000 [LayoutTag: 0x00640001, Channels: 1, TimePitch (Algorithm 'tido'), UnaccompaniedByVisuals, PauseAfterConfigChange]
2026-08-22 18:31:11.274 Df sensemobile[22550:108ef] [com.apple.coremedia:] <<<< FADC >>>> CMAudioDeviceClockCreate: PID 22550 create standalone audio device clock for (null)
2026-08-22 18:31:11.274 Df sensemobile[22550:10919] [com.apple.coremedia:] <<<< FADC >>>> CMAudioDeviceClockCreate: PID 22550 create standalone audio device clock for (null)
2026-08-22 18:31:11.274 Df sensemobile[22550:1092b] [com.apple.coremedia:] <<<< FADC >>>> CMAudioDeviceClockCreate: PID 22550 create standalone audio device clock for (null)
2026-08-22 18:31:11.274 Df sensemobile[22550:10937] [com.apple.coremedia:] <<<< FAQ >>>> subaq_buildCAAudioQueue: [0x10647f6d0:0x10647fa00] RP/TY.01 Created new AudioQueue for format:'lpcm' (0x6C70636D), channelsPerFrame:1, framesPerPacket:1, sampleRate:32000 [LayoutTag: 0x00640001, Channels: 1, TimePitch (Algorithm 'tido'), UnaccompaniedByVisuals, PauseAfterConfigChange]
2026-08-22 18:31:11.274 Df sensemobile[22550:108ed] [com.apple.coremedia:] <<<< FAQ >>>> subaq_buildCAAudioQueue: [0x106065f70:0x1060662a0] RP/RS.01 Created new AudioQueue for format:'lpcm' (0x6C70636D), channelsPerFrame:1, framesPerPacket:1, sampleRate:32000 [LayoutTag: 0x00640001, Channels: 1, TimePitch (Algorithm 'tido'), UnaccompaniedByVisuals, PauseAfterConfigChange]
2026-08-22 18:31:11.274 Df sensemobile[22550:1092a] [com.apple.coremedia:] <<<< FAQ >>>> subaq_buildCAAudioQueue: [0x10647ec20:0x106066f40] RP/SV.01 Created new AudioQueue for format:'lpcm' (0x6C70636D), channelsPerFrame:1, framesPerPacket:1, sampleRate:32000 [LayoutTag: 0x00640001, Channels: 1, TimePitch (Algorithm 'tido'), UnaccompaniedByVisuals, PauseAfterConfigChange]
2026-08-22 18:31:11.275 Df sensemobile[22550:1092b] [com.apple.coremedia:] <<<< FAQRP >>>> faqrp_buildAudioQueue: (0x600003b257a0 RP/HA.01) created faq 0x10654ef10
2026-08-22 18:31:11.276 Df sensemobile[22550:10937] [com.apple.coremedia:] <<<< FADC >>>> CMAudioDeviceClockCreate: PID 22550 create standalone audio device clock for (null)
2026-08-22 18:31:11.276 Df sensemobile[22550:1092a] [com.apple.coremedia:] <<<< FADC >>>> CMAudioDeviceClockCreate: PID 22550 create standalone audio device clock for (null)
2026-08-22 18:31:11.276 Df sensemobile[22550:108ed] [com.apple.coremedia:] <<<< FADC >>>> CMAudioDeviceClockCreate: PID 22550 create standalone audio device clock for (null)
2026-08-22 18:31:11.276 Df sensemobile[22550:1092b] [com.apple.coreaudio:AQ]      AudioQueueObject.cpp:5174  SetProperty: AQ Time-stretcher: ionc@0x10647e0f0 TimePitchProperty set qtpb: 1
2026-08-22 18:31:11.276 Df sensemobile[22550:1092a] [com.apple.coremedia:] <<<< FAQRP >>>> faqrp_buildAudioQueue: (0x600003b22a00 RP/SV.01) created faq 0x10647ec20
2026-08-22 18:31:11.276 Df sensemobile[22550:10937] [com.apple.coremedia:] <<<< FAQRP >>>> faqrp_buildAudioQueue: (0x600003b1d7a0 RP/TY.01) created faq 0x10647f6d0
2026-08-22 18:31:11.276 Df sensemobile[22550:1092a] [com.apple.coreaudio:AQ]      AudioQueueObject.cpp:5174  SetProperty: AQ Time-stretcher: ionc@0x10647e0f0 TimePitchProperty set qtpb: 1
2026-08-22 18:31:11.276 Df sensemobile[22550:1092b] [com.apple.coremedia:player] <<<< FigFilePlayer >>>> itemfig_createRenderTriplesForAudio: <0x10887c600|I/KVM.01> created new audio render pipeline 0x600003b257a0 RP/HA.01
2026-08-22 18:31:11.275 Df sensemobile[22550:108ef] [com.apple.coremedia:] <<<< FAQRP >>>> faqrp_buildAudioQueue: (0x600003b25880 RP/CB.01) created faq 0x10654e460
2026-08-22 18:31:11.275 Df sensemobile[22550:10919] [com.apple.coremedia:] <<<< FAQRP >>>> faqrp_buildAudioQueue: (0x600003b1d5e0 RP/FU.01) created faq 0x10647e8f0
2026-08-22 18:31:11.277 Df sensemobile[22550:108ed] [com.apple.coremedia:] <<<< FAQRP >>>> faqrp_buildAudioQueue: (0x600003b22ae0 RP/RS.01) created faq 0x106065f70
2026-08-22 18:31:11.275 Df sensemobile[22550:10916] [com.apple.coremedia:] <<<< FAQRP >>>> faqrp_buildAudioQueue: (0x600003b22300 RP/TO.01) created faq 0x1060667c0
2026-08-22 18:31:11.277 Df sensemobile[22550:10937] [com.apple.coreaudio:AQ]      AudioQueueObject.cpp:5174  SetProperty: AQ Time-stretcher: ionc@0x10647e0f0 TimePitchProperty set qtpb: 1
2026-08-22 18:31:11.274 Df sensemobile[22550:10933] [com.apple.coremedia:] <<<< FADC >>>> CMAudioDeviceClockCreate: PID 22550 create standalone audio device clock for (null)
2026-08-22 18:31:11.277 Df sensemobile[22550:1092a] [com.apple.coremedia:player] <<<< FigFilePlayer >>>> itemfig_createRenderTriplesForAudio: <0x10887ea00|I/XAW.01> created new audio render pipeline 0x600003b22a00 RP/SV.01
2026-08-22 18:31:11.277 Df sensemobile[22550:108ef] [com.apple.coreaudio:AQ]      AudioQueueObject.cpp:5174  SetProperty: AQ Time-stretcher: ionc@0x10647e0f0 TimePitchProperty set qtpb: 1
2026-08-22 18:31:11.278 Df sensemobile[22550:10919] [com.apple.coreaudio:AQ]      AudioQueueObject.cpp:5174  SetProperty: AQ Time-stretcher: ionc@0x10647e0f0 TimePitchProperty set qtpb: 1
2026-08-22 18:31:11.278 Df sensemobile[22550:10933] [com.apple.coremedia:] <<<< FAQRP >>>> faqrp_buildAudioQueue: (0x600003b25420 RP/WO.01) created faq 0x10647ef50
2026-08-22 18:31:11.278 Df sensemobile[22550:108ed] [com.apple.coreaudio:AQ]      AudioQueueObject.cpp:5174  SetProperty: AQ Time-stretcher: ionc@0x10647e0f0 TimePitchProperty set qtpb: 1
2026-08-22 18:31:11.278 Df sensemobile[22550:10916] [com.apple.coreaudio:AQ]      AudioQueueObject.cpp:5174  SetProperty: AQ Time-stretcher: ionc@0x10647e0f0 TimePitchProperty set qtpb: 1
2026-08-22 18:31:11.278 Df sensemobile[22550:1092b] [com.apple.coreaudio:aqme]        MEMixerChannel.cpp:1124  EQ not supported for 3e+04 Hz
2026-08-22 18:31:11.278 Df sensemobile[22550:10937] [com.apple.coremedia:player] <<<< FigFilePlayer >>>> itemfig_createRenderTriplesForAudio: <0x1078b0200|I/DDF.01> created new audio render pipeline 0x600003b1d7a0 RP/TY.01
2026-08-22 18:31:11.279 Df sensemobile[22550:108ef] [com.apple.coremedia:player] <<<< FigFilePlayer >>>> itemfig_createRenderTriplesForAudio: <0x108095400|I/QNX.01> created new audio render pipeline 0x600003b25880 RP/CB.01
2026-08-22 18:31:11.279 Df sensemobile[22550:10919] [com.apple.coremedia:player] <<<< FigFilePlayer >>>> itemfig_createRenderTriplesForAudio: <0x1080c9800|I/YHA.01> created new audio render pipeline 0x600003b1d5e0 RP/FU.01
2026-08-22 18:31:11.278 Df sensemobile[22550:1092b] [com.apple.coremedia:player] <<<< FigFilePlayer >>>> playerfig_applySoftwareVolume: [0x1078a1000] P/HA rp: [FigRenderPipeline 0x600003b257a0], propertyName = SoftwareVolume1, targetVolume = 1.00, rampDuration = 0.00, synchronous = NO
2026-08-22 18:31:11.279 Df sensemobile[22550:10933] [com.apple.coreaudio:AQ]      AudioQueueObject.cpp:5174  SetProperty: AQ Time-stretcher: ionc@0x10647e0f0 TimePitchProperty set qtpb: 1
2026-08-22 18:31:11.279 Df sensemobile[22550:108ed] [com.apple.coremedia:player] <<<< FigFilePlayer >>>> itemfig_createRenderTriplesForAudio: <0x1078b6000|I/QPK.01> created new audio render pipeline 0x600003b22ae0 RP/RS.01
2026-08-22 18:31:11.279 Df sensemobile[22550:1092a] [com.apple.coreaudio:aqme]        MEMixerChannel.cpp:1124  EQ not supported for 3e+04 Hz
2026-08-22 18:31:11.279 Df sensemobile[22550:10916] [com.apple.coremedia:player] <<<< FigFilePlayer >>>> itemfig_createRenderTriplesForAudio: <0x10887e000|I/HZN.01> created new audio render pipeline 0x600003b22300 RP/TO.01
2026-08-22 18:31:11.279 Df sensemobile[22550:1092a] [com.apple.coremedia:player] <<<< FigFilePlayer >>>> playerfig_applySoftwareVolume: [0x10784d000] P/SV rp: [FigRenderPipeline 0x600003b22a00], propertyName = SoftwareVolume1, targetVolume = 1.00, rampDuration = 0.00, synchronous = NO
2026-08-22 18:31:11.280 Df sensemobile[22550:10937] [com.apple.coreaudio:aqme]        MEMixerChannel.cpp:1124  EQ not supported for 3e+04 Hz
2026-08-22 18:31:11.280 Df sensemobile[22550:10933] [com.apple.coremedia:player] <<<< FigFilePlayer >>>> itemfig_createRenderTriplesForAudio: <0x1080ca400|I/HQE.01> created new audio render pipeline 0x600003b25420 RP/WO.01
2026-08-22 18:31:11.280 Df sensemobile[22550:10937] [com.apple.coremedia:player] <<<< FigFilePlayer >>>> playerfig_applySoftwareVolume: [0x10786f400] P/TY rp: [FigRenderPipeline 0x600003b1d7a0], propertyName = SoftwareVolume1, targetVolume = 1.00, rampDuration = 0.00, synchronous = NO
2026-08-22 18:31:11.280 Df sensemobile[22550:108ef] [com.apple.coreaudio:aqme]        MEMixerChannel.cpp:1124  EQ not supported for 3e+04 Hz
2026-08-22 18:31:11.280 Df sensemobile[22550:108ef] [com.apple.coremedia:player] <<<< FigFilePlayer >>>> playerfig_applySoftwareVolume: [0x107899e00] P/CB rp: [FigRenderPipeline 0x600003b25880], propertyName = SoftwareVolume1, targetVolume = 1.00, rampDuration = 0.00, synchronous = NO
2026-08-22 18:31:11.280 Df sensemobile[22550:10919] [com.apple.coreaudio:aqme]        MEMixerChannel.cpp:1124  EQ not supported for 3e+04 Hz
2026-08-22 18:31:11.280 Df sensemobile[22550:10919] [com.apple.coremedia:player] <<<< FigFilePlayer >>>> playerfig_applySoftwareVolume: [0x108862000] P/FU rp: [FigRenderPipeline 0x600003b1d5e0], propertyName = SoftwareVolume1, targetVolume = 1.00, rampDuration = 0.00, synchronous = NO
2026-08-22 18:31:11.280 Df sensemobile[22550:108ed] [com.apple.coreaudio:aqme]        MEMixerChannel.cpp:1124  EQ not supported for 3e+04 Hz
2026-08-22 18:31:11.280 Df sensemobile[22550:1092b] [com.apple.coremedia:player] <<<< FigFilePlayer >>>> playerfig_applySoftwareVolume: [0x1078a1000] P/HA rp: [FigRenderPipeline 0x600003b257a0], propertyName = SoftwareVolume5, targetVolume = 1.00, rampDuration = 0.00, synchronous = YES
2026-08-22 18:31:11.281 Df sensemobile[22550:108ed] [com.apple.coremedia:player] <<<< FigFilePlayer >>>> playerfig_applySoftwareVolume: [0x1080afe00] P/RS rp: [FigRenderPipeline 0x600003b22ae0], propertyName = SoftwareVolume1, targetVolume = 1.00, rampDuration = 0.00, synchronous = NO
2026-08-22 18:31:11.281 Df sensemobile[22550:10916] [com.apple.coreaudio:aqme]        MEMixerChannel.cpp:1124  EQ not supported for 3e+04 Hz
2026-08-22 18:31:11.281 Df sensemobile[22550:10916] [com.apple.coremedia:player] <<<< FigFilePlayer >>>> playerfig_applySoftwareVolume: [0x1080c3600] P/TO rp: [FigRenderPipeline 0x600003b22300], propertyName = SoftwareVolume1, targetVolume = 1.00, rampDuration = 0.00, synchronous = NO
2026-08-22 18:31:11.281 Df sensemobile[22550:10933] [com.apple.coreaudio:aqme]        MEMixerChannel.cpp:1124  EQ not supported for 3e+04 Hz
2026-08-22 18:31:11.281 Df sensemobile[22550:1092a] [com.apple.coremedia:player] <<<< FigFilePlayer >>>> playerfig_applySoftwareVolume: [0x10784d000] P/SV rp: [FigRenderPipeline 0x600003b22a00], propertyName = SoftwareVolume5, targetVolume = 1.00, rampDuration = 0.00, synchronous = YES
2026-08-22 18:31:11.281 Df sensemobile[22550:10937] [com.apple.coremedia:player] <<<< FigFilePlayer >>>> playerfig_applySoftwareVolume: [0x10786f400] P/TY rp: [FigRenderPipeline 0x600003b1d7a0], propertyName = SoftwareVolume5, targetVolume = 1.00, rampDuration = 0.00, synchronous = YES
2026-08-22 18:31:11.281 Df sensemobile[22550:108ef] [com.apple.coremedia:player] <<<< FigFilePlayer >>>> playerfig_applySoftwareVolume: [0x107899e00] P/CB rp: [FigRenderPipeline 0x600003b25880], propertyName = SoftwareVolume5, targetVolume = 1.00, rampDuration = 0.00, synchronous = YES
2026-08-22 18:31:11.281 Df sensemobile[22550:10916] [com.apple.coremedia:player] <<<< FigFilePlayer >>>> playerfig_applySoftwareVolume: [0x1080c3600] P/TO rp: [FigRenderPipeline 0x600003b22300], propertyName = SoftwareVolume5, targetVolume = 1.00, rampDuration = 0.00, synchronous = YES
2026-08-22 18:31:11.281 Df sensemobile[22550:108ed] [com.apple.coremedia:player] <<<< FigFilePlayer >>>> playerfig_applySoftwareVolume: [0x1080afe00] P/RS rp: [FigRenderPipeline 0x600003b22ae0], propertyName = SoftwareVolume5, targetVolume = 1.00, rampDuration = 0.00, synchronous = YES
2026-08-22 18:31:11.281 Df sensemobile[22550:1092b] [com.apple.coremedia:player] <<<< FigFilePlayer >>>> itemfig_applyTimePitchAlgorithmToTrack: [0x10887c600|I/KVM.01]: Setting TimePitchAlgorithm: TimeDomain on RenderPipeline 0x600003b257a0.
2026-08-22 18:31:11.282 Df sensemobile[22550:10916] [com.apple.coremedia:player] <<<< FigFilePlayer >>>> itemfig_applyTimePitchAlgorithmToTrack: [0x10887e000|I/HZN.01]: Setting TimePitchAlgorithm: TimeDomain on RenderPipeline 0x600003b22300.
2026-08-22 18:31:11.281 Df sensemobile[22550:10937] [com.apple.coremedia:player] <<<< FigFilePlayer >>>> itemfig_applyTimePitchAlgorithmToTrack: [0x1078b0200|I/DDF.01]: Setting TimePitchAlgorithm: TimeDomain on RenderPipeline 0x600003b1d7a0.
2026-08-22 18:31:11.281 Df sensemobile[22550:10933] [com.apple.coremedia:player] <<<< FigFilePlayer >>>> playerfig_applySoftwareVolume: [0x10886b800] P/WO rp: [FigRenderPipeline 0x600003b25420], propertyName = SoftwareVolume1, targetVolume = 1.00, rampDuration = 0.00, synchronous = NO
2026-08-22 18:31:11.282 Df sensemobile[22550:108ef] [com.apple.coremedia:player] <<<< FigFilePlayer >>>> itemfig_applyTimePitchAlgorithmToTrack: [0x108095400|I/QNX.01]: Setting TimePitchAlgorithm: TimeDomain on RenderPipeline 0x600003b25880.
2026-08-22 18:31:11.281 Df sensemobile[22550:10919] [com.apple.coremedia:player] <<<< FigFilePlayer >>>> playerfig_applySoftwareVolume: [0x108862000] P/FU rp: [FigRenderPipeline 0x600003b1d5e0], propertyName = SoftwareVolume5, targetVolume = 1.00, rampDuration = 0.00, synchronous = YES
2026-08-22 18:31:11.282 Df sensemobile[22550:10937] [com.apple.coremedia:player] <<<< FigFilePlayer >>>> itemfig_shouldEnableMainVideo: [0x1078b0200|I/DDF.01] enableMainVideo is false
2026-08-22 18:31:11.281 Df sensemobile[22550:1092a] [com.apple.coremedia:player] <<<< FigFilePlayer >>>> itemfig_applyTimePitchAlgorithmToTrack: [0x10887ea00|I/XAW.01]: Setting TimePitchAlgorithm: TimeDomain on RenderPipeline 0x600003b22a00.
2026-08-22 18:31:11.282 Df sensemobile[22550:10916] [com.apple.coremedia:player] <<<< FigFilePlayer >>>> itemfig_shouldEnableMainVideo: [0x10887e000|I/HZN.01] enableMainVideo is false
2026-08-22 18:31:11.283 E  sensemobile[22550:10937] [com.apple.coremedia:player] <<<< FigFilePlayer >>>> signalled err=-12864 at <>:10029
2026-08-22 18:31:11.282 Df sensemobile[22550:1092b] [com.apple.coremedia:player] <<<< FigFilePlayer >>>> itemfig_shouldEnableMainVideo: [0x10887c600|I/KVM.01] enableMainVideo is false
2026-08-22 18:31:11.282 Df sensemobile[22550:108ed] [com.apple.coremedia:player] <<<< FigFilePlayer >>>> itemfig_applyTimePitchAlgorithmToTrack: [0x1078b6000|I/QPK.01]: Setting TimePitchAlgorithm: TimeDomain on RenderPipeline 0x600003b22ae0.
2026-08-22 18:31:11.283 E  sensemobile[22550:10916] [com.apple.coremedia:player] <<<< FigFilePlayer >>>> signalled err=-12864 at <>:10029
2026-08-22 18:31:11.282 Df sensemobile[22550:10919] [com.apple.coremedia:player] <<<< FigFilePlayer >>>> itemfig_applyTimePitchAlgorithmToTrack: [0x1080c9800|I/YHA.01]: Setting TimePitchAlgorithm: TimeDomain on RenderPipeline 0x600003b1d5e0.
2026-08-22 18:31:11.282 Df sensemobile[22550:108ef] [com.apple.coremedia:player] <<<< FigFilePlayer >>>> itemfig_shouldEnableMainVideo: [0x108095400|I/QNX.01] enableMainVideo is false
2026-08-22 18:31:11.282 Df sensemobile[22550:10933] [com.apple.coremedia:player] <<<< FigFilePlayer >>>> playerfig_applySoftwareVolume: [0x10886b800] P/WO rp: [FigRenderPipeline 0x600003b25420], propertyName = SoftwareVolume5, targetVolume = 1.00, rampDuration = 0.00, synchronous = YES
2026-08-22 18:31:11.283 E  sensemobile[22550:108ef] [com.apple.coremedia:player] <<<< FigFilePlayer >>>> signalled err=-12864 at <>:10029
2026-08-22 18:31:11.283 Df sensemobile[22550:10933] [com.apple.coremedia:player] <<<< FigFilePlayer >>>> itemfig_applyTimePitchAlgorithmToTrack: [0x1080ca400|I/HQE.01]: Setting TimePitchAlgorithm: TimeDomain on RenderPipeline 0x600003b25420.
2026-08-22 18:31:11.283 Df sensemobile[22550:10919] [com.apple.coremedia:player] <<<< FigFilePlayer >>>> itemfig_shouldEnableMainVideo: [0x1080c9800|I/YHA.01] enableMainVideo is false
2026-08-22 18:31:11.283 Df sensemobile[22550:108ed] [com.apple.coremedia:player] <<<< FigFilePlayer >>>> itemfig_shouldEnableMainVideo: [0x1078b6000|I/QPK.01] enableMainVideo is false
2026-08-22 18:31:11.283 Df sensemobile[22550:1092a] [com.apple.coremedia:player] <<<< FigFilePlayer >>>> itemfig_shouldEnableMainVideo: [0x10887ea00|I/XAW.01] enableMainVideo is false
2026-08-22 18:31:11.283 E  sensemobile[22550:1092b] [com.apple.coremedia:player] <<<< FigFilePlayer >>>> signalled err=-12864 at <>:10029
2026-08-22 18:31:11.284 E  sensemobile[22550:1092a] [com.apple.coremedia:player] <<<< FigFilePlayer >>>> signalled err=-12864 at <>:10029
2026-08-22 18:31:11.283 E  sensemobile[22550:108ed] [com.apple.coremedia:player] <<<< FigFilePlayer >>>> signalled err=-12864 at <>:10029
2026-08-22 18:31:11.283 E  sensemobile[22550:10919] [com.apple.coremedia:player] <<<< FigFilePlayer >>>> signalled err=-12864 at <>:10029
2026-08-22 18:31:11.283 Df sensemobile[22550:10933] [com.apple.coremedia:player] <<<< FigFilePlayer >>>> itemfig_shouldEnableMainVideo: [0x1080ca400|I/HQE.01] enableMainVideo is false
2026-08-22 18:31:11.284 E  sensemobile[22550:10933] [com.apple.coremedia:player] <<<< FigFilePlayer >>>> signalled err=-12864 at <>:10029
2026-08-22 18:31:11.284 Df sensemobile[22550:10916] [com.apple.coremedia:] <<<< FAQRP >>>> faqrp_setTimebase: (0x600003b22300 RP/TO.01) setTimebase to 0x10646fa90 at time 0.000
2026-08-22 18:31:11.284 Df sensemobile[22550:1092a] [com.apple.coremedia:] <<<< FAQRP >>>> faqrp_setTimebase: (0x600003b22a00 RP/SV.01) setTimebase to 0x1065409f0 at time 0.000
2026-08-22 18:31:11.284 Df sensemobile[22550:108ef] [com.apple.coremedia:] <<<< FAQRP >>>> faqrp_setTimebase: (0x600003b25880 RP/CB.01) setTimebase to 0x1064660c0 at time 0.000
2026-08-22 18:31:11.284 Df sensemobile[22550:1092b] [com.apple.coremedia:] <<<< FAQRP >>>> faqrp_setTimebase: (0x600003b257a0 RP/HA.01) setTimebase to 0x106541260 at time 0.000
2026-08-22 18:31:11.285 Df sensemobile[22550:1092a] [com.apple.coremedia:] <<<< Boss >>>> bossBuildMentorForTrack: <0x10655e270|I/XAW.01> track 1 (soun) enableForStepping mentor 0x10649cac0 (snippetMentor 0x10649cac0 -> loopingMentor 0x0 -> superEditMentor 0x0 -> editMentor 0x10649b8c0 -> gaplessMentor 0x0 -> audioMentor 0x10649b000
2026-08-22 18:31:11.284 Df sensemobile[22550:10937] [com.apple.coremedia:] <<<< FAQRP >>>> faqrp_setTimebase: (0x600003b1d7a0 RP/TY.01) setTimebase to 0x106540860 at time 0.000
2026-08-22 18:31:11.284 Df sensemobile[22550:108ed] [com.apple.coremedia:] <<<< FAQRP >>>> faqrp_setTimebase: (0x600003b22ae0 RP/RS.01) setTimebase to 0x10652fa70 at time 0.000
2026-08-22 18:31:11.284 Df sensemobile[22550:10933] [com.apple.coremedia:] <<<< FAQRP >>>> faqrp_setTimebase: (0x600003b25420 RP/WO.01) setTimebase to 0x10646e6f0 at time 0.000
2026-08-22 18:31:11.286 Df sensemobile[22550:10937] [com.apple.coremedia:] <<<< Boss >>>> bossBuildMentorForTrack: <0x10655e670|I/DDF.01> track 1 (soun) enableForStepping mentor 0x10649e1e0 (snippetMentor 0x10649e1e0 -> loopingMentor 0x0 -> superEditMentor 0x0 -> editMentor 0x10649df30 -> gaplessMentor 0x0 -> audioMentor 0x10649c6d0
2026-08-22 18:31:11.286 Df sensemobile[22550:1092a] [com.apple.coreaudio:AQ]      AudioQueueObject.cpp:5174  SetProperty: AQ Time-stretcher: ionc@0x10647e0f0 TimePitchProperty set qtpb: 1
2026-08-22 18:31:11.285 Df sensemobile[22550:1092b] [com.apple.coremedia:] <<<< Boss >>>> bossBuildMentorForTrack: <0x10655db00|I/KVM.01> track 1 (soun) enableForStepping mentor 0x10649db40 (snippetMentor 0x10649db40 -> loopingMentor 0x0 -> superEditMentor 0x0 -> editMentor 0x10649d890 -> gaplessMentor 0x0 -> audioMentor 0x10649d720
2026-08-22 18:31:11.286 Df sensemobile[22550:108ed] [com.apple.coremedia:] <<<< Boss >>>> bossBuildMentorForTrack: <0x10649a5c0|I/QPK.01> track 1 (soun) enableForStepping mentor 0x1060b31a0 (snippetMentor 0x1060b31a0 -> loopingMentor 0x0 -> superEditMentor 0x0 -> editMentor 0x1060b2ef0 -> gaplessMentor 0x0 -> audioMentor 0x1060ad8a0
2026-08-22 18:31:11.286 Df sensemobile[22550:10933] [com.apple.coremedia:] <<<< Boss >>>> bossBuildMentorForTrack: <0x10649aca0|I/HQE.01> track 1 (soun) enableForStepping mentor 0x10649e740 (snippetMentor 0x10649e740 -> loopingMentor 0x0 -> superEditMentor 0x0 -> editMentor 0x10649e490 -> gaplessMentor 0x0 -> audioMentor 0x10649c2e0
2026-08-22 18:31:11.286 Df sensemobile[22550:10937] [com.apple.coreaudio:AQ]      AudioQueueObject.cpp:5174  SetProperty: AQ Time-stretcher: ionc@0x10647e0f0 TimePitchProperty set qtpb: 1
2026-08-22 18:31:11.286 Df sensemobile[22550:1092a] [com.apple.coremedia:] <<<< Boss >>>> FigPlaybackBossCreate: returning boss = 0x10655e270
2026-08-22 18:31:11.284 Df sensemobile[22550:10919] [com.apple.coremedia:] <<<< FAQRP >>>> faqrp_setTimebase: (0x600003b1d5e0 RP/FU.01) setTimebase to 0x106540c90 at time 0.000
2026-08-22 18:31:11.287 Df sensemobile[22550:10937] [com.apple.coremedia:] <<<< Boss >>>> FigPlaybackBossCreate: returning boss = 0x10655e670
2026-08-22 18:31:11.285 Df sensemobile[22550:10916] [com.apple.coremedia:] <<<< Boss >>>> bossBuildMentorForTrack: <0x10649a940|I/HZN.01> track 1 (soun) enableForStepping mentor 0x10649d470 (snippetMentor 0x10649d470 -> loopingMentor 0x0 -> superEditMentor 0x0 -> editMentor 0x10649bef0 -> gaplessMentor 0x0 -> audioMentor 0x10655e0a0
2026-08-22 18:31:11.287 Df sensemobile[22550:108ed] [com.apple.coreaudio:AQ]      AudioQueueObject.cpp:5174  SetProperty: AQ Time-stretcher: ionc@0x10647e0f0 TimePitchProperty set qtpb: 1
2026-08-22 18:31:11.285 Df sensemobile[22550:108ef] [com.apple.coremedia:] <<<< Boss >>>> bossBuildMentorForTrack: <0x10655e9d0|I/QNX.01> track 1 (soun) enableForStepping mentor 0x106560420 (snippetMentor 0x106560420 -> loopingMentor 0x0 -> superEditMentor 0x0 -> editMentor 0x106560170 -> gaplessMentor 0x0 -> audioMentor 0x10655ee40
2026-08-22 18:31:11.288 Df sensemobile[22550:108ed] [com.apple.coremedia:] <<<< Boss >>>> FigPlaybackBossCreate: returning boss = 0x10649a5c0
2026-08-22 18:31:11.288 Df sensemobile[22550:10937] [com.apple.coremedia:] <<<< Boss >>>> FigPlaybackBossSetTimeWithRange: <0x10655e670|I/DDF.01> newTime: 0.000000, scruboption = 0x4, range = [-inf, inf] seekID 0
2026-08-22 18:31:11.288 Df sensemobile[22550:1092b] [com.apple.coreaudio:AQ]      AudioQueueObject.cpp:5174  SetProperty: AQ Time-stretcher: ionc@0x10647e0f0 TimePitchProperty set qtpb: 1
2026-08-22 18:31:11.288 Df sensemobile[22550:1092a] [com.apple.coremedia:] <<<< Boss >>>> FigPlaybackBossSetTimeWithRange: <0x10655e270|I/XAW.01> newTime: 0.000000, scruboption = 0x4, range = [-inf, inf] seekID 0
2026-08-22 18:31:11.288 Df sensemobile[22550:108ed] [com.apple.coremedia:] <<<< Boss >>>> FigPlaybackBossSetTimeWithRange: <0x10649a5c0|I/QPK.01> newTime: 0.000000, scruboption = 0x4, range = [-inf, inf] seekID 0
2026-08-22 18:31:11.288 Df sensemobile[22550:10919] [com.apple.coremedia:] <<<< Boss >>>> bossBuildMentorForTrack: <0x10649a240|I/YHA.01> track 1 (soun) enableForStepping mentor 0x10649ed80 (snippetMentor 0x10649ed80 -> loopingMentor 0x0 -> superEditMentor 0x0 -> editMentor 0x10649e9f0 -> gaplessMentor 0x0 -> audioMentor 0x10640a000
2026-08-22 18:31:11.288 Df sensemobile[22550:10937] [com.apple.coremedia:] <<<< Boss >>>> bossSetMentorModesToScrub: <0x10655e670|I/DDF.01> called, tracks 0...0, time 0.000
2026-08-22 18:31:11.288 Df sensemobile[22550:108ed] [com.apple.coremedia:] <<<< Boss >>>> bossSetMentorModesToScrub: <0x10649a5c0|I/QPK.01> called, tracks 0...0, time 0.000
2026-08-22 18:31:11.288 Df sensemobile[22550:10937] [com.apple.coremedia:] <<<< Boss >>>> FigPlaybackBossSetTimeWithRange: <0x10655e670|I/DDF.01> playState set to Paused
2026-08-22 18:31:11.288 Df sensemobile[22550:108ed] [com.apple.coremedia:] <<<< Boss >>>> FigPlaybackBossSetTimeWithRange: <0x10649a5c0|I/QPK.01> playState set to Paused
2026-08-22 18:31:11.288 Df sensemobile[22550:10937] [com.apple.coremedia:] <<<< Boss >>>> FigPlaybackBossSetEndTime: <0x10655e670|I/DDF.01> endTime nan
2026-08-22 18:31:11.288 Df sensemobile[22550:108ed] [com.apple.coremedia:] <<<< Boss >>>> FigPlaybackBossSetEndTime: <0x10649a5c0|I/QPK.01> endTime nan
2026-08-22 18:31:11.289 Df sensemobile[22550:10937] [com.apple.coremedia:] <<<< Boss >>>> FigPlaybackBossSetReverseEndTime: <0x10655e670|I/DDF.01> reverseEndTime nan
2026-08-22 18:31:11.289 Df sensemobile[22550:108ed] [com.apple.coremedia:] <<<< Boss >>>> FigPlaybackBossSetReverseEndTime: <0x10649a5c0|I/QPK.01> reverseEndTime nan
2026-08-22 18:31:11.289 Df sensemobile[22550:10937] [com.apple.coremedia:] <<<< Boss >>>> FigPlaybackBossSetStopAtEnd: <0x10655e670|I/DDF.01> TRUE
2026-08-22 18:31:11.289 Df sensemobile[22550:108ed] [com.apple.coremedia:] <<<< Boss >>>> FigPlaybackBossSetStopAtEnd: <0x10649a5c0|I/QPK.01> TRUE
2026-08-22 18:31:11.289 Df sensemobile[22550:10937] [com.apple.coremedia:] <<<< Boss >>>> FigPlaybackBossSetAdvanceTimeForOverlappedPlayback: <0x10655e670|I/DDF.01> advanceTimeForOverlappedPlayback nan
2026-08-22 18:31:11.289 Df sensemobile[22550:108ed] [com.apple.coremedia:] <<<< Boss >>>> FigPlaybackBossSetAdvanceTimeForOverlappedPlayback: <0x10649a5c0|I/QPK.01> advanceTimeForOverlappedPlayback nan
2026-08-22 18:31:11.289 Df sensemobile[22550:10937] [com.apple.coremedia:] <<<< Boss >>>> FigPlaybackBossSetAudibleRateRange: <0x10655e670|I/DDF.01> (no minAudibleRate) 0.000 (no maxAudibleRate) 0.000
2026-08-22 18:31:11.289 Df sensemobile[22550:108ed] [com.apple.coremedia:] <<<< Boss >>>> FigPlaybackBossSetAudibleRateRange: <0x10649a5c0|I/QPK.01> (no minAudibleRate) 0.000 (no maxAudibleRate) 0.000
2026-08-22 18:31:11.289 Df sensemobile[22550:10937] [com.apple.coremedia:] <<<< Boss >>>> FigPlaybackBossSetRateSnapping: <0x10655e670|I/DDF.01> snapToSimpleRates = false, minRateToStretchAudio = 0.031, maxRateToStretchAudio = 32.000
2026-08-22 18:31:11.289 Df sensemobile[22550:108ed] [com.apple.coremedia:] <<<< Boss >>>> FigPlaybackBossSetRateSnapping: <0x10649a5c0|I/QPK.01> snapToSimpleRates = false, minRateToStretchAudio = 0.031, maxRateToStretchAudio = 32.000
2026-08-22 18:31:11.289 Df sensemobile[22550:10937] [com.apple.coremedia:] <<<< Boss >>>> FigPlaybackBossSetContinuePlayingDuringPrerollForSeek: <0x10655e670|I/DDF.01> true
2026-08-22 18:31:11.289 Df sensemobile[22550:108ed] [com.apple.coremedia:] <<<< Boss >>>> FigPlaybackBossSetContinuePlayingDuringPrerollForSeek: <0x10649a5c0|I/QPK.01> true
2026-08-22 18:31:11.289 Df sensemobile[22550:10937] [com.apple.coremedia:] <<<< Boss >>>> FigPlaybackBossSetContinuePlayingDuringPrerollForRateChange: <0x10655e670|I/DDF.01> true
2026-08-22 18:31:11.289 Df sensemobile[22550:108ed] [com.apple.coremedia:] <<<< Boss >>>> FigPlaybackBossSetContinuePlayingDuringPrerollForRateChange: <0x10649a5c0|I/QPK.01> true
2026-08-22 18:31:11.289 Df sensemobile[22550:10937] [com.apple.coremedia:] <<<< Boss >>>> FigPlaybackBossSetUseIFrameOnlyPlaybackForHighRateScaledEdits: <0x10655e670|I/DDF.01> false
2026-08-22 18:31:11.289 Df sensemobile[22550:108ed] [com.apple.coremedia:] <<<< Boss >>>> FigPlaybackBossSetUseIFrameOnlyPlaybackForHighRateScaledEdits: <0x10649a5c0|I/QPK.01> false
2026-08-22 18:31:11.289 Df sensemobile[22550:10937] [com.apple.coremedia:] <<<< Boss >>>> FigPlaybackBossSetMinimumIntervalForIFrameOnlyPlayback: <0x10655e670|I/DDF.01> 0.100
2026-08-22 18:31:11.289 Df sensemobile[22550:108ed] [com.apple.coremedia:] <<<< Boss >>>> FigPlaybackBossSetMinimumIntervalForIFrameOnlyPlayback: <0x10649a5c0|I/QPK.01> 0.100
2026-08-22 18:31:11.289 Df sensemobile[22550:10937] [com.apple.coremedia:] <<<< Boss >>>> FigPlaybackBossSetThoroughlyRefreshClosedCaptionsWhenSeeking: <0x10655e670|I/DDF.01> false
2026-08-22 18:31:11.289 Df sensemobile[22550:108ed] [com.apple.coremedia:] <<<< Boss >>>> FigPlaybackBossSetThoroughlyRefreshClosedCaptionsWhenSeeking: <0x10649a5c0|I/QPK.01> false
2026-08-22 18:31:11.289 Df sensemobile[22550:10937] [com.apple.coremedia:player] <<<< FigFilePlayer >>>> itemfig_rebuildRenderPipelinesAndBossGuts: <0x1078b0200|I/DDF.01> Created playability monitor 0x107886030 (err=0)
2026-08-22 18:31:11.289 Df sensemobile[22550:108ed] [com.apple.coremedia:player] <<<< FigFilePlayer >>>> itemfig_rebuildRenderPipelinesAndBossGuts: <0x1078b6000|I/QPK.01> Created playability monitor 0x1080dce30 (err=0)
2026-08-22 18:31:11.290 Df sensemobile[22550:10937] [com.apple.coremedia:] <<<< Boss >>>> FigPlaybackBossSetMuted: <0x10655e670|I/DDF.01> Muted: No
2026-08-22 18:31:11.290 Df sensemobile[22550:108ed] [com.apple.coremedia:] <<<< Boss >>>> FigPlaybackBossSetMuted: <0x10649a5c0|I/QPK.01> Muted: No
2026-08-22 18:31:11.290 Df sensemobile[22550:10937] [com.apple.coremedia:player] <<<< FigFilePlayer >>>> playerfig_prepareWorkingItem2: [0x10786f400] P/TY posting PlayQueueBecameHungry
2026-08-22 18:31:11.288 Df sensemobile[22550:1092a] [com.apple.coremedia:] <<<< Boss >>>> bossSetMentorModesToScrub: <0x10655e270|I/XAW.01> called, tracks 0...0, time 0.000
2026-08-22 18:31:11.288 Df sensemobile[22550:10933] [com.apple.coreaudio:AQ]      AudioQueueObject.cpp:5174  SetProperty: AQ Time-stretcher: ionc@0x10647e0f0 TimePitchProperty set qtpb: 1
2026-08-22 18:31:11.288 Df sensemobile[22550:1092b] [com.apple.coremedia:] <<<< Boss >>>> FigPlaybackBossCreate: returning boss = 0x10655db00
2026-08-22 18:31:11.291 Df sensemobile[22550:1092a] [com.apple.coremedia:] <<<< Boss >>>> FigPlaybackBossSetTimeWithRange: <0x10655e270|I/XAW.01> playState set to Paused
2026-08-22 18:31:11.290 E  sensemobile[22550:10937] [com.apple.coremedia:player] <<<< FigFilePlayer >>>> signalled err=-12864 at <>:10029
2026-08-22 18:31:11.290 Df sensemobile[22550:108ed] [com.apple.coremedia:player] <<<< FigFilePlayer >>>> playerfig_prepareWorkingItem2: [0x1080afe00] P/RS posting PlayQueueBecameHungry
2026-08-22 18:31:11.291 Df sensemobile[22550:10937] [com.apple.coremedia:player] <<<< FigFilePlayer >>>> playerfig_prepareWorkingItem2: [0x10786f400|P/TY] <0x1078b0200|I/DDF.01> posting ReadyForPlayback
2026-08-22 18:31:11.291 Df sensemobile[22550:1092a] [com.apple.coremedia:] <<<< Boss >>>> FigPlaybackBossSetEndTime: <0x10655e270|I/XAW.01> endTime nan
2026-08-22 18:31:11.291 Df sensemobile[22550:1092b] [com.apple.coremedia:] <<<< Boss >>>> FigPlaybackBossSetTimeWithRange: <0x10655db00|I/KVM.01> newTime: 0.000000, scruboption = 0x4, range = [-inf, inf] seekID 0
2026-08-22 18:31:11.292 Df sensemobile[22550:10937] [com.apple.coremedia:player] <<<< FigFilePlayer >>>> playerfig_getNextPlaybackState: [0x10786f400] P/TY new playback state: Paused (Player) (playerRate: 0.000), WILL NOT update boss rate (nan), previous state: Paused, change reason: CurrentItemDetailsLoaded, playthrough prediction: likely, options: None
2026-08-22 18:31:11.291 Df sensemobile[22550:10916] [com.apple.coreaudio:AQ]      AudioQueueObject.cpp:5174  SetProperty: AQ Time-stretcher: ionc@0x10647e0f0 TimePitchProperty set qtpb: 1
2026-08-22 18:31:11.291 Df sensemobile[22550:10933] [com.apple.coremedia:] <<<< Boss >>>> FigPlaybackBossCreate: returning boss = 0x10649aca0
2026-08-22 18:31:11.292 Df sensemobile[22550:108ee] [com.apple.coremedia:player] <<<< FigFilePlayer >>>> playerfig_getNextPlaybackState: [0x10786f400] P/TY new playback state: Paused (Player) (playerRate: 0.000), WILL NOT update boss rate (nan), previous state: Paused, change reason: PlaythroughPredictionChanged, playthrough prediction: likely, options: None
2026-08-22 18:31:11.292 Df sensemobile[22550:1092b] [com.apple.coremedia:] <<<< Boss >>>> bossSetMentorModesToScrub: <0x10655db00|I/KVM.01> called, tracks 0...0, time 0.000
2026-08-22 18:31:11.292 E  sensemobile[22550:108ed] [com.apple.coremedia:player] <<<< FigFilePlayer >>>> signalled err=-12864 at <>:10029
2026-08-22 18:31:11.292 Df sensemobile[22550:1092a] [com.apple.coremedia:] <<<< Boss >>>> FigPlaybackBossSetReverseEndTime: <0x10655e270|I/XAW.01> reverseEndTime nan
2026-08-22 18:31:11.293 Df sensemobile[22550:1092b] [com.apple.coremedia:] <<<< Boss >>>> FigPlaybackBossSetTimeWithRange: <0x10655db00|I/KVM.01> playState set to Paused
2026-08-22 18:31:11.292 Df sensemobile[22550:108ee] [com.apple.coremedia:player] <<<< FigFilePlayer >>>> playerfig_getNextPlaybackState: [0x10786f400] P/TY new playback state: Paused (Player) (playerRate: 0.000), WILL NOT update boss rate (nan), previous state: Paused, change reason: PlaythroughPredictionChanged, playthrough prediction: likely, options: None
2026-08-22 18:31:11.293 Df sensemobile[22550:108ed] [com.apple.coremedia:player] <<<< FigFilePlayer >>>> playerfig_prepareWorkingItem2: [0x1080afe00|P/RS] <0x1078b6000|I/QPK.01> posting ReadyForPlayback
2026-08-22 18:31:11.293 Df sensemobile[22550:1092a] [com.apple.coremedia:] <<<< Boss >>>> FigPlaybackBossSetStopAtEnd: <0x10655e270|I/XAW.01> TRUE
2026-08-22 18:31:11.293 Df sensemobile[22550:1092b] [com.apple.coremedia:] <<<< Boss >>>> FigPlaybackBossSetEndTime: <0x10655db00|I/KVM.01> endTime nan
2026-08-22 18:31:11.292 Df sensemobile[22550:10933] [com.apple.coremedia:] <<<< Boss >>>> FigPlaybackBossSetTimeWithRange: <0x10649aca0|I/HQE.01> newTime: 0.000000, scruboption = 0x4, range = [-inf, inf] seekID 0
2026-08-22 18:31:11.293 Df sensemobile[22550:1092a] [com.apple.coremedia:] <<<< Boss >>>> FigPlaybackBossSetAdvanceTimeForOverlappedPlayback: <0x10655e270|I/XAW.01> advanceTimeForOverlappedPlayback nan
2026-08-22 18:31:11.293 Df sensemobile[22550:108ed] [com.apple.coremedia:player] <<<< FigFilePlayer >>>> playerfig_getNextPlaybackState: [0x1080afe00] P/RS new playback state: Paused (Player) (playerRate: 0.000), WILL NOT update boss rate (nan), previous state: Paused, change reason: CurrentItemDetailsLoaded, playthrough prediction: likely, options: None
2026-08-22 18:31:11.293 Df sensemobile[22550:1092b] [com.apple.coremedia:] <<<< Boss >>>> FigPlaybackBossSetReverseEndTime: <0x10655db00|I/KVM.01> reverseEndTime nan
2026-08-22 18:31:11.294 Df sensemobile[22550:1092a] [com.apple.coremedia:] <<<< Boss >>>> FigPlaybackBossSetAudibleRateRange: <0x10655e270|I/XAW.01> (no minAudibleRate) 0.000 (no maxAudibleRate) 0.000
2026-08-22 18:31:11.292 Df sensemobile[22550:108ef] [com.apple.coreaudio:AQ]      AudioQueueObject.cpp:5174  SetProperty: AQ Time-stretcher: ionc@0x10647e0f0 TimePitchProperty set qtpb: 1
2026-08-22 18:31:11.292 Df sensemobile[22550:10916] [com.apple.coremedia:] <<<< Boss >>>> FigPlaybackBossCreate: returning boss = 0x10649a940
2026-08-22 18:31:11.294 Df sensemobile[22550:1092a] [com.apple.coremedia:] <<<< Boss >>>> FigPlaybackBossSetRateSnapping: <0x10655e270|I/XAW.01> snapToSimpleRates = false, minRateToStretchAudio = 0.031, maxRateToStretchAudio = 32.000
2026-08-22 18:31:11.294 Df sensemobile[22550:1092b] [com.apple.coremedia:] <<<< Boss >>>> FigPlaybackBossSetStopAtEnd: <0x10655db00|I/KVM.01> TRUE
2026-08-22 18:31:11.294 Df sensemobile[22550:10917] [com.apple.coremedia:player] <<<< FigFilePlayer >>>> playerfig_getNextPlaybackState: [0x1080afe00] P/RS new playback state: Paused (Player) (playerRate: 0.000), WILL NOT update boss rate (nan), previous state: Paused, change reason: PlaythroughPredictionChanged, playthrough prediction: likely, options: None
2026-08-22 18:31:11.293 Df sensemobile[22550:10933] [com.apple.coremedia:] <<<< Boss >>>> bossSetMentorModesToScrub: <0x10649aca0|I/HQE.01> called, tracks 0...0, time 0.000
2026-08-22 18:31:11.294 Df sensemobile[22550:10917] [com.apple.coremedia:player] <<<< FigFilePlayer >>>> playerfig_getNextPlaybackState: [0x1080afe00] P/RS new playback state: Paused (Player) (playerRate: 0.000), WILL NOT update boss rate (nan), previous state: Paused, change reason: PlaythroughPredictionChanged, playthrough prediction: likely, options: None
2026-08-22 18:31:11.295 Df sensemobile[22550:10933] [com.apple.coremedia:] <<<< Boss >>>> FigPlaybackBossSetTimeWithRange: <0x10649aca0|I/HQE.01> playState set to Paused
2026-08-22 18:31:11.294 Df sensemobile[22550:1092b] [com.apple.coremedia:] <<<< Boss >>>> FigPlaybackBossSetAdvanceTimeForOverlappedPlayback: <0x10655db00|I/KVM.01> advanceTimeForOverlappedPlayback nan
2026-08-22 18:31:11.295 Df sensemobile[22550:10933] [com.apple.coremedia:] <<<< Boss >>>> FigPlaybackBossSetEndTime: <0x10649aca0|I/HQE.01> endTime nan
2026-08-22 18:31:11.295 Df sensemobile[22550:1092b] [com.apple.coremedia:] <<<< Boss >>>> FigPlaybackBossSetAudibleRateRange: <0x10655db00|I/KVM.01> (no minAudibleRate) 0.000 (no maxAudibleRate) 0.000
2026-08-22 18:31:11.295 Df sensemobile[22550:10933] [com.apple.coremedia:] <<<< Boss >>>> FigPlaybackBossSetReverseEndTime: <0x10649aca0|I/HQE.01> reverseEndTime nan
2026-08-22 18:31:11.294 Df sensemobile[22550:1092a] [com.apple.coremedia:] <<<< Boss >>>> FigPlaybackBossSetContinuePlayingDuringPrerollForSeek: <0x10655e270|I/XAW.01> true
2026-08-22 18:31:11.294 Df sensemobile[22550:10916] [com.apple.coremedia:] <<<< Boss >>>> FigPlaybackBossSetTimeWithRange: <0x10649a940|I/HZN.01> newTime: 0.000000, scruboption = 0x4, range = [-inf, inf] seekID 0
2026-08-22 18:31:11.294 Df sensemobile[22550:10919] [com.apple.coreaudio:AQ]      AudioQueueObject.cpp:5174  SetProperty: AQ Time-stretcher: ionc@0x10647e0f0 TimePitchProperty set qtpb: 1
2026-08-22 18:31:11.294 Df sensemobile[22550:108ef] [com.apple.coremedia:] <<<< Boss >>>> FigPlaybackBossCreate: returning boss = 0x10655e9d0
2026-08-22 18:31:11.295 Df sensemobile[22550:10919] [com.apple.coremedia:] <<<< Boss >>>> FigPlaybackBossCreate: returning boss = 0x10649a240
2026-08-22 18:31:11.295 Df sensemobile[22550:10916] [com.apple.coremedia:] <<<< Boss >>>> bossSetMentorModesToScrub: <0x10649a940|I/HZN.01> called, tracks 0...0, time 0.000
2026-08-22 18:31:11.295 Df sensemobile[22550:1092a] [com.apple.coremedia:] <<<< Boss >>>> FigPlaybackBossSetContinuePlayingDuringPrerollForRateChange: <0x10655e270|I/XAW.01> true
2026-08-22 18:31:11.296 Df sensemobile[22550:108ef] [com.apple.coremedia:] <<<< Boss >>>> FigPlaybackBossSetTimeWithRange: <0x10655e9d0|I/QNX.01> newTime: 0.000000, scruboption = 0x4, range = [-inf, inf] seekID 0
2026-08-22 18:31:11.295 Df sensemobile[22550:10933] [com.apple.coremedia:] <<<< Boss >>>> FigPlaybackBossSetStopAtEnd: <0x10649aca0|I/HQE.01> TRUE
2026-08-22 18:31:11.295 Df sensemobile[22550:1092b] [com.apple.coremedia:] <<<< Boss >>>> FigPlaybackBossSetRateSnapping: <0x10655db00|I/KVM.01> snapToSimpleRates = false, minRateToStretchAudio = 0.031, maxRateToStretchAudio = 32.000
2026-08-22 18:31:11.296 Df sensemobile[22550:10916] [com.apple.coremedia:] <<<< Boss >>>> FigPlaybackBossSetTimeWithRange: <0x10649a940|I/HZN.01> playState set to Paused
2026-08-22 18:31:11.296 Df sensemobile[22550:10919] [com.apple.coremedia:] <<<< Boss >>>> FigPlaybackBossSetTimeWithRange: <0x10649a240|I/YHA.01> newTime: 0.000000, scruboption = 0x4, range = [-inf, inf] seekID 0
2026-08-22 18:31:11.296 Df sensemobile[22550:1092a] [com.apple.coremedia:] <<<< Boss >>>> FigPlaybackBossSetUseIFrameOnlyPlaybackForHighRateScaledEdits: <0x10655e270|I/XAW.01> false
2026-08-22 18:31:11.296 Df sensemobile[22550:10919] [com.apple.coremedia:] <<<< Boss >>>> bossSetMentorModesToScrub: <0x10649a240|I/YHA.01> called, tracks 0...0, time 0.000
2026-08-22 18:31:11.296 Df sensemobile[22550:1092a] [com.apple.coremedia:] <<<< Boss >>>> FigPlaybackBossSetMinimumIntervalForIFrameOnlyPlayback: <0x10655e270|I/XAW.01> 0.100
2026-08-22 18:31:11.296 Df sensemobile[22550:10919] [com.apple.coremedia:] <<<< Boss >>>> FigPlaybackBossSetTimeWithRange: <0x10649a240|I/YHA.01> playState set to Paused
2026-08-22 18:31:11.296 Df sensemobile[22550:10916] [com.apple.coremedia:] <<<< Boss >>>> FigPlaybackBossSetEndTime: <0x10649a940|I/HZN.01> endTime nan
2026-08-22 18:31:11.296 Df sensemobile[22550:1092b] [com.apple.coremedia:] <<<< Boss >>>> FigPlaybackBossSetContinuePlayingDuringPrerollForSeek: <0x10655db00|I/KVM.01> true
2026-08-22 18:31:11.296 Df sensemobile[22550:10933] [com.apple.coremedia:] <<<< Boss >>>> FigPlaybackBossSetAdvanceTimeForOverlappedPlayback: <0x10649aca0|I/HQE.01> advanceTimeForOverlappedPlayback nan
2026-08-22 18:31:11.296 Df sensemobile[22550:108ef] [com.apple.coremedia:] <<<< Boss >>>> bossSetMentorModesToScrub: <0x10655e9d0|I/QNX.01> called, tracks 0...0, time 0.000
2026-08-22 18:31:11.297 Df sensemobile[22550:10933] [com.apple.coremedia:] <<<< Boss >>>> FigPlaybackBossSetAudibleRateRange: <0x10649aca0|I/HQE.01> (no minAudibleRate) 0.000 (no maxAudibleRate) 0.000
2026-08-22 18:31:11.297 Df sensemobile[22550:108ef] [com.apple.coremedia:] <<<< Boss >>>> FigPlaybackBossSetTimeWithRange: <0x10655e9d0|I/QNX.01> playState set to Paused
2026-08-22 18:31:11.297 Df sensemobile[22550:10933] [com.apple.coremedia:] <<<< Boss >>>> FigPlaybackBossSetRateSnapping: <0x10649aca0|I/HQE.01> snapToSimpleRates = false, minRateToStretchAudio = 0.031, maxRateToStretchAudio = 32.000
2026-08-22 18:31:11.297 Df sensemobile[22550:108ef] [com.apple.coremedia:] <<<< Boss >>>> FigPlaybackBossSetEndTime: <0x10655e9d0|I/QNX.01> endTime nan
2026-08-22 18:31:11.297 Df sensemobile[22550:10933] [com.apple.coremedia:] <<<< Boss >>>> FigPlaybackBossSetContinuePlayingDuringPrerollForSeek: <0x10649aca0|I/HQE.01> true
2026-08-22 18:31:11.297 Df sensemobile[22550:108ef] [com.apple.coremedia:] <<<< Boss >>>> FigPlaybackBossSetReverseEndTime: <0x10655e9d0|I/QNX.01> reverseEndTime nan
2026-08-22 18:31:11.297 Df sensemobile[22550:10933] [com.apple.coremedia:] <<<< Boss >>>> FigPlaybackBossSetContinuePlayingDuringPrerollForRateChange: <0x10649aca0|I/HQE.01> true
2026-08-22 18:31:11.297 Df sensemobile[22550:108ef] [com.apple.coremedia:] <<<< Boss >>>> FigPlaybackBossSetStopAtEnd: <0x10655e9d0|I/QNX.01> TRUE
2026-08-22 18:31:11.297 Df sensemobile[22550:10933] [com.apple.coremedia:] <<<< Boss >>>> FigPlaybackBossSetUseIFrameOnlyPlaybackForHighRateScaledEdits: <0x10649aca0|I/HQE.01> false
2026-08-22 18:31:11.297 Df sensemobile[22550:108ef] [com.apple.coremedia:] <<<< Boss >>>> FigPlaybackBossSetAdvanceTimeForOverlappedPlayback: <0x10655e9d0|I/QNX.01> advanceTimeForOverlappedPlayback nan
2026-08-22 18:31:11.297 Df sensemobile[22550:1092b] [com.apple.coremedia:] <<<< Boss >>>> FigPlaybackBossSetContinuePlayingDuringPrerollForRateChange: <0x10655db00|I/KVM.01> true
2026-08-22 18:31:11.297 Df sensemobile[22550:10916] [com.apple.coremedia:] <<<< Boss >>>> FigPlaybackBossSetReverseEndTime: <0x10649a940|I/HZN.01> reverseEndTime nan
2026-08-22 18:31:11.298 Df sensemobile[22550:10933] [com.apple.coremedia:] <<<< Boss >>>> FigPlaybackBossSetMinimumIntervalForIFrameOnlyPlayback: <0x10649aca0|I/HQE.01> 0.100
2026-08-22 18:31:11.296 Df sensemobile[22550:10919] [com.apple.coremedia:] <<<< Boss >>>> FigPlaybackBossSetEndTime: <0x10649a240|I/YHA.01> endTime nan
2026-08-22 18:31:11.296 Df sensemobile[22550:1092a] [com.apple.coremedia:] <<<< Boss >>>> FigPlaybackBossSetThoroughlyRefreshClosedCaptionsWhenSeeking: <0x10655e270|I/XAW.01> false
2026-08-22 18:31:11.298 Df sensemobile[22550:10916] [com.apple.coremedia:] <<<< Boss >>>> FigPlaybackBossSetStopAtEnd: <0x10649a940|I/HZN.01> TRUE
2026-08-22 18:31:11.298 Df sensemobile[22550:1092b] [com.apple.coremedia:] <<<< Boss >>>> FigPlaybackBossSetUseIFrameOnlyPlaybackForHighRateScaledEdits: <0x10655db00|I/KVM.01> false
2026-08-22 18:31:11.298 Df sensemobile[22550:10919] [com.apple.coremedia:] <<<< Boss >>>> FigPlaybackBossSetReverseEndTime: <0x10649a240|I/YHA.01> reverseEndTime nan
2026-08-22 18:31:11.298 Df sensemobile[22550:108ef] [com.apple.coremedia:] <<<< Boss >>>> FigPlaybackBossSetAudibleRateRange: <0x10655e9d0|I/QNX.01> (no minAudibleRate) 0.000 (no maxAudibleRate) 0.000
2026-08-22 18:31:11.298 Df sensemobile[22550:10933] [com.apple.coremedia:] <<<< Boss >>>> FigPlaybackBossSetThoroughlyRefreshClosedCaptionsWhenSeeking: <0x10649aca0|I/HQE.01> false
2026-08-22 18:31:11.298 Df sensemobile[22550:108ef] [com.apple.coremedia:] <<<< Boss >>>> FigPlaybackBossSetRateSnapping: <0x10655e9d0|I/QNX.01> snapToSimpleRates = false, minRateToStretchAudio = 0.031, maxRateToStretchAudio = 32.000
2026-08-22 18:31:11.298 Df sensemobile[22550:10919] [com.apple.coremedia:] <<<< Boss >>>> FigPlaybackBossSetStopAtEnd: <0x10649a240|I/YHA.01> TRUE
2026-08-22 18:31:11.298 Df sensemobile[22550:1092b] [com.apple.coremedia:] <<<< Boss >>>> FigPlaybackBossSetMinimumIntervalForIFrameOnlyPlayback: <0x10655db00|I/KVM.01> 0.100
2026-08-22 18:31:11.298 Df sensemobile[22550:10916] [com.apple.coremedia:] <<<< Boss >>>> FigPlaybackBossSetAdvanceTimeForOverlappedPlayback: <0x10649a940|I/HZN.01> advanceTimeForOverlappedPlayback nan
2026-08-22 18:31:11.298 Df sensemobile[22550:1092a] [com.apple.coremedia:player] <<<< FigFilePlayer >>>> itemfig_rebuildRenderPipelinesAndBossGuts: <0x10887ea00|I/XAW.01> Created playability monitor 0x108870230 (err=0)
2026-08-22 18:31:11.299 Df sensemobile[22550:10916] [com.apple.coremedia:] <<<< Boss >>>> FigPlaybackBossSetAudibleRateRange: <0x10649a940|I/HZN.01> (no minAudibleRate) 0.000 (no maxAudibleRate) 0.000
2026-08-22 18:31:11.299 Df sensemobile[22550:1092a] [com.apple.coremedia:] <<<< Boss >>>> FigPlaybackBossSetMuted: <0x10655e270|I/XAW.01> Muted: No
2026-08-22 18:31:11.299 Df sensemobile[22550:10916] [com.apple.coremedia:] <<<< Boss >>>> FigPlaybackBossSetRateSnapping: <0x10649a940|I/HZN.01> snapToSimpleRates = false, minRateToStretchAudio = 0.031, maxRateToStretchAudio = 32.000
2026-08-22 18:31:11.299 Df sensemobile[22550:1092a] [com.apple.coremedia:player] <<<< FigFilePlayer >>>> playerfig_prepareWorkingItem2: [0x10784d000] P/SV posting PlayQueueBecameHungry
2026-08-22 18:31:11.299 Df sensemobile[22550:10916] [com.apple.coremedia:] <<<< Boss >>>> FigPlaybackBossSetContinuePlayingDuringPrerollForSeek: <0x10649a940|I/HZN.01> true
2026-08-22 18:31:11.298 Df sensemobile[22550:1092b] [com.apple.coremedia:] <<<< Boss >>>> FigPlaybackBossSetThoroughlyRefreshClosedCaptionsWhenSeeking: <0x10655db00|I/KVM.01> false
2026-08-22 18:31:11.298 Df sensemobile[22550:10919] [com.apple.coremedia:] <<<< Boss >>>> FigPlaybackBossSetAdvanceTimeForOverlappedPlayback: <0x10649a240|I/YHA.01> advanceTimeForOverlappedPlayback nan
2026-08-22 18:31:11.298 Df sensemobile[22550:10933] [com.apple.coremedia:player] <<<< FigFilePlayer >>>> itemfig_rebuildRenderPipelinesAndBossGuts: <0x1080ca400|I/HQE.01> Created playability monitor 0x1078f3e30 (err=0)
2026-08-22 18:31:11.298 Df sensemobile[22550:108ef] [com.apple.coremedia:] <<<< Boss >>>> FigPlaybackBossSetContinuePlayingDuringPrerollForSeek: <0x10655e9d0|I/QNX.01> true
2026-08-22 18:31:11.299 Df sensemobile[22550:10933] [com.apple.coremedia:] <<<< Boss >>>> FigPlaybackBossSetMuted: <0x10649aca0|I/HQE.01> Muted: No
2026-08-22 18:31:11.300 Df sensemobile[22550:108ef] [com.apple.coremedia:] <<<< Boss >>>> FigPlaybackBossSetContinuePlayingDuringPrerollForRateChange: <0x10655e9d0|I/QNX.01> true
2026-08-22 18:31:11.300 Df sensemobile[22550:10933] [com.apple.coremedia:player] <<<< FigFilePlayer >>>> playerfig_prepareWorkingItem2: [0x10886b800] P/WO posting PlayQueueBecameHungry
2026-08-22 18:31:11.300 Df sensemobile[22550:108ef] [com.apple.coremedia:] <<<< Boss >>>> FigPlaybackBossSetUseIFrameOnlyPlaybackForHighRateScaledEdits: <0x10655e9d0|I/QNX.01> false
2026-08-22 18:31:11.299 Df sensemobile[22550:10919] [com.apple.coremedia:] <<<< Boss >>>> FigPlaybackBossSetAudibleRateRange: <0x10649a240|I/YHA.01> (no minAudibleRate) 0.000 (no maxAudibleRate) 0.000
2026-08-22 18:31:11.300 Df sensemobile[22550:108ef] [com.apple.coremedia:] <<<< Boss >>>> FigPlaybackBossSetMinimumIntervalForIFrameOnlyPlayback: <0x10655e9d0|I/QNX.01> 0.100
2026-08-22 18:31:11.300 Df sensemobile[22550:10919] [com.apple.coremedia:] <<<< Boss >>>> FigPlaybackBossSetRateSnapping: <0x10649a240|I/YHA.01> snapToSimpleRates = false, minRateToStretchAudio = 0.031, maxRateToStretchAudio = 32.000
2026-08-22 18:31:11.299 Df sensemobile[22550:1092b] [com.apple.coremedia:player] <<<< FigFilePlayer >>>> itemfig_rebuildRenderPipelinesAndBossGuts: <0x10887c600|I/KVM.01> Created playability monitor 0x1078de030 (err=0)
2026-08-22 18:31:11.299 E  sensemobile[22550:1092a] [com.apple.coremedia:player] <<<< FigFilePlayer >>>> signalled err=-12864 at <>:10029
2026-08-22 18:31:11.299 Df sensemobile[22550:10916] [com.apple.coremedia:] <<<< Boss >>>> FigPlaybackBossSetContinuePlayingDuringPrerollForRateChange: <0x10649a940|I/HZN.01> true
2026-08-22 18:31:11.300 Df sensemobile[22550:1092a] [com.apple.coremedia:player] <<<< FigFilePlayer >>>> playerfig_prepareWorkingItem2: [0x10784d000|P/SV] <0x10887ea00|I/XAW.01> posting ReadyForPlayback
2026-08-22 18:31:11.300 Df sensemobile[22550:10916] [com.apple.coremedia:] <<<< Boss >>>> FigPlaybackBossSetUseIFrameOnlyPlaybackForHighRateScaledEdits: <0x10649a940|I/HZN.01> false
2026-08-22 18:31:11.300 Df sensemobile[22550:1092b] [com.apple.coremedia:] <<<< Boss >>>> FigPlaybackBossSetMuted: <0x10655db00|I/KVM.01> Muted: No
2026-08-22 18:31:11.300 Df sensemobile[22550:10919] [com.apple.coremedia:] <<<< Boss >>>> FigPlaybackBossSetContinuePlayingDuringPrerollForSeek: <0x10649a240|I/YHA.01> true
2026-08-22 18:31:11.301 Df sensemobile[22550:10916] [com.apple.coremedia:] <<<< Boss >>>> FigPlaybackBossSetMinimumIntervalForIFrameOnlyPlayback: <0x10649a940|I/HZN.01> 0.100
2026-08-22 18:31:11.301 Df sensemobile[22550:1092a] [com.apple.coremedia:player] <<<< FigFilePlayer >>>> playerfig_getNextPlaybackState: [0x10784d000] P/SV new playback state: Paused (Player) (playerRate: 0.000), WILL NOT update boss rate (nan), previous state: Paused, change reason: CurrentItemDetailsLoaded, playthrough prediction: likely, options: None
2026-08-22 18:31:11.301 Df sensemobile[22550:10919] [com.apple.coremedia:] <<<< Boss >>>> FigPlaybackBossSetContinuePlayingDuringPrerollForRateChange: <0x10649a240|I/YHA.01> true
2026-08-22 18:31:11.300 Df sensemobile[22550:108ef] [com.apple.coremedia:] <<<< Boss >>>> FigPlaybackBossSetThoroughlyRefreshClosedCaptionsWhenSeeking: <0x10655e9d0|I/QNX.01> false
2026-08-22 18:31:11.301 Df sensemobile[22550:10916] [com.apple.coremedia:] <<<< Boss >>>> FigPlaybackBossSetThoroughlyRefreshClosedCaptionsWhenSeeking: <0x10649a940|I/HZN.01> false
2026-08-22 18:31:11.300 E  sensemobile[22550:10933] [com.apple.coremedia:player] <<<< FigFilePlayer >>>> signalled err=-12864 at <>:10029
2026-08-22 18:31:11.301 Df sensemobile[22550:1092b] [com.apple.coremedia:player] <<<< FigFilePlayer >>>> playerfig_prepareWorkingItem2: [0x1078a1000] P/HA posting PlayQueueBecameHungry
2026-08-22 18:31:11.301 Df sensemobile[22550:108ef] [com.apple.coremedia:player] <<<< FigFilePlayer >>>> itemfig_rebuildRenderPipelinesAndBossGuts: <0x108095400|I/QNX.01> Created playability monitor 0x1080d5630 (err=0)
2026-08-22 18:31:11.301 Df sensemobile[22550:10933] [com.apple.coremedia:player] <<<< FigFilePlayer >>>> playerfig_prepareWorkingItem2: [0x10886b800|P/WO] <0x1080ca400|I/HQE.01> posting ReadyForPlayback
2026-08-22 18:31:11.301 Df sensemobile[22550:10916] [com.apple.coremedia:player] <<<< FigFilePlayer >>>> itemfig_rebuildRenderPipelinesAndBossGuts: <0x10887e000|I/HZN.01> Created playability monitor 0x107883e30 (err=0)
2026-08-22 18:31:11.301 Df sensemobile[22550:108ef] [com.apple.coremedia:] <<<< Boss >>>> FigPlaybackBossSetMuted: <0x10655e9d0|I/QNX.01> Muted: No
2026-08-22 18:31:11.301 Df sensemobile[22550:10933] [com.apple.coremedia:player] <<<< FigFilePlayer >>>> playerfig_getNextPlaybackState: [0x10886b800] P/WO new playback state: Paused (Player) (playerRate: 0.000), WILL NOT update boss rate (nan), previous state: Paused, change reason: CurrentItemDetailsLoaded, playthrough prediction: likely, options: None
2026-08-22 18:31:11.301 E  sensemobile[22550:1092b] [com.apple.coremedia:player] <<<< FigFilePlayer >>>> signalled err=-12864 at <>:10029
2026-08-22 18:31:11.301 Df sensemobile[22550:10916] [com.apple.coremedia:] <<<< Boss >>>> FigPlaybackBossSetMuted: <0x10649a940|I/HZN.01> Muted: No
2026-08-22 18:31:11.301 Df sensemobile[22550:108ef] [com.apple.coremedia:player] <<<< FigFilePlayer >>>> playerfig_prepareWorkingItem2: [0x107899e00] P/CB posting PlayQueueBecameHungry
2026-08-22 18:31:11.301 Df sensemobile[22550:10936] [com.apple.coremedia:player] <<<< FigFilePlayer >>>> playerfig_getNextPlaybackState: [0x10784d000] P/SV new playback state: Paused (Player) (playerRate: 0.000), WILL NOT update boss rate (nan), previous state: Paused, change reason: PlaythroughPredictionChanged, playthrough prediction: likely, options: None
2026-08-22 18:31:11.301 Df sensemobile[22550:10932] [com.apple.coremedia:player] <<<< FigFilePlayer >>>> playerfig_getNextPlaybackState: [0x10886b800] P/WO new playback state: Paused (Player) (playerRate: 0.000), WILL NOT update boss rate (nan), previous state: Paused, change reason: PlaythroughPredictionChanged, playthrough prediction: likely, options: None
2026-08-22 18:31:11.301 Df sensemobile[22550:10919] [com.apple.coremedia:] <<<< Boss >>>> FigPlaybackBossSetUseIFrameOnlyPlaybackForHighRateScaledEdits: <0x10649a240|I/YHA.01> false
2026-08-22 18:31:11.301 Df sensemobile[22550:10916] [com.apple.coremedia:player] <<<< FigFilePlayer >>>> playerfig_prepareWorkingItem2: [0x1080c3600] P/TO posting PlayQueueBecameHungry
2026-08-22 18:31:11.301 Df sensemobile[22550:1092b] [com.apple.coremedia:player] <<<< FigFilePlayer >>>> playerfig_prepareWorkingItem2: [0x1078a1000|P/HA] <0x10887c600|I/KVM.01> posting ReadyForPlayback
2026-08-22 18:31:11.302 Df sensemobile[22550:10919] [com.apple.coremedia:] <<<< Boss >>>> FigPlaybackBossSetMinimumIntervalForIFrameOnlyPlayback: <0x10649a240|I/YHA.01> 0.100
2026-08-22 18:31:11.302 Df sensemobile[22550:10936] [com.apple.coremedia:player] <<<< FigFilePlayer >>>> playerfig_getNextPlaybackState: [0x10784d000] P/SV new playback state: Paused (Player) (playerRate: 0.000), WILL NOT update boss rate (nan), previous state: Paused, change reason: PlaythroughPredictionChanged, playthrough prediction: likely, options: None
2026-08-22 18:31:11.301 E  sensemobile[22550:108ef] [com.apple.coremedia:player] <<<< FigFilePlayer >>>> signalled err=-12864 at <>:10029
2026-08-22 18:31:11.302 E  sensemobile[22550:10916] [com.apple.coremedia:player] <<<< FigFilePlayer >>>> signalled err=-12864 at <>:10029
2026-08-22 18:31:11.302 Df sensemobile[22550:10919] [com.apple.coremedia:] <<<< Boss >>>> FigPlaybackBossSetThoroughlyRefreshClosedCaptionsWhenSeeking: <0x10649a240|I/YHA.01> false
2026-08-22 18:31:11.302 Df sensemobile[22550:10916] [com.apple.coremedia:player] <<<< FigFilePlayer >>>> playerfig_prepareWorkingItem2: [0x1080c3600|P/TO] <0x10887e000|I/HZN.01> posting ReadyForPlayback
2026-08-22 18:31:11.302 Df sensemobile[22550:10919] [com.apple.coremedia:player] <<<< FigFilePlayer >>>> itemfig_rebuildRenderPipelinesAndBossGuts: <0x1080c9800|I/YHA.01> Created playability monitor 0x1078e9030 (err=0)
2026-08-22 18:31:11.302 Df sensemobile[22550:10916] [com.apple.coremedia:player] <<<< FigFilePlayer >>>> playerfig_getNextPlaybackState: [0x1080c3600] P/TO new playback state: Paused (Player) (playerRate: 0.000), WILL NOT update boss rate (nan), previous state: Paused, change reason: CurrentItemDetailsLoaded, playthrough prediction: likely, options: None
2026-08-22 18:31:11.302 Df sensemobile[22550:10919] [com.apple.coremedia:] <<<< Boss >>>> FigPlaybackBossSetMuted: <0x10649a240|I/YHA.01> Muted: No
2026-08-22 18:31:11.302 Df sensemobile[22550:108ec] [com.apple.coremedia:player] <<<< FigFilePlayer >>>> playerfig_getNextPlaybackState: [0x1080c3600] P/TO new playback state: Paused (Player) (playerRate: 0.000), WILL NOT update boss rate (nan), previous state: Paused, change reason: PlaythroughPredictionChanged, playthrough prediction: likely, options: None
2026-08-22 18:31:11.303 Df sensemobile[22550:10919] [com.apple.coremedia:player] <<<< FigFilePlayer >>>> playerfig_prepareWorkingItem2: [0x108862000] P/FU posting PlayQueueBecameHungry
2026-08-22 18:31:11.302 Df sensemobile[22550:108ef] [com.apple.coremedia:player] <<<< FigFilePlayer >>>> playerfig_prepareWorkingItem2: [0x107899e00|P/CB] <0x108095400|I/QNX.01> posting ReadyForPlayback
2026-08-22 18:31:11.302 Df sensemobile[22550:1092b] [com.apple.coremedia:player] <<<< FigFilePlayer >>>> playerfig_getNextPlaybackState: [0x1078a1000] P/HA new playback state: Paused (Player) (playerRate: 0.000), WILL NOT update boss rate (nan), previous state: Paused, change reason: CurrentItemDetailsLoaded, playthrough prediction: likely, options: None
2026-08-22 18:31:11.303 Df sensemobile[22550:108ec] [com.apple.coremedia:player] <<<< FigFilePlayer >>>> playerfig_getNextPlaybackState: [0x1080c3600] P/TO new playback state: Paused (Player) (playerRate: 0.000), WILL NOT update boss rate (nan), previous state: Paused, change reason: PlaythroughPredictionChanged, playthrough prediction: likely, options: None
2026-08-22 18:31:11.302 Df sensemobile[22550:10932] [com.apple.coremedia:player] <<<< FigFilePlayer >>>> playerfig_getNextPlaybackState: [0x10886b800] P/WO new playback state: Paused (Player) (playerRate: 0.000), WILL NOT update boss rate (nan), previous state: Paused, change reason: PlaythroughPredictionChanged, playthrough prediction: likely, options: None
2026-08-22 18:31:11.303 Df sensemobile[22550:10938] [com.apple.coremedia:player] <<<< FigFilePlayer >>>> playerfig_getNextPlaybackState: [0x1078a1000] P/HA new playback state: Paused (Player) (playerRate: 0.000), WILL NOT update boss rate (nan), previous state: Paused, change reason: PlaythroughPredictionChanged, playthrough prediction: likely, options: None
2026-08-22 18:31:11.303 E  sensemobile[22550:10919] [com.apple.coremedia:player] <<<< FigFilePlayer >>>> signalled err=-12864 at <>:10029
2026-08-22 18:31:11.304 Df sensemobile[22550:10938] [com.apple.coremedia:player] <<<< FigFilePlayer >>>> playerfig_getNextPlaybackState: [0x1078a1000] P/HA new playback state: Paused (Player) (playerRate: 0.000), WILL NOT update boss rate (nan), previous state: Paused, change reason: PlaythroughPredictionChanged, playthrough prediction: likely, options: None
2026-08-22 18:31:11.303 Df sensemobile[22550:108ef] [com.apple.coremedia:player] <<<< FigFilePlayer >>>> playerfig_getNextPlaybackState: [0x107899e00] P/CB new playback state: Paused (Player) (playerRate: 0.000), WILL NOT update boss rate (nan), previous state: Paused, change reason: CurrentItemDetailsLoaded, playthrough prediction: likely, options: None
2026-08-22 18:31:11.304 Df sensemobile[22550:10919] [com.apple.coremedia:player] <<<< FigFilePlayer >>>> playerfig_prepareWorkingItem2: [0x108862000|P/FU] <0x1080c9800|I/YHA.01> posting ReadyForPlayback
2026-08-22 18:31:11.304 Df sensemobile[22550:10919] [com.apple.coremedia:player] <<<< FigFilePlayer >>>> playerfig_getNextPlaybackState: [0x108862000] P/FU new playback state: Paused (Player) (playerRate: 0.000), WILL NOT update boss rate (nan), previous state: Paused, change reason: CurrentItemDetailsLoaded, playthrough prediction: likely, options: None
2026-08-22 18:31:11.304 Df sensemobile[22550:108f1] [com.apple.coremedia:player] <<<< FigFilePlayer >>>> playerfig_getNextPlaybackState: [0x107899e00] P/CB new playback state: Paused (Player) (playerRate: 0.000), WILL NOT update boss rate (nan), previous state: Paused, change reason: PlaythroughPredictionChanged, playthrough prediction: likely, options: None
2026-08-22 18:31:11.304 Df sensemobile[22550:10939] [com.apple.coremedia:player] <<<< FigFilePlayer >>>> playerfig_getNextPlaybackState: [0x108862000] P/FU new playback state: Paused (Player) (playerRate: 0.000), WILL NOT update boss rate (nan), previous state: Paused, change reason: PlaythroughPredictionChanged, playthrough prediction: likely, options: None
2026-08-22 18:31:11.304 Df sensemobile[22550:108f1] [com.apple.coremedia:player] <<<< FigFilePlayer >>>> playerfig_getNextPlaybackState: [0x107899e00] P/CB new playback state: Paused (Player) (playerRate: 0.000), WILL NOT update boss rate (nan), previous state: Paused, change reason: PlaythroughPredictionChanged, playthrough prediction: likely, options: None
2026-08-22 18:31:11.305 Df sensemobile[22550:10939] [com.apple.coremedia:player] <<<< FigFilePlayer >>>> playerfig_getNextPlaybackState: [0x108862000] P/FU new playback state: Paused (Player) (playerRate: 0.000), WILL NOT update boss rate (nan), previous state: Paused, change reason: PlaythroughPredictionChanged, playthrough prediction: likely, options: None
2026-08-22 18:31:11.354 Df sensemobile[22550:10848] (CoreVideo) Pixel format registry initialized. Constant classes enabled.
2026-08-22 18:31:11.370 Df sensemobile[22550:108dd] [com.apple.network:connection] [C5.1.1.3 IPv4#20926829:443 initial path ((null))] event: path:start @0.364s
2026-08-22 18:31:11.373 Df sensemobile[22550:108dd] [com.apple.network:connection] [C5.1.1.3 IPv4#20926829:443 waiting path (satisfied (Path is satisfied), interface: en0)] event: path:satisfied @0.398s, uuid: 667D746B-6E65-42DA-AB39-E7D77C213B9B
2026-08-22 18:31:11.390 Df sensemobile[22550:108dd] [com.apple.network:connection] [C5.1.1.3 IPv4#20926829:443 in_progress socket-flow (satisfied (Path is satisfied), interface: en0)] event: flow:start_connect @0.415s
2026-08-22 18:31:11.495 Df sensemobile[22550:108dd] [com.apple.network:connection] [C5.1.1.4 IPv4#22905366:443 initial path ((null))] event: path:start @0.520s
2026-08-22 18:31:11.495 Df sensemobile[22550:108dd] [com.apple.network:connection] [C5.1.1.4 IPv4#22905366:443 waiting path (satisfied (Path is satisfied), interface: en0)] event: path:satisfied @0.520s, uuid: A34A641D-D62E-4079-8DED-F94F559CCD54
2026-08-22 18:31:11.495 Df sensemobile[22550:108dd] [com.apple.network:connection] [C5.1.1.4 IPv4#22905366:443 in_progress socket-flow (satisfied (Path is satisfied), interface: en0)] event: flow:start_connect @0.521s
2026-08-22 18:31:12.454 Df sensemobile[22550:10856] (libAudioDSP.dylib) cannot migrate AudioUnit assets for current process
2026-08-22 18:31:13.827 Df sensemobile[22550:10811] [com.apple.UIKit:InterfaceStyle] Not push traits update to screen for new style 1, <UIWindowScene: 0x106007d00> (9D03356D-3EEC-47CB-AA5D-74F192BD885B)
2026-08-22 18:31:13.828 Df sensemobile[22550:10811] [com.apple.UIKit:AppLifecycle] sceneOfRecord: sceneID: sceneID:com.dogmomhq.sensemobile-default  persistentID: 9D03356D-3EEC-47CB-AA5D-74F192BD885B
2026-08-22 18:31:13.828 Df sensemobile[22550:10811] [com.apple.UIKit:Application] Deactivation reason added: 5; deactivation reasons: 0 -> 32; animating application lifecycle event: 1
2026-08-22 18:31:13.828 Df sensemobile[22550:10811] [com.apple.UIKit:Application] Deactivation reason added: 12; deactivation reasons: 32 -> 4128; animating application lifecycle event: 1
2026-08-22 18:31:13.859 Df sensemobile[22550:10857] [com.apple.CFNetwork:Default] Task <B660AEB6-E62A-4D9B-8DC1-E0DFD534374A>.<8> resuming, timeouts(0.0, 604800.0) qos(0x19) voucher((null)) activity(00000000-0000-0000-0000-000000000000)
2026-08-22 18:31:13.876 Df sensemobile[22550:10857] [com.apple.CFNetwork:Default] Connection 0: creating secure tcp or quic connection
2026-08-22 18:31:13.876 Df sensemobile[22550:10857] [com.apple.CFNetwork:Default] Connection 6: enabling TLS
2026-08-22 18:31:13.876 Df sensemobile[22550:10857] [com.apple.CFNetwork:Default] Connection 6: starting, TC(0x0)
2026-08-22 18:31:13.876 Df sensemobile[22550:10857] [com.apple.network:connection] [C6 3119750C-6663-480C-A54C-CFB6121AB16F Hostname#f17f9367:443 quic-connection, url: https://us.i.posthog.com/batch/, definite, attribution: developer, context: com.apple.CFNetwork.NSURLSession.{1A6E9449-D3A3-4362-AB9E-E89A283A1742}{(null)}{Y}{2}{0x0} (private), proc: C9BCD2D3-D061-3D6C-B7F3-08CFAA8674E9, delegated upid: 0] start
2026-08-22 18:31:13.877 Df sensemobile[22550:10857] [com.apple.network:connection] [C6 Hostname#f17f9367:443 initial parent-flow ((null))] event: path:start @0.000s
2026-08-22 18:31:13.877 Df sensemobile[22550:10857] [com.apple.network:connection] [C6 Hostname#f17f9367:443 waiting parent-flow (satisfied (Path is satisfied), interface: en0)] event: path:satisfied @0.000s, uuid: D4D55E3D-F78D-4E90-9C86-7E1816A24B4D
2026-08-22 18:31:13.877 Df sensemobile[22550:10857] [com.apple.network:connection] [C6 Hostname#f17f9367:443 in_progress parent-flow (satisfied (Path is satisfied), interface: en0)] event: flow:start_connect @0.000s
2026-08-22 18:31:13.877 Df sensemobile[22550:10857] [com.apple.network:connection] nw_connection_report_state_with_handler_on_nw_queue [C6] reporting state preparing
2026-08-22 18:31:13.878 Df sensemobile[22550:10857] [com.apple.network:connection] [C6 Hostname#f17f9367:443 in_progress parent-flow (satisfied (Path is satisfied), interface: en0)] event: flow:start_child @0.002s
2026-08-22 18:31:13.878 Df sensemobile[22550:10857] [com.apple.network:connection] [C6.1 Hostname#f17f9367:443 initial path ((null))] event: path:start @0.002s
2026-08-22 18:31:13.879 Df sensemobile[22550:10857] [com.apple.network:connection] [C6.1 Hostname#f17f9367:443 waiting path (satisfied (Path is satisfied), interface: en0)] event: path:satisfied @0.002s, uuid: D4D55E3D-F78D-4E90-9C86-7E1816A24B4D
2026-08-22 18:31:13.879 Df sensemobile[22550:10857] [com.apple.network:connection] [C6.1 Hostname#f17f9367:443 in_progress transform (satisfied (Path is satisfied), interface: en0)] event: transform:start @0.002s
2026-08-22 18:31:13.879 Df sensemobile[22550:10857] [com.apple.network:connection] [C6.1.1 Hostname#f17f9367:443 initial path ((null))] event: path:start @0.002s
2026-08-22 18:31:13.880 Df sensemobile[22550:10857] [com.apple.network:connection] [C6.1.1 Hostname#f17f9367:443 waiting path (satisfied (Path is satisfied), interface: en0)] event: path:satisfied @0.003s, uuid: 06FD103D-BB28-4C72-BF01-C8F883572425
2026-08-22 18:31:13.880 Df sensemobile[22550:10857] [com.apple.network:connection] [C6.1.1 Hostname#f17f9367:443 in_progress resolver (satisfied (Path is satisfied), interface: en0)] event: resolver:start_dns @0.003s
2026-08-22 18:31:13.881 Df sensemobile[22550:10857] [com.apple.CFNetwork:Default] Task <B660AEB6-E62A-4D9B-8DC1-E0DFD534374A>.<8> setting up Connection 6
2026-08-22 18:31:13.884 Df sensemobile[22550:10857] [com.apple.network:connection] nw_endpoint_resolver_update [C6.1.1 Hostname#f17f9367:443 in_progress resolver (satisfied (Path is satisfied), interface: en0)] Adding endpoint handler for IPv4#708bde87:443
2026-08-22 18:31:13.884 Df sensemobile[22550:10857] [com.apple.network:connection] nw_endpoint_resolver_update [C6.1.1 Hostname#f17f9367:443 in_progress resolver (satisfied (Path is satisfied), interface: en0)] Adding endpoint handler for IPv4#932b2ff2:443
2026-08-22 18:31:13.884 Df sensemobile[22550:10857] [com.apple.network:connection] nw_endpoint_resolver_update [C6.1.1 Hostname#f17f9367:443 in_progress resolver (satisfied (Path is satisfied), interface: en0)] Adding endpoint handler for IPv4#14efe7a3:443
2026-08-22 18:31:13.884 Df sensemobile[22550:10857] [com.apple.network:connection] nw_endpoint_resolver_update [C6.1.1 Hostname#f17f9367:443 in_progress resolver (satisfied (Path is satisfied), interface: en0)] Adding endpoint handler for IPv4#e7bbb6ff:443
2026-08-22 18:31:13.884 Df sensemobile[22550:10857] [com.apple.network:connection] nw_endpoint_resolver_update [C6.1.1 Hostname#f17f9367:443 in_progress resolver (satisfied (Path is satisfied), interface: en0)] Adding endpoint handler for IPv4#50079779:443
2026-08-22 18:31:13.884 Df sensemobile[22550:10857] [com.apple.network:connection] nw_endpoint_resolver_update [C6.1.1 Hostname#f17f9367:443 in_progress resolver (satisfied (Path is satisfied), interface: en0)] Adding endpoint handler for IPv4#50491c5d:443
2026-08-22 18:31:13.884 Df sensemobile[22550:10857] [com.apple.network:connection] nw_endpoint_resolver_update [C6.1.1 Hostname#f17f9367:443 in_progress resolver (satisfied (Path is satisfied), interface: en0)] Adding endpoint handler for IPv4#efb179c6:443
2026-08-22 18:31:13.884 Df sensemobile[22550:10857] [com.apple.network:connection] nw_endpoint_resolver_update [C6.1.1 Hostname#f17f9367:443 in_progress resolver (satisfied (Path is satisfied), interface: en0)] Adding endpoint handler for IPv4#0574c151:443
2026-08-22 18:31:13.884 Df sensemobile[22550:10857] [com.apple.network:connection] [C6.1.1 Hostname#f17f9367:443 in_progress resolver (satisfied (Path is satisfied), interface: en0)] event: resolver:receive_dns @0.007s
2026-08-22 18:31:13.885 Df sensemobile[22550:10857] [com.apple.network:connection] [C6.1.1.1 IPv4#708bde87:443 initial path ((null))] event: path:start @0.008s
2026-08-22 18:31:13.885 Df sensemobile[22550:10857] [com.apple.network:connection] [C6.1.1.1 IPv4#708bde87:443 waiting path (satisfied (Path is satisfied), interface: en0)] event: path:satisfied @0.008s, uuid: D5544052-291C-4034-B708-A0247EAF381C
2026-08-22 18:31:13.885 Df sensemobile[22550:10857] [com.apple.network:connection] [C6.1.1.1 IPv4#708bde87:443 in_progress socket-flow (satisfied (Path is satisfied), interface: en0)] event: flow:start_connect @0.008s
2026-08-22 18:31:13.939 Df sensemobile[22550:10857] [com.apple.UserNotifications:Connections] [com.dogmomhq.sensemobile] Getting notification settings (async)
2026-08-22 18:31:13.940 Df sensemobile[22550:1084c] [com.apple.xpc:connection] [0x106065830] activating connection: mach=true listener=false peer=false name=com.apple.devicecheckd
2026-08-22 18:31:13.942 Df sensemobile[22550:1084c] [com.apple.network:path] nw_path_evaluator_start [1E71C179-4DC6-4BA8-9859-775CD68D49EB <NULL> generic, attribution: developer]
	path: satisfied (Path is satisfied), interface: en0
2026-08-22 18:31:13.942 Df sensemobile[22550:10856] [com.apple.UserNotifications:Connections] [com.dogmomhq.sensemobile] Got notification settings [ hasResult: 1 hasCompletionHandler: 1 ]
2026-08-22 18:31:13.967 Df sensemobile[22550:1084c] [com.apple.xpc:connection] [0x106065830] invalidated because the current process cancelled the connection by calling xpc_connection_cancel()
2026-08-22 18:31:14.028 Df sensemobile[22550:1084c] [com.apple.BackBoard:EventDelivery] policyStatus:<BKSHIDEventDeliveryPolicyObserver: 0x600002604360; token: com.apple.frontboard.systemappservices/FBSceneManager:sceneID%3Acom.dogmomhq.sensemobile-default; status: none> was:ancestor
2026-08-22 18:31:14.028 Df sensemobile[22550:10811] [com.apple.UIKit:KeyWindow] Scene target of keyboard event deferring environment did change: 0; scene: UIWindowScene: 0x106007d00; scene identity: com.apple.frontboard.systemappservices/FBSceneManager:sceneID%3Acom.dogmomhq.sensemobile-default
2026-08-22 18:31:14.045 Df sensemobile[22550:10811] [com.apple.UIKit:AppLifecycle] sceneOfRecord: sceneID: sceneID:com.dogmomhq.sensemobile-default  persistentID: 9D03356D-3EEC-47CB-AA5D-74F192BD885B
2026-08-22 18:31:14.048 Df sensemobile[22550:108dd] [com.apple.network:connection] [C6.1.1.2 IPv4#932b2ff2:443 initial path ((null))] event: path:start @0.171s
2026-08-22 18:31:14.053 Df sensemobile[22550:108dd] [com.apple.network:connection] [C6.1.1.2 IPv4#932b2ff2:443 waiting path (satisfied (Path is satisfied), interface: en0)] event: path:satisfied @0.176s, uuid: 2CED4C6D-E605-4032-89B3-DD4096023FC8
2026-08-22 18:31:14.104 Df sensemobile[22550:108dd] [com.apple.network:connection] [C6.1.1.2 IPv4#932b2ff2:443 in_progress socket-flow (satisfied (Path is satisfied), interface: en0)] event: flow:start_connect @0.227s
2026-08-22 18:31:14.219 Df sensemobile[22550:108dd] [com.apple.network:connection] [C6.1.1.3 IPv4#14efe7a3:443 initial path ((null))] event: path:start @0.342s
2026-08-22 18:31:14.220 Df sensemobile[22550:108dd] [com.apple.network:connection] [C6.1.1.3 IPv4#14efe7a3:443 waiting path (satisfied (Path is satisfied), interface: en0)] event: path:satisfied @0.343s, uuid: F2C89BD5-36D4-4807-9F19-6170A88A50B0
2026-08-22 18:31:14.224 Df sensemobile[22550:108dd] [com.apple.network:connection] [C6.1.1.3 IPv4#14efe7a3:443 in_progress socket-flow (satisfied (Path is satisfied), interface: en0)] event: flow:start_connect @0.347s
2026-08-22 18:31:14.327 Df sensemobile[22550:108dd] [com.apple.network:connection] [C6.1.1.4 IPv4#e7bbb6ff:443 initial path ((null))] event: path:start @0.450s
2026-08-22 18:31:14.328 Df sensemobile[22550:108dd] [com.apple.network:connection] [C6.1.1.4 IPv4#e7bbb6ff:443 waiting path (satisfied (Path is satisfied), interface: en0)] event: path:satisfied @0.451s, uuid: EF0CDE83-4EA1-4A81-AE25-B6A2C94C449F
2026-08-22 18:31:14.329 Df sensemobile[22550:108dd] [com.apple.network:connection] [C6.1.1.4 IPv4#e7bbb6ff:443 in_progress socket-flow (satisfied (Path is satisfied), interface: en0)] event: flow:start_connect @0.452s
2026-08-22 18:31:14.444 Df sensemobile[22550:108dd] [com.apple.network:connection] [C6.1.1.5 IPv4#50079779:443 initial path ((null))] event: path:start @0.566s
2026-08-22 18:31:14.444 Df sensemobile[22550:108dd] [com.apple.network:connection] [C6.1.1.5 IPv4#50079779:443 waiting path (satisfied (Path is satisfied), interface: en0)] event: path:satisfied @0.567s, uuid: FCE4DAC7-4AD5-4562-802B-9406D8C72C44
2026-08-22 18:31:14.447 Df sensemobile[22550:108dd] [com.apple.network:connection] [C6.1.1.5 IPv4#50079779:443 in_progress socket-flow (satisfied (Path is satisfied), interface: en0)] event: flow:start_connect @0.570s
2026-08-22 18:31:14.578 Df sensemobile[22550:108dd] [com.apple.network:connection] [C6.1.1.6 IPv4#50491c5d:443 initial path ((null))] event: path:start @0.701s
2026-08-22 18:31:14.578 Df sensemobile[22550:108dd] [com.apple.network:connection] [C6.1.1.6 IPv4#50491c5d:443 waiting path (satisfied (Path is satisfied), interface: en0)] event: path:satisfied @0.701s, uuid: EACDCDF9-496D-4644-8D38-4AD6F879FF7F
2026-08-22 18:31:14.579 Df sensemobile[22550:108dd] [com.apple.network:connection] [C6.1.1.6 IPv4#50491c5d:443 in_progress socket-flow (satisfied (Path is satisfied), interface: en0)] event: flow:start_connect @0.702s
2026-08-22 18:31:14.686 Df sensemobile[22550:108dd] [com.apple.network:connection] [C6.1.1.7 IPv4#efb179c6:443 initial path ((null))] event: path:start @0.809s
2026-08-22 18:31:14.686 Df sensemobile[22550:108dd] [com.apple.network:connection] [C6.1.1.7 IPv4#efb179c6:443 waiting path (satisfied (Path is satisfied), interface: en0)] event: path:satisfied @0.809s, uuid: 55BB2C8D-65E1-46A7-A9B5-B4C42923DA68
2026-08-22 18:31:14.689 Df sensemobile[22550:108dd] [com.apple.network:connection] [C6.1.1.7 IPv4#efb179c6:443 in_progress socket-flow (satisfied (Path is satisfied), interface: en0)] event: flow:start_connect @0.811s
2026-08-22 18:31:14.797 Df sensemobile[22550:108dd] [com.apple.network:connection] [C6.1.1.8 IPv4#0574c151:443 initial path ((null))] event: path:start @0.919s
2026-08-22 18:31:14.797 Df sensemobile[22550:108dd] [com.apple.network:connection] [C6.1.1.8 IPv4#0574c151:443 waiting path (satisfied (Path is satisfied), interface: en0)] event: path:satisfied @0.920s, uuid: 95627998-1EF2-4D32-AAFB-0F1E0E9EF330
2026-08-22 18:31:14.798 Df sensemobile[22550:108dd] [com.apple.network:connection] [C6.1.1.8 IPv4#0574c151:443 in_progress socket-flow (satisfied (Path is satisfied), interface: en0)] event: flow:start_connect @0.920s
2026-08-22 18:31:18.330 Df sensemobile[22550:10811] [com.apple.FrontBoard:SceneClient] [(FBSceneManager):sceneID:com.dogmomhq.sensemobile-default] Received action(s) in scene-update: <FBSceneSnapshotAction: 0x4432000e>
2026-08-22 18:31:18.333 Df sensemobile[22550:10811] [com.apple.UIKit:AppLifecycle] sceneOfRecord: sceneID: sceneID:com.dogmomhq.sensemobile-default  persistentID: 9D03356D-3EEC-47CB-AA5D-74F192BD885B
2026-08-22 18:31:18.334 Df sensemobile[22550:10811] [com.apple.UIKit:Application] Deactivation reason added: 11; deactivation reasons: 4128 -> 6176; animating application lifecycle event: 0
2026-08-22 18:31:18.335 Df sensemobile[22550:10811] [com.apple.UIKit:BackgroundTask] Will add backgroundTask with taskName: _UIRemoteKeyboard XPC disconnection, expirationHandler: (null)
2026-08-22 18:31:18.335 Df sensemobile[22550:10811] [com.apple.UIKit:BackgroundTask] Creating new assertion because there is no existing background assertion.
2026-08-22 18:31:18.335 Df sensemobile[22550:10811] [com.apple.UIKit:BackgroundTask] Creating new background assertion
2026-08-22 18:31:18.335 Df sensemobile[22550:10811] [com.apple.UIKit:BackgroundTask] Created new background assertion <BKSProcessAssertion: 0x60000217e670>
2026-08-22 18:31:18.336 Df sensemobile[22550:10811] [com.apple.UIKit:BackgroundTask] Incrementing reference count for background assertion <BKSProcessAssertion: 0x60000217e670>
2026-08-22 18:31:18.336 Df sensemobile[22550:10811] [com.apple.UIKit:BackgroundTask] Created background task <_UIBackgroundTaskInfo: 0x60000178a700>: taskID = 2, taskName = _UIRemoteKeyboard XPC disconnection, creationTime = 1028 (elapsed = 0).
2026-08-22 18:31:18.336 Df sensemobile[22550:10811] [com.apple.KeyboardArbiter:Client] com.dogmomhq.sensemobile(22550) invalidateConnection (appDidSuspend)
2026-08-22 18:31:18.336 Df sensemobile[22550:10811] [com.apple.xpc:connection] [0x106509d90] invalidated because the current process cancelled the connection by calling xpc_connection_cancel()
2026-08-22 18:31:18.337 Df sensemobile[22550:10811] [com.apple.UIKit:BackgroundTask] Will add backgroundTask with taskName: com.apple.asset_manager.cache_resource_cleanup, expirationHandler: <__NSMallocBlock__: 0x600000cbbf90>
2026-08-22 18:31:18.338 Df sensemobile[22550:10811] [com.apple.UIKit:BackgroundTask] Reusing background assertion <BKSProcessAssertion: 0x60000217e670>
2026-08-22 18:31:18.338 Df sensemobile[22550:10811] [com.apple.UIKit:BackgroundTask] Incrementing reference count for background assertion <BKSProcessAssertion: 0x60000217e670>
2026-08-22 18:31:18.338 Df sensemobile[22550:10811] [com.apple.UIKit:BackgroundTask] Created background task <_UIBackgroundTaskInfo: 0x60000178a800>: taskID = 3, taskName = com.apple.asset_manager.cache_resource_cleanup, creationTime = 1028 (elapsed = 0).
2026-08-22 18:31:18.338 Df sensemobile[22550:10811] [com.apple.UIKit:BackgroundTask] Ending background task with UIBackgroundTaskIdentifier: 3
2026-08-22 18:31:18.339 Df sensemobile[22550:10811] [com.apple.UIKit:BackgroundTask] Ending task with identifier 3 and description: <_UIBackgroundTaskInfo: 0x60000178a800>: taskID = 3, taskName = com.apple.asset_manager.cache_resource_cleanup, creationTime = 1028 (elapsed = 0), _expireHandler: <__NSMallocBlock__: 0x600000cb9e00>
2026-08-22 18:31:18.339 Df sensemobile[22550:10811] [com.apple.UIKit:BackgroundTask] Decrementing reference count for assertion <BKSProcessAssertion: 0x60000217e670> (used by background task with identifier 3: <_UIBackgroundTaskInfo: 0x60000178a800>: taskID = 3, taskName = com.apple.asset_manager.cache_resource_cleanup, creationTime = 1028 (elapsed = 0))
2026-08-22 18:31:18.334 Df sensemobile[22550:10857] [com.apple.xpc:connection] [0x106005730] invalidated because the current process cancelled the connection by calling xpc_connection_cancel()
2026-08-22 18:31:18.344 Df sensemobile[22550:10857] [com.apple.xpc:session] [0x600002105bd0] Session canceled.
2026-08-22 18:31:18.357 Df sensemobile[22550:10811] [com.apple.UIKit:BackgroundTask] Will add backgroundTask with taskName: com.apple.asset_manager.cache_resource_cleanup, expirationHandler: <__NSMallocBlock__: 0x600000cbb090>
2026-08-22 18:31:18.357 Df sensemobile[22550:10811] [com.apple.UIKit:BackgroundTask] Reusing background assertion <BKSProcessAssertion: 0x60000217e670>
2026-08-22 18:31:18.357 Df sensemobile[22550:10811] [com.apple.UIKit:BackgroundTask] Incrementing reference count for background assertion <BKSProcessAssertion: 0x60000217e670>
2026-08-22 18:31:18.357 Df sensemobile[22550:10811] [com.apple.UIKit:BackgroundTask] Created background task <_UIBackgroundTaskInfo: 0x60000178a500>: taskID = 4, taskName = com.apple.asset_manager.cache_resource_cleanup, creationTime = 1028 (elapsed = 0).
2026-08-22 18:31:18.358 Df sensemobile[22550:10811] [com.apple.UIKit:BackgroundTask] Ending background task with UIBackgroundTaskIdentifier: 4
2026-08-22 18:31:18.358 Df sensemobile[22550:10811] [com.apple.UIKit:BackgroundTask] Ending task with identifier 4 and description: <_UIBackgroundTaskInfo: 0x60000178a500>: taskID = 4, taskName = com.apple.asset_manager.cache_resource_cleanup, creationTime = 1028 (elapsed = 0), _expireHandler: <__NSMallocBlock__: 0x600000cbb420>
2026-08-22 18:31:18.358 Df sensemobile[22550:10811] [com.apple.UIKit:BackgroundTask] Decrementing reference count for assertion <BKSProcessAssertion: 0x60000217e670> (used by background task with identifier 4: <_UIBackgroundTaskInfo: 0x60000178a500>: taskID = 4, taskName = com.apple.asset_manager.cache_resource_cleanup, creationTime = 1028 (elapsed = 0))
2026-08-22 18:31:18.358 Df sensemobile[22550:10811] [com.apple.UIKit:Application] Deactivation reason removed: 5; deactivation reasons: 6176 -> 6144; animating application lifecycle event: 0
2026-08-22 18:31:18.358 Df sensemobile[22550:10811] [com.apple.UIKit:BackgroundTask] Will add backgroundTask with taskName: com.apple.uikit.applicationSnapshot, expirationHandler: <__NSMallocBlock__: 0x600000cc0720>
2026-08-22 18:31:18.358 Df sensemobile[22550:10811] [com.apple.UIKit:BackgroundTask] Reusing background assertion <BKSProcessAssertion: 0x60000217e670>
2026-08-22 18:31:18.358 Df sensemobile[22550:10811] [com.apple.UIKit:BackgroundTask] Incrementing reference count for background assertion <BKSProcessAssertion: 0x60000217e670>
2026-08-22 18:31:18.358 Df sensemobile[22550:10811] [com.apple.UIKit:BackgroundTask] Created background task <_UIBackgroundTaskInfo: 0x6000017bcac0>: taskID = 5, taskName = com.apple.uikit.applicationSnapshot, creationTime = 1028 (elapsed = 0).
2026-08-22 18:31:18.347 Df sensemobile[22550:10857] [com.apple.UIIntelligenceSupport:xpc] agent connection cancelled (details: Session manually canceled)
2026-08-22 18:31:18.359 Df sensemobile[22550:10811] [com.apple.UIKit:InterfaceStyle] Push traits update to screen for new style 1, <UIWindowScene: 0x106007d00> (9D03356D-3EEC-47CB-AA5D-74F192BD885B)
2026-08-22 18:31:18.359 Df sensemobile[22550:10857] [com.apple.xpc:session] [0x600002105bd0] Disposing of session
2026-08-22 18:31:18.360 Df sensemobile[22550:10811] [com.apple.UIKit:InterfaceStyle] Should not send trait collection or coordinate space update, interface style 1 -> 1, <UIWindowScene: 0x106007d00> (9D03356D-3EEC-47CB-AA5D-74F192BD885B)
2026-08-22 18:31:18.405 Df sensemobile[22550:10811] [com.apple.FrontBoard:Common] Performing snapshot request 0x600000cbb5d0 (type 1)
2026-08-22 18:31:18.406 Df sensemobile[22550:10811] [com.apple.FrontBoard:SceneClient] [(FBSceneManager):sceneID:com.dogmomhq.sensemobile-default] Sending action(s): <FBSSceneSnapshotRequestAction: 0x58160000>
2026-08-22 18:31:18.622 A  sensemobile[22550:10857] (RunningBoardServices) didChangeInheritances
2026-08-22 18:31:19.322 Df sensemobile[22550:1084c] [com.apple.FrontBoard:Common] Snapshot request 0x600000cbb5d0 complete
2026-08-22 18:31:19.325 Df sensemobile[22550:10811] [com.apple.UIKit:InterfaceStyle] Push traits update to screen for new style 1, <UIWindowScene: 0x106007d00> (9D03356D-3EEC-47CB-AA5D-74F192BD885B)
2026-08-22 18:31:19.325 Df sensemobile[22550:10811] [com.apple.UIKit:InterfaceStyle] Should not send trait collection or coordinate space update, interface style 1 -> 1, <UIWindowScene: 0x106007d00> (9D03356D-3EEC-47CB-AA5D-74F192BD885B)
2026-08-22 18:31:19.326 Df sensemobile[22550:10811] [com.apple.FrontBoard:Common] Performing snapshot request 0x600000cc0750 (type 1)
2026-08-22 18:31:19.365 Df sensemobile[22550:10811] [com.apple.FrontBoard:SceneClient] [(FBSceneManager):sceneID:com.dogmomhq.sensemobile-default] Sending action(s): <FBSSceneSnapshotRequestAction: 0x58160001>
2026-08-22 18:31:20.432 Df sensemobile[22550:10857] [com.apple.FrontBoard:Common] Snapshot request 0x600000cc0750 complete
2026-08-22 18:31:20.433 Df sensemobile[22550:10811] [com.apple.UIKit:BackgroundTask] Ending background task with UIBackgroundTaskIdentifier: 5
2026-08-22 18:31:20.434 Df sensemobile[22550:10811] [com.apple.UIKit:BackgroundTask] Ending task with identifier 5 and description: <_UIBackgroundTaskInfo: 0x6000017bcac0>: taskID = 5, taskName = com.apple.uikit.applicationSnapshot, creationTime = 1028 (elapsed = 2), _expireHandler: <__NSMallocBlock__: 0x600000cc0960>
2026-08-22 18:31:20.434 Df sensemobile[22550:10811] [com.apple.UIKit:BackgroundTask] Decrementing reference count for assertion <BKSProcessAssertion: 0x60000217e670> (used by background task with identifier 5: <_UIBackgroundTaskInfo: 0x6000017bcac0>: taskID = 5, taskName = com.apple.uikit.applicationSnapshot, creationTime = 1028 (elapsed = 2))
2026-08-22 18:31:20.439 Df sensemobile[22550:10811] [com.apple.UIKit:InterfaceStyle] Push traits update to screen for new style 1, <UIWindowScene: 0x106007d00> (9D03356D-3EEC-47CB-AA5D-74F192BD885B)
2026-08-22 18:31:20.440 Df sensemobile[22550:10811] [com.apple.UIKit:InterfaceStyle] Should not send trait collection or coordinate space update, interface style 1 -> 1, <UIWindowScene: 0x106007d00> (9D03356D-3EEC-47CB-AA5D-74F192BD885B)
2026-08-22 18:31:20.444 Df sensemobile[22550:10811] [com.apple.UIKit:EventDeferring] [0x6000029104d0] [keyboardFocus] Disabling event deferring records requested: adding recreation reason: detachedContext; for reason: _UIEventDeferringManager: 0x6000029104d0: disabling keyboardFocus: context detached for window: 0x10650c170; contextID: 0xCFACEF24
2026-08-22 18:31:20.447 Df sensemobile[22550:10811] [com.apple.UIKit:BackgroundTask] Will add backgroundTask with taskName: com.apple.UIKit.CABackingStoreCollect, expirationHandler: (null)
2026-08-22 18:31:20.447 Df sensemobile[22550:10811] [com.apple.UIKit:BackgroundTask] Reusing background assertion <BKSProcessAssertion: 0x60000217e670>
2026-08-22 18:31:20.447 Df sensemobile[22550:10811] [com.apple.UIKit:BackgroundTask] Incrementing reference count for background assertion <BKSProcessAssertion: 0x60000217e670>
2026-08-22 18:31:20.447 Df sensemobile[22550:10811] [com.apple.UIKit:BackgroundTask] Created background task <_UIBackgroundTaskInfo: 0x6000017bc740>: taskID = 6, taskName = com.apple.UIKit.CABackingStoreCollect, creationTime = 1030 (elapsed = 0).
2026-08-22 18:31:20.459 Df sensemobile[22550:10811] [com.apple.UIKit:UpdateScheduler] Target list changed:
2026-08-22 18:31:20.459 Df sensemobile[22550:10811] [com.apple.UIKit:BackgroundTask] Ending background task with UIBackgroundTaskIdentifier: 2
2026-08-22 18:31:20.460 Df sensemobile[22550:10811] [com.apple.UIKit:BackgroundTask] Ending task with identifier 2 and description: <_UIBackgroundTaskInfo: 0x60000178a700>: taskID = 2, taskName = _UIRemoteKeyboard XPC disconnection, creationTime = 1028 (elapsed = 2), _expireHandler: (null)
2026-08-22 18:31:20.460 Df sensemobile[22550:10811] [com.apple.UIKit:BackgroundTask] Decrementing reference count for assertion <BKSProcessAssertion: 0x60000217e670> (used by background task with identifier 2: <_UIBackgroundTaskInfo: 0x60000178a700>: taskID = 2, taskName = _UIRemoteKeyboard XPC disconnection, creationTime = 1028 (elapsed = 2))
2026-08-22 18:31:20.460 Df sensemobile[22550:10811] [com.apple.UIKit:AppLifecycle] sceneOfRecord: sceneID: sceneID:com.dogmomhq.sensemobile-default  persistentID: 9D03356D-3EEC-47CB-AA5D-74F192BD885B
2026-08-22 18:31:20.460 Df sensemobile[22550:10811] [com.apple.UIKit:InterfaceStyle] Not push traits update to screen for new style 1, <UIWindowScene: 0x106007d00> (9D03356D-3EEC-47CB-AA5D-74F192BD885B)
2026-08-22 18:31:20.514 Df sensemobile[22550:10811] [com.apple.UIKit:BackgroundTask] Ending background task with UIBackgroundTaskIdentifier: 6
2026-08-22 18:31:20.520 Df sensemobile[22550:10811] [com.apple.UIKit:BackgroundTask] Ending task with identifier 6 and description: <_UIBackgroundTaskInfo: 0x6000017bc740>: taskID = 6, taskName = com.apple.UIKit.CABackingStoreCollect, creationTime = 1030 (elapsed = 0), _expireHandler: (null)
2026-08-22 18:31:20.641 Df sensemobile[22550:10811] [com.apple.UIKit:BackgroundTask] Decrementing reference count for assertion <BKSProcessAssertion: 0x60000217e670> (used by background task with identifier 6: <_UIBackgroundTaskInfo: 0x6000017bc740>: taskID = 6, taskName = com.apple.UIKit.CABackingStoreCollect, creationTime = 1030 (elapsed = 0))
2026-08-22 18:31:20.642 Df sensemobile[22550:10811] [com.apple.UIKit:BackgroundTask] Will invalidate assertion: <BKSProcessAssertion: 0x60000217e670> for task identifier: 6
2026-08-22 18:31:22.457 Df sensemobile[22550:10811] [com.apple.UIKit:AppLifecycle] sceneOfRecord: sceneID: sceneID:com.dogmomhq.sensemobile-default  persistentID: 9D03356D-3EEC-47CB-AA5D-74F192BD885B
2026-08-22 18:31:22.457 Df sensemobile[22550:10811] [com.apple.UIKit:Application] Deactivation reason added: 5; deactivation reasons: 6144 -> 6176; animating application lifecycle event: 1
2026-08-22 18:31:22.457 Df sensemobile[22550:10811] [com.apple.UIKit:Application] Ignoring already applied deactivation reason: 12; deactivation reasons: 6176
2026-08-22 18:31:22.458 Df sensemobile[22550:10811] [com.apple.UIKit:Application] Deactivation reason removed: 11; deactivation reasons: 6176 -> 4128; animating application lifecycle event: 1
2026-08-22 18:31:22.458 Df sensemobile[22550:10811] [com.apple.UIKit:EventDeferring] [0x6000029104d0] [keyboardFocus] Recreation of event deferring records requested: removing recreation reason: detachedContext; for reason: _UIEventDeferringManager: 0x6000029104d0: recreating keyboardFocus: context attached for window: 0x10650c170; contextID: 0xC0C862A4
2026-08-22 18:31:22.472 Df sensemobile[22550:1084c] [com.apple.UIIntelligenceSupport:xpc] establishing connection to agent
2026-08-22 18:31:22.473 Df sensemobile[22550:1084c] [com.apple.xpc:session] [0x60000214ab70] Session created.
2026-08-22 18:31:22.473 Df sensemobile[22550:1084c] [com.apple.xpc:session] [0x60000214ab70] Session created from connection [0x1065749f0]
2026-08-22 18:31:22.473 Df sensemobile[22550:1084c] [com.apple.xpc:connection] [0x1065749f0] activating connection: mach=true listener=false peer=false name=com.apple.uiintelligencesupport.agent
2026-08-22 18:31:22.471 A  sensemobile[22550:108dd] (RunningBoardServices) didChangeInheritances
2026-08-22 18:31:22.478 Df sensemobile[22550:1084c] [com.apple.xpc:session] [0x60000214ab70] Session activated
2026-08-22 18:31:22.506 Df sensemobile[22550:10811] [com.apple.UIKit:UpdateScheduler] Target list changed: <CADisplay:LCD PurpleMain>
2026-08-22 18:31:22.506 Df sensemobile[22550:10811] [com.apple.KeyboardArbiter:Client] startConnection
2026-08-22 18:31:22.506 Df sensemobile[22550:10811] [com.apple.xpc:connection] [0x106557630] activating connection: mach=true listener=false peer=false name=com.apple.UIKit.KeyboardManagement.hosted
2026-08-22 18:31:22.509 Df sensemobile[22550:10811] [com.apple.KeyboardArbiter:Client] handleKeyboardChange: set currentKeyboard:N (wasKeyboard:N)
2026-08-22 18:31:22.562 Df sensemobile[22550:10811] [com.apple.UIKit:AppLifecycle] sceneOfRecord: sceneID: sceneID:com.dogmomhq.sensemobile-default  persistentID: 9D03356D-3EEC-47CB-AA5D-74F192BD885B
2026-08-22 18:31:22.562 Df sensemobile[22550:10811] [com.apple.UIKit:InterfaceStyle] Not push traits update to screen for new style 1, <UIWindowScene: 0x106007d00> (9D03356D-3EEC-47CB-AA5D-74F192BD885B)
2026-08-22 18:31:22.627 Df sensemobile[22550:10811] [com.apple.UIKit:AppLifecycle] sceneOfRecord: sceneID: sceneID:com.dogmomhq.sensemobile-default  persistentID: 9D03356D-3EEC-47CB-AA5D-74F192BD885B
2026-08-22 18:31:22.656 Df sensemobile[22550:1084c] [com.apple.BackBoard:EventDelivery] policyStatus:<BKSHIDEventDeliveryPolicyObserver: 0x600002604360; token: com.apple.frontboard.systemappservices/FBSceneManager:sceneID%3Acom.dogmomhq.sensemobile-default; status: ancestor> was:none
2026-08-22 18:31:22.656 Df sensemobile[22550:10811] [com.apple.UIKit:KeyWindow] Scene target of keyboard event deferring environment did change: 1; scene: UIWindowScene: 0x106007d00; scene identity: com.apple.frontboard.systemappservices/FBSceneManager:sceneID%3Acom.dogmomhq.sensemobile-default
2026-08-22 18:31:22.656 Df sensemobile[22550:10811] [com.apple.UIKit:EventDeferring] [0x6000029104d0] Scene target of event deferring environments did update: scene: 0x106007d00; current systemShellManagesKeyboardFocus: 1; systemShellManagesKeyboardFocusForScene: 1; eligibleForRecordRemoval: 1;
2026-08-22 18:31:22.656 Df sensemobile[22550:10811] [com.apple.UIKit:KeyWindow] Scene became target of keyboard event deferring environment: UIWindowScene: 0x106007d00; scene identity: com.apple.frontboard.systemappservices/FBSceneManager:sceneID%3Acom.dogmomhq.sensemobile-default
2026-08-22 18:31:22.658 A  sensemobile[22550:108dd] (RunningBoardServices) didChangeInheritances
2026-08-22 18:31:22.709 Df sensemobile[22550:10811] [com.apple.UIKit:AppLifecycle] sceneOfRecord: sceneID: sceneID:com.dogmomhq.sensemobile-default  persistentID: 9D03356D-3EEC-47CB-AA5D-74F192BD885B
2026-08-22 18:31:22.897 Df sensemobile[22550:10811] [com.apple.UIKit:InterfaceStyle] Not push traits update to screen for new style 1, <UIWindowScene: 0x106007d00> (9D03356D-3EEC-47CB-AA5D-74F192BD885B)
2026-08-22 18:31:22.897 Df sensemobile[22550:10811] [com.apple.UIKit:AppLifecycle] sceneOfRecord: sceneID: sceneID:com.dogmomhq.sensemobile-default  persistentID: 9D03356D-3EEC-47CB-AA5D-74F192BD885B
2026-08-22 18:31:22.898 Df sensemobile[22550:10811] [com.apple.UIKit:Application] Deactivation reason removed: 12; deactivation reasons: 4128 -> 32; animating application lifecycle event: 1
2026-08-22 18:31:22.898 Df sensemobile[22550:10811] [com.apple.KeyboardArbiter:Client] Send setDeactivating: N (-DeactivationReason:SuspendedEventsOnly)
2026-08-22 18:31:22.899 Df sensemobile[22550:10811] [com.apple.UIKit:Application] Deactivation reason removed: 5; deactivation reasons: 32 -> 0; animating application lifecycle event: 0
2026-08-22 18:31:22.924 Df sensemobile[22550:1084c] [com.apple.UserNotifications:Connections] [com.dogmomhq.sensemobile] Getting notification settings (async)
2026-08-22 18:31:23.020 Df sensemobile[22550:10811] [com.apple.CFNetwork:Default] TCP Conn [7:0x600003311040] using empty proxy configuration
2026-08-22 18:31:23.020 Df sensemobile[22550:10811] [com.apple.CFNetwork:Default] Stream client bypassing proxies on TCP Conn [7:0x600003311040]
2026-08-22 18:31:23.020 Df sensemobile[22550:10811] [com.apple.CFNetwork:Default] TCP Conn 0x600003311040 started
2026-08-22 18:31:23.023 Df sensemobile[22550:10857] [com.apple.network:connection] [C7 2A8D4CFE-4CFB-4FC4-9915-DAB504E5671E Hostname#af5e4034:443 tcp, definite, attribution: developer, context: Default Network Context (private), proc: C9BCD2D3-D061-3D6C-B7F3-08CFAA8674E9, delegated upid: 0, no proxy, prohibit fallback, allow socket access] start
2026-08-22 18:31:23.023 Df sensemobile[22550:10857] [com.apple.network:connection] [C7 Hostname#af5e4034:443 initial parent-flow ((null))] event: path:start @0.000s
2026-08-22 18:31:23.033 Df sensemobile[22550:10857] [com.apple.network:connection] [C7 Hostname#af5e4034:443 waiting parent-flow (satisfied (Path is satisfied), interface: en0)] event: path:satisfied @0.010s, uuid: 234DCFA6-3E36-45B5-BA67-8B55990037C4
2026-08-22 18:31:23.034 Df sensemobile[22550:10857] [com.apple.network:connection] [C7 Hostname#af5e4034:443 in_progress parent-flow (satisfied (Path is satisfied), interface: en0)] event: flow:start_connect @0.010s
2026-08-22 18:31:23.034 Df sensemobile[22550:10857] [com.apple.network:connection] nw_connection_report_state_with_handler_on_nw_queue [C7] reporting state preparing
2026-08-22 18:31:23.034 Df sensemobile[22550:10857] [com.apple.network:connection] [C7 Hostname#af5e4034:443 in_progress parent-flow (satisfied (Path is satisfied), interface: en0)] event: flow:start_child @0.010s
2026-08-22 18:31:23.035 Df sensemobile[22550:10857] [com.apple.network:connection] [C7.1 Hostname#af5e4034:443 initial path ((null))] event: path:start @0.011s
2026-08-22 18:31:23.035 Df sensemobile[22550:10857] [com.apple.network:connection] [C7.1 Hostname#af5e4034:443 waiting path (satisfied (Path is satisfied), interface: en0)] event: path:satisfied @0.011s, uuid: 234DCFA6-3E36-45B5-BA67-8B55990037C4
2026-08-22 18:31:23.035 Df sensemobile[22550:10857] [com.apple.network:connection] [C7.1 Hostname#af5e4034:443 in_progress resolver (satisfied (Path is satisfied), interface: en0)] event: resolver:start_dns @0.011s
2026-08-22 18:31:23.048 Df sensemobile[22550:10857] [com.apple.UserNotifications:Connections] [com.dogmomhq.sensemobile] Got notification settings [ hasResult: 1 hasCompletionHandler: 1 ]
2026-08-22 18:31:23.057 Df sensemobile[22550:1084c] [com.apple.network:connection] nw_endpoint_resolver_update [C7.1 Hostname#af5e4034:443 in_progress resolver (satisfied (Path is satisfied), interface: en0)] Adding endpoint handler for IPv4#c85a94eb:443
2026-08-22 18:31:23.057 Df sensemobile[22550:1084c] [com.apple.network:connection] [C7.1 Hostname#af5e4034:443 in_progress resolver (satisfied (Path is satisfied), interface: en0)] event: resolver:receive_dns @0.033s
2026-08-22 18:31:23.057 Df sensemobile[22550:1084c] [com.apple.network:connection] [C7.1.1 IPv4#c85a94eb:443 initial path ((null))] event: path:start @0.033s
2026-08-22 18:31:23.062 Df sensemobile[22550:1084c] [com.apple.network:connection] [C7.1.1 IPv4#c85a94eb:443 waiting path (satisfied (Path is satisfied), interface: en0)] event: path:satisfied @0.038s, uuid: 783E5F5F-DA86-49CA-A7AD-D8B7AACDF0EC
2026-08-22 18:31:23.062 Df sensemobile[22550:1084c] [com.apple.network:connection] nw_socket_initialize_socket [C7.1.1:1] Not guarding fd 46
2026-08-22 18:31:23.071 Df sensemobile[22550:1084c] [com.apple.network:connection] [C7.1.1 IPv4#c85a94eb:443 in_progress socket-flow (satisfied (Path is satisfied), interface: en0)] event: flow:start_connect @0.047s
2026-08-22 18:31:23.855 Df sensemobile[22550:1084c] [com.apple.CFNetwork:Summary] Task <B660AEB6-E62A-4D9B-8DC1-E0DFD534374A>.<8> summary for task failure {transaction_duration_ms=9986, response_status=200, connection=6, reused=1, reused_after_ms=0, request_start_ms=0, request_duration_ms=0, response_start_ms=0, response_duration_ms=0, request_bytes=0, request_throughput_kbps=0, response_bytes=0, response_throughput_kbps=0, cache_hit=true}
2026-08-22 18:31:23.856 Df sensemobile[22550:1084c] [com.apple.CFNetwork:Default] Task <B660AEB6-E62A-4D9B-8DC1-E0DFD534374A>.<8> finished with error [-999] Error Domain=NSURLErrorDomain Code=-999 "cancelled" UserInfo={NSErrorFailingURLStringKey=https://us.i.posthog.com/batch/, NSErrorFailingURLKey=https://us.i.posthog.com/batch/, _NSURLErrorRelatedURLSessionTaskErrorKey=(
    "LocalDataTask <B660AEB6-E62A-4D9B-8DC1-E0DFD534374A>.<8>"
), _NSURLErrorFailingURLSessionTaskErrorKey=LocalDataTask <B660AEB6-E62A-4D9B-8DC1-E0DFD534374A>.<8>, NSLocalizedDescription=cancelled}
2026-08-22 18:31:23.857 Df sensemobile[22550:1084c] [com.apple.CFNetwork:Default] Connection 6: cleaning up
2026-08-22 18:31:23.857 Df sensemobile[22550:1084c] [com.apple.CFNetwork:Summary] Connection 6: summary for unused connection {protocol="(null)", domain_lookup_duration_ms=0, connect_duration_ms=0, secure_connection_duration_ms=0, private_relay=false, idle_duration_ms=0}
2026-08-22 18:31:23.857 Df sensemobile[22550:1084c] [com.apple.network:connection] [C6 3119750C-6663-480C-A54C-CFB6121AB16F Hostname#f17f9367:443 quic-connection, url: https://us.i.posthog.com/batch/, definite, attribution: developer] cancel
2026-08-22 18:31:23.857 Df sensemobile[22550:1084c] [com.apple.network:connection] [C6 Hostname#f17f9367:443 quic-connection, url: https://us.i.posthog.com/batch/, definite, attribution: developer] cancelled
2026-08-22 18:31:23.869 Df sensemobile[22550:1084c] [com.apple.network:connection] nw_connection_report_state_with_handler_on_nw_queue [C6] reporting state cancelled
2026-08-22 18:31:23.869 Df sensemobile[22550:1084c] [com.apple.CFNetwork:Default] Task <B660AEB6-E62A-4D9B-8DC1-E0DFD534374A>.<8> can retry(N) with reason(2) for error [1:89]
2026-08-22 18:31:23.869 Df sensemobile[22550:1084c] [com.apple.CFNetwork:Default] Connection 6: done
2026-08-22 18:31:23.878 Df sensemobile[22550:1084c] [com.apple.CFNetwork:Default] Task <B660AEB6-E62A-4D9B-8DC1-E0DFD534374A>.<8> HTTP load canceled, 0/0 bytes (error code: -999 [1:89])
2026-08-22 18:31:26.849 Df sensemobile[22550:108dd] [com.apple.CFNetwork:Default] Task <CBCCB7FC-40C2-4B6D-9038-732F10A22868>.<9> resuming, timeouts(0.0, 604800.0) qos(0x19) voucher((null)) activity(00000000-0000-0000-0000-000000000000)
2026-08-22 18:31:26.852 Df sensemobile[22550:108dd] [com.apple.CFNetwork:Default] Connection 0: creating secure tcp or quic connection
2026-08-22 18:31:26.852 Df sensemobile[22550:108dd] [com.apple.CFNetwork:Default] Connection 8: enabling TLS
2026-08-22 18:31:26.852 Df sensemobile[22550:108dd] [com.apple.CFNetwork:Default] Connection 8: starting, TC(0x0)
2026-08-22 18:31:26.852 Df sensemobile[22550:108dd] [com.apple.network:connection] [C8 B5AE4BA3-AC5D-4922-9E2A-BFEA8D81ABF0 Hostname#f17f9367:443 quic-connection, url: https://us.i.posthog.com/batch/, definite, attribution: developer, context: com.apple.CFNetwork.NSURLSession.{1A6E9449-D3A3-4362-AB9E-E89A283A1742}{(null)}{Y}{2}{0x0} (private), proc: C9BCD2D3-D061-3D6C-B7F3-08CFAA8674E9, delegated upid: 0] start
2026-08-22 18:31:26.852 Df sensemobile[22550:108dd] [com.apple.network:connection] [C8 Hostname#f17f9367:443 initial parent-flow ((null))] event: path:start @0.000s
2026-08-22 18:31:26.853 Df sensemobile[22550:108dd] [com.apple.network:connection] [C8 Hostname#f17f9367:443 waiting parent-flow (satisfied (Path is satisfied), interface: en0)] event: path:satisfied @0.000s, uuid: D4D55E3D-F78D-4E90-9C86-7E1816A24B4D
2026-08-22 18:31:26.853 Df sensemobile[22550:108dd] [com.apple.network:connection] [C8 Hostname#f17f9367:443 in_progress parent-flow (satisfied (Path is satisfied), interface: en0)] event: flow:start_connect @0.000s
2026-08-22 18:31:26.853 Df sensemobile[22550:108dd] [com.apple.network:connection] nw_connection_report_state_with_handler_on_nw_queue [C8] reporting state preparing
2026-08-22 18:31:26.853 Df sensemobile[22550:108dd] [com.apple.network:connection] [C8 Hostname#f17f9367:443 in_progress parent-flow (satisfied (Path is satisfied), interface: en0)] event: flow:start_child @0.000s
2026-08-22 18:31:26.853 Df sensemobile[22550:108dd] [com.apple.network:connection] [C8.1 Hostname#f17f9367:443 initial path ((null))] event: path:start @0.001s
2026-08-22 18:31:26.853 Df sensemobile[22550:108dd] [com.apple.network:connection] [C8.1 Hostname#f17f9367:443 waiting path (satisfied (Path is satisfied), interface: en0)] event: path:satisfied @0.001s, uuid: D4D55E3D-F78D-4E90-9C86-7E1816A24B4D
2026-08-22 18:31:26.853 Df sensemobile[22550:108dd] [com.apple.network:connection] [C8.1 Hostname#f17f9367:443 in_progress transform (satisfied (Path is satisfied), interface: en0)] event: transform:start @0.001s
2026-08-22 18:31:26.854 Df sensemobile[22550:108dd] [com.apple.network:connection] [C8.1.1 Hostname#f17f9367:443 initial path ((null))] event: path:start @0.001s
2026-08-22 18:31:26.854 Df sensemobile[22550:108dd] [com.apple.network:connection] [C8.1.1 Hostname#f17f9367:443 waiting path (satisfied (Path is satisfied), interface: en0)] event: path:satisfied @0.001s, uuid: 06FD103D-BB28-4C72-BF01-C8F883572425
2026-08-22 18:31:26.854 Df sensemobile[22550:108dd] [com.apple.network:connection] [C8.1.1 Hostname#f17f9367:443 in_progress resolver (satisfied (Path is satisfied), interface: en0)] event: resolver:start_dns @0.001s
2026-08-22 18:31:26.855 Df sensemobile[22550:108dd] [com.apple.CFNetwork:Default] Task <CBCCB7FC-40C2-4B6D-9038-732F10A22868>.<9> setting up Connection 8
2026-08-22 18:31:26.856 Df sensemobile[22550:108dd] [com.apple.network:connection] nw_endpoint_resolver_update [C8.1.1 Hostname#f17f9367:443 in_progress resolver (satisfied (Path is satisfied), interface: en0)] Adding endpoint handler for IPv4#708bde87:443
2026-08-22 18:31:26.856 Df sensemobile[22550:108dd] [com.apple.network:connection] nw_endpoint_resolver_update [C8.1.1 Hostname#f17f9367:443 in_progress resolver (satisfied (Path is satisfied), interface: en0)] Adding endpoint handler for IPv4#932b2ff2:443
2026-08-22 18:31:26.856 Df sensemobile[22550:108dd] [com.apple.network:connection] nw_endpoint_resolver_update [C8.1.1 Hostname#f17f9367:443 in_progress resolver (satisfied (Path is satisfied), interface: en0)] Adding endpoint handler for IPv4#14efe7a3:443
2026-08-22 18:31:26.856 Df sensemobile[22550:108dd] [com.apple.network:connection] nw_endpoint_resolver_update [C8.1.1 Hostname#f17f9367:443 in_progress resolver (satisfied (Path is satisfied), interface: en0)] Adding endpoint handler for IPv4#e7bbb6ff:443
2026-08-22 18:31:26.856 Df sensemobile[22550:108dd] [com.apple.network:connection] nw_endpoint_resolver_update [C8.1.1 Hostname#f17f9367:443 in_progress resolver (satisfied (Path is satisfied), interface: en0)] Adding endpoint handler for IPv4#50079779:443
2026-08-22 18:31:26.856 Df sensemobile[22550:108dd] [com.apple.network:connection] nw_endpoint_resolver_update [C8.1.1 Hostname#f17f9367:443 in_progress resolver (satisfied (Path is satisfied), interface: en0)] Adding endpoint handler for IPv4#50491c5d:443
2026-08-22 18:31:26.856 Df sensemobile[22550:108dd] [com.apple.network:connection] nw_endpoint_resolver_update [C8.1.1 Hostname#f17f9367:443 in_progress resolver (satisfied (Path is satisfied), interface: en0)] Adding endpoint handler for IPv4#efb179c6:443
2026-08-22 18:31:26.856 Df sensemobile[22550:108dd] [com.apple.network:connection] nw_endpoint_resolver_update [C8.1.1 Hostname#f17f9367:443 in_progress resolver (satisfied (Path is satisfied), interface: en0)] Adding endpoint handler for IPv4#0574c151:443
2026-08-22 18:31:26.856 Df sensemobile[22550:108dd] [com.apple.network:connection] [C8.1.1 Hostname#f17f9367:443 in_progress resolver (satisfied (Path is satisfied), interface: en0)] event: resolver:receive_dns @0.004s
2026-08-22 18:31:26.857 Df sensemobile[22550:108dd] [com.apple.network:connection] [C8.1.1.1 IPv4#708bde87:443 initial path ((null))] event: path:start @0.004s
2026-08-22 18:31:26.857 Df sensemobile[22550:108dd] [com.apple.network:connection] [C8.1.1.1 IPv4#708bde87:443 waiting path (satisfied (Path is satisfied), interface: en0)] event: path:satisfied @0.004s, uuid: D5544052-291C-4034-B708-A0247EAF381C
2026-08-22 18:31:26.858 Df sensemobile[22550:108dd] [com.apple.network:connection] [C8.1.1.1 IPv4#708bde87:443 in_progress socket-flow (satisfied (Path is satisfied), interface: en0)] event: flow:start_connect @0.005s
2026-08-22 18:31:26.962 Df sensemobile[22550:108dd] [com.apple.network:connection] [C8.1.1.2 IPv4#932b2ff2:443 initial path ((null))] event: path:start @0.109s
2026-08-22 18:31:26.962 Df sensemobile[22550:108dd] [com.apple.network:connection] [C8.1.1.2 IPv4#932b2ff2:443 waiting path (satisfied (Path is satisfied), interface: en0)] event: path:satisfied @0.109s, uuid: 2CED4C6D-E605-4032-89B3-DD4096023FC8
2026-08-22 18:31:26.963 Df sensemobile[22550:108dd] [com.apple.network:connection] [C8.1.1.2 IPv4#932b2ff2:443 in_progress socket-flow (satisfied (Path is satisfied), interface: en0)] event: flow:start_connect @0.110s
2026-08-22 18:31:27.065 Df sensemobile[22550:108dd] [com.apple.network:connection] [C8.1.1.3 IPv4#14efe7a3:443 initial path ((null))] event: path:start @0.212s
2026-08-22 18:31:27.065 Df sensemobile[22550:108dd] [com.apple.network:connection] [C8.1.1.3 IPv4#14efe7a3:443 waiting path (satisfied (Path is satisfied), interface: en0)] event: path:satisfied @0.213s, uuid: F2C89BD5-36D4-4807-9F19-6170A88A50B0
2026-08-22 18:31:27.066 Df sensemobile[22550:108dd] [com.apple.network:connection] [C8.1.1.3 IPv4#14efe7a3:443 in_progress socket-flow (satisfied (Path is satisfied), interface: en0)] event: flow:start_connect @0.213s
2026-08-22 18:31:27.172 Df sensemobile[22550:108dd] [com.apple.network:connection] [C8.1.1.4 IPv4#e7bbb6ff:443 initial path ((null))] event: path:start @0.319s
2026-08-22 18:31:27.172 Df sensemobile[22550:108dd] [com.apple.network:connection] [C8.1.1.4 IPv4#e7bbb6ff:443 waiting path (satisfied (Path is satisfied), interface: en0)] event: path:satisfied @0.319s, uuid: EF0CDE83-4EA1-4A81-AE25-B6A2C94C449F
2026-08-22 18:31:27.173 Df sensemobile[22550:108dd] [com.apple.network:connection] [C8.1.1.4 IPv4#e7bbb6ff:443 in_progress socket-flow (satisfied (Path is satisfied), interface: en0)] event: flow:start_connect @0.320s
2026-08-22 18:31:27.278 Df sensemobile[22550:108dd] [com.apple.network:connection] [C8.1.1.5 IPv4#50079779:443 initial path ((null))] event: path:start @0.425s
2026-08-22 18:31:27.278 Df sensemobile[22550:108dd] [com.apple.network:connection] [C8.1.1.5 IPv4#50079779:443 waiting path (satisfied (Path is satisfied), interface: en0)] event: path:satisfied @0.425s, uuid: FCE4DAC7-4AD5-4562-802B-9406D8C72C44
2026-08-22 18:31:27.279 Df sensemobile[22550:108dd] [com.apple.network:connection] [C8.1.1.5 IPv4#50079779:443 in_progress socket-flow (satisfied (Path is satisfied), interface: en0)] event: flow:start_connect @0.426s
2026-08-22 18:31:27.386 Df sensemobile[22550:108dd] [com.apple.network:connection] [C8.1.1.6 IPv4#50491c5d:443 initial path ((null))] event: path:start @0.533s
2026-08-22 18:31:27.386 Df sensemobile[22550:108dd] [com.apple.network:connection] [C8.1.1.6 IPv4#50491c5d:443 waiting path (satisfied (Path is satisfied), interface: en0)] event: path:satisfied @0.533s, uuid: EACDCDF9-496D-4644-8D38-4AD6F879FF7F
2026-08-22 18:31:27.386 Df sensemobile[22550:108dd] [com.apple.network:connection] [C8.1.1.6 IPv4#50491c5d:443 in_progress socket-flow (satisfied (Path is satisfied), interface: en0)] event: flow:start_connect @0.533s
2026-08-22 18:31:27.492 Df sensemobile[22550:108dd] [com.apple.network:connection] [C8.1.1.7 IPv4#efb179c6:443 initial path ((null))] event: path:start @0.639s
2026-08-22 18:31:27.492 Df sensemobile[22550:108dd] [com.apple.network:connection] [C8.1.1.7 IPv4#efb179c6:443 waiting path (satisfied (Path is satisfied), interface: en0)] event: path:satisfied @0.639s, uuid: 55BB2C8D-65E1-46A7-A9B5-B4C42923DA68
2026-08-22 18:31:27.493 Df sensemobile[22550:108dd] [com.apple.network:connection] [C8.1.1.7 IPv4#efb179c6:443 in_progress socket-flow (satisfied (Path is satisfied), interface: en0)] event: flow:start_connect @0.640s
2026-08-22 18:31:27.600 Df sensemobile[22550:108dd] [com.apple.network:connection] [C8.1.1.8 IPv4#0574c151:443 initial path ((null))] event: path:start @0.747s
2026-08-22 18:31:27.601 Df sensemobile[22550:108dd] [com.apple.network:connection] [C8.1.1.8 IPv4#0574c151:443 waiting path (satisfied (Path is satisfied), interface: en0)] event: path:satisfied @0.747s, uuid: 95627998-1EF2-4D32-AAFB-0F1E0E9EF330
2026-08-22 18:31:27.601 Df sensemobile[22550:108dd] [com.apple.network:connection] [C8.1.1.8 IPv4#0574c151:443 in_progress socket-flow (satisfied (Path is satisfied), interface: en0)] event: flow:start_connect @0.748s
Child process terminated with signal 15: Terminated
